area_name,lea_name,county,population_2022,age_0_14,age_15_34,age_35_64,age_65_plus,age_0_14_pct,age_15_34_pct,age_35_64_pct,age_65_plus_pct,birthplace_total,born_ireland,born_uk,born_poland,born_india,born_other_eu,born_rest_world,birthplace_not_stated,born_outside_ireland,born_ireland_pct,born_outside_ireland_pct,born_uk_pct,born_poland_pct,born_india_pct,born_other_eu_pct,born_rest_world_pct,birthplace_not_stated_pct,citizenship_total,citizen_ireland,citizen_uk,citizen_poland,citizen_india,citizen_other_eu,citizen_rest_world,citizenship_not_stated,non_irish_citizenship,citizen_ireland_pct,non_irish_citizenship_pct,citizen_uk_pct,citizen_poland_pct,citizen_india_pct,citizen_other_eu_pct,citizen_rest_world_pct,citizenship_not_stated_pct,ethnicity_white_irish,ethnicity_white_irish_traveller,ethnicity_other_white,ethnicity_black_or_black_irish,ethnicity_asian_or_asian_irish,ethnicity_other,ethnicity_not_stated,ethnicity_total,ethnicity_white_irish_pct,ethnicity_white_irish_traveller_pct,ethnicity_other_white_pct,ethnicity_black_or_black_irish_pct,ethnicity_asian_or_asian_irish_pct,ethnicity_other_pct,ethnicity_not_stated_pct,religion_catholic,religion_other,religion_none,religion_not_stated,religion_total,religion_catholic_pct,religion_other_pct,religion_none_pct,religion_not_stated_pct,language_spanish,language_french,language_polish,language_other_incl_not_stated,foreign_language_speakers,language_total,language_spanish_pct,language_french_pct,language_polish_pct,language_other_incl_not_stated_pct,foreign_language_speakers_pct,families_household_size_2_persons,families_household_size_3_persons,families_household_size_4_persons,families_household_size_5_persons,families_household_size_6_plus_persons,families_household_size_total,families_household_size_2_persons_pct,families_household_size_3_persons_pct,families_household_size_4_persons_pct,families_household_size_5_persons_pct,families_household_size_6_plus_persons_pct,persons_household_size_2_persons,persons_household_size_3_persons,persons_household_size_4_persons,persons_household_size_5_persons,persons_household_size_6_plus_persons,persons_household_size_total,persons_household_size_2_persons_pct,persons_household_size_3_persons_pct,persons_household_size_4_persons_pct,persons_household_size_5_persons_pct,persons_household_size_6_plus_persons_pct,children_household_size_2_persons,children_household_size_3_persons,children_household_size_4_persons,children_household_size_5_persons,children_household_size_6_plus_persons,children_household_size_total,children_household_size_2_persons_pct,children_household_size_3_persons_pct,children_household_size_4_persons_pct,children_household_size_5_persons_pct,children_household_size_6_plus_persons_pct,families_total,families_2_person_households,families_3_person_households,families_4_person_households,families_5_person_households,families_6_plus_person_households,families_2_person_households_pct,families_3_person_households_pct,families_4_person_households_pct,families_5_person_households_pct,families_6_plus_person_households_pct,status_at_work,status_looking_first_job,status_short_term_unemployed,status_long_term_unemployed,status_student,status_home_family,status_retired,status_unable_to_work,status_other,status_total_15_plus,status_unemployed,status_at_work_pct,status_student_pct,status_retired_pct,status_home_family_pct,status_unable_to_work_pct,status_looking_first_job_pct,status_short_term_unemployed_pct,status_long_term_unemployed_pct,status_unemployed_pct,status_other_pct
"Adare-Rathkeale, Limerick",Adare-Rathkeale,Limerick,29311,5782,6254,12077,5198,19.7,21.3,41.2,17.7,28848,25977,1412,209,103,367,780,0,2871,90.0,10.0,4.9,0.7,0.4,1.3,2.7,0.0,28848,26582,337,188,96,363,353,929,1337,92.1,4.6,1.2,0.7,0.3,1.3,1.2,3.2,24926,568,1162,68,328,173,1623,28848,86.4,2.0,4.0,0.2,1.1,0.6,5.6,23456,1519,2505,1831,29311,80.0,5.2,8.5,6.2,110,218,254,1049,1631,1631,0.4,0.7,0.9,3.6,5.6,2913,1584,1716,919,336,7468,39.0,21.2,23.0,12.3,4.5,5826,4752,6864,4595,2095,24132,24.1,19.7,28.4,19.0,8.7,583,1870,3534,2783,1434,10204,5.7,18.3,34.6,27.3,14.1,7468,2913,1584,1716,919,336,39.0,21.2,23.0,12.3,4.5,12957,144,321,410,2591,1621,4230,1171,84,23529,875,55.1,11.0,18.0,6.9,5.0,0.6,1.4,1.7,3.7,0.4
"Ardee, Louth",Ardee,Louth,27034,5638,6276,11243,3877,20.9,23.2,41.6,14.3,26888,23258,1852,281,96,637,764,0,3630,86.5,13.5,6.9,1.0,0.4,2.4,2.8,0.0,26888,24608,356,255,69,611,351,638,1642,91.5,6.1,1.3,0.9,0.3,2.3,1.3,2.4,23420,50,1475,273,273,269,1128,26888,87.1,0.2,5.5,1.0,1.0,1.0,4.2,21636,1473,2772,1153,27034,80.0,5.4,10.3,4.3,100,246,334,1462,2142,2142,0.4,0.9,1.2,5.4,7.9,2626,1629,1613,904,333,7105,37.0,22.9,22.7,12.7,4.7,5252,4887,6452,4520,2084,23195,22.6,21.1,27.8,19.5,9.0,688,1983,3356,2741,1428,10196,6.7,19.4,32.9,26.9,14.0,7105,2626,1629,1613,904,333,37.0,22.9,22.7,12.7,4.7,11941,182,324,518,2428,1573,3223,1076,131,21396,1024,55.8,11.3,15.1,7.4,5.0,0.9,1.5,2.4,4.8,0.6
"Arklow, Wicklow",Arklow,Wicklow,27866,5686,6076,11867,4237,20.4,21.8,42.6,15.2,27599,23481,1467,690,133,776,1052,0,4118,85.1,14.9,5.3,2.5,0.5,2.8,3.8,0.0,27599,24501,485,602,71,715,444,781,2317,88.8,8.4,1.8,2.2,0.3,2.6,1.6,2.8,22892,187,2416,134,498,291,1181,27599,82.9,0.7,8.8,0.5,1.8,1.1,4.3,19234,2894,4374,1364,27866,69.0,10.4,15.7,4.9,141,197,841,1788,2967,2967,0.5,0.7,3.0,6.4,10.6,3036,1695,1673,766,280,7450,40.8,22.8,22.5,10.3,3.8,6072,5085,6692,3830,1769,23448,25.9,21.7,28.5,16.3,7.5,823,2154,3514,2331,1219,10041,8.2,21.5,35.0,23.2,12.1,7450,3036,1695,1673,766,280,40.8,22.8,22.5,10.3,3.8,11778,199,416,706,2259,1827,3502,1314,179,22180,1321,53.1,10.2,15.8,8.2,5.9,0.9,1.9,3.2,6.0,0.8
"Artane-Whitehall, Dublin City",Artane-Whitehall,Dublin City,52137,8715,14318,19876,9228,16.7,27.5,38.1,17.7,51630,43050,1650,444,918,2125,3443,0,8580,83.4,16.6,3.2,0.9,1.8,4.1,6.7,0.0,51630,43479,360,387,740,2052,2063,2549,5602,84.2,10.9,0.7,0.7,1.4,4.0,4.0,4.9,39427,535,3605,690,2360,1094,3919,51630,76.4,1.0,7.0,1.3,4.6,2.1,7.6,35002,4764,8218,4153,52137,67.1,9.1,15.8,8.0,516,367,511,5904,7298,7298,1.0,0.7,1.0,11.3,14.0,5587,3097,2484,1029,387,12584,44.4,24.6,19.7,8.2,3.1,11174,9291,9936,5145,2468,38014,29.4,24.4,26.1,13.5,6.5,1799,4031,5302,3195,1729,16056,11.2,25.1,33.0,19.9,10.8,12584,5587,3097,2484,1029,387,44.4,24.6,19.7,8.2,3.1,23311,388,804,1387,4231,2605,8216,2245,235,43422,2579,53.7,9.7,18.9,6.0,5.2,0.9,1.9,3.2,5.9,0.5
"Ashbourne, Meath",Ashbourne,Meath,33516,8028,7487,13976,4025,24.0,22.3,41.7,12.0,33172,27030,1319,803,234,1934,1852,0,6142,81.5,18.5,4.0,2.4,0.7,5.8,5.6,0.0,33172,28320,369,661,143,1939,885,855,3997,85.4,12.0,1.1,2.0,0.4,5.8,2.7,2.6,25888,31,4081,460,777,711,1224,33172,78.0,0.1,12.3,1.4,2.3,2.1,3.7,23683,3448,4887,1498,33516,70.7,10.3,14.6,4.5,321,260,1042,4212,5835,5835,1.0,0.8,3.1,12.6,17.4,2938,1989,2370,1117,330,8744,33.6,22.7,27.1,12.8,3.8,5876,5967,9480,5585,2078,28986,20.3,20.6,32.7,19.3,7.2,639,2331,4856,3389,1431,12646,5.1,18.4,38.4,26.8,11.3,8744,2938,1989,2370,1117,330,33.6,22.7,27.1,12.8,3.8,15779,172,367,492,2681,1677,3328,832,160,25488,1031,61.9,10.5,13.1,6.6,3.3,0.7,1.4,1.9,4.0,0.6
"Athenry-Oranmore, Galway County",Athenry-Oranmore,Galway County,35105,7962,7477,15081,4585,22.7,21.3,43.0,13.1,34833,29428,2025,907,239,851,1383,0,5405,84.5,15.5,5.8,2.6,0.7,2.4,4.0,0.0,34833,31302,490,791,167,788,590,705,2826,89.9,8.1,1.4,2.3,0.5,2.3,1.7,2.0,29294,412,2741,217,621,459,1089,34833,84.1,1.2,7.9,0.6,1.8,1.3,3.1,27941,1673,4121,1370,35105,79.6,4.8,11.7,3.9,229,308,1170,2081,3788,3788,0.7,0.9,3.3,5.9,10.8,3247,2018,2316,1256,382,9219,35.2,21.9,25.1,13.6,4.1,6494,6054,9264,6280,2399,30491,21.3,19.9,30.4,20.6,7.9,624,2353,4770,3795,1644,13186,4.7,17.8,36.2,28.8,12.5,9219,3247,2018,2316,1256,382,35.2,21.9,25.1,13.6,4.1,16685,145,364,493,3130,1572,3708,907,139,27143,1002,61.5,11.5,13.7,5.8,3.3,0.5,1.3,1.8,3.7,0.5
"Athlone, Roscommon",Athlone,Roscommon,21130,4458,4540,8902,3230,21.1,21.5,42.1,15.3,20901,18116,1090,472,101,443,679,0,2785,86.7,13.3,5.2,2.3,0.5,2.1,3.2,0.0,20901,19099,289,396,63,385,288,381,1421,91.4,6.8,1.4,1.9,0.3,1.8,1.4,1.8,17867,122,1482,236,244,212,738,20901,85.5,0.6,7.1,1.1,1.2,1.0,3.5,17481,1160,1701,788,21130,82.7,5.5,8.1,3.7,67,156,594,1207,2024,2024,0.3,0.7,2.8,5.7,9.6,1962,1323,1271,717,272,5545,35.4,23.9,22.9,12.9,4.9,3924,3969,5084,3585,1703,18265,21.5,21.7,27.8,19.6,9.3,430,1554,2614,2162,1166,7926,5.4,19.6,33.0,27.3,14.7,5545,1962,1323,1271,717,272,35.4,23.9,22.9,12.9,4.9,9609,101,209,327,1952,1114,2624,626,110,16672,637,57.6,11.7,15.7,6.7,3.8,0.6,1.3,2.0,3.8,0.7
"Athlone, Westmeath",Athlone,Westmeath,24308,4608,6316,9628,3756,19.0,26.0,39.6,15.5,24078,18299,1052,675,825,1066,2161,0,5779,76.0,24.0,4.4,2.8,3.4,4.4,9.0,0.0,24078,19068,272,591,727,1016,1421,983,4027,79.2,16.7,1.1,2.5,3.0,4.2,5.9,4.1,16833,277,2279,589,1544,563,1993,24078,69.9,1.2,9.5,2.4,6.4,2.3,8.3,16053,3019,3009,2227,24308,66.0,12.4,12.4,9.2,212,195,766,3375,4548,4548,0.9,0.8,3.2,13.9,18.7,2558,1321,1212,525,206,5822,43.9,22.7,20.8,9.0,3.5,5116,3963,4848,2625,1304,17856,28.7,22.2,27.2,14.7,7.3,631,1588,2514,1601,909,7243,8.7,21.9,34.7,22.1,12.6,5822,2558,1321,1212,525,206,43.9,22.7,20.8,9.0,3.5,10586,239,365,658,2107,1288,3226,1069,162,19700,1262,53.7,10.7,16.4,6.5,5.4,1.2,1.9,3.3,6.4,0.8
"Athy, Kildare",Athy,Kildare,28641,6134,6751,11904,3852,21.4,23.6,41.6,13.4,28485,24294,1273,629,96,896,1297,0,4191,85.3,14.7,4.5,2.2,0.3,3.1,4.6,0.0,28485,25344,386,550,59,889,568,689,2452,89.0,8.6,1.4,1.9,0.2,3.1,2.0,2.4,23374,179,2354,577,425,353,1223,28485,82.1,0.6,8.3,2.0,1.5,1.2,4.3,21026,2796,3438,1381,28641,73.4,9.8,12.0,4.8,129,243,743,2289,3404,3404,0.5,0.8,2.6,8.0,11.9,2725,1713,1715,908,360,7421,36.7,23.1,23.1,12.2,4.9,5450,5139,6860,4540,2275,24264,22.5,21.2,28.3,18.7,9.4,796,2152,3607,2779,1569,10903,7.3,19.7,33.1,25.5,14.4,7421,2725,1713,1715,908,360,36.7,23.1,23.1,12.2,4.9,12055,251,440,735,2455,1961,3176,1239,195,22507,1426,53.6,10.9,14.1,8.7,5.5,1.1,2.0,3.3,6.3,0.9
"Bailieborough-Cootehill, Cavan",Bailieborough-Cootehill,Cavan,26209,5831,5800,10522,4056,22.2,22.1,40.1,15.5,26050,22553,1470,434,52,835,706,0,3497,86.6,13.4,5.6,1.7,0.2,3.2,2.7,0.0,26050,23166,380,399,44,782,336,943,1941,88.9,7.5,1.5,1.5,0.2,3.0,1.3,3.6,21802,109,1928,120,220,211,1660,26050,83.7,0.4,7.4,0.5,0.8,0.8,6.4,20273,2457,1678,1801,26209,77.4,9.4,6.4,6.9,81,145,513,1504,2243,2243,0.3,0.6,2.0,5.7,8.6,2486,1426,1441,928,384,6665,37.3,21.4,21.6,13.9,5.8,4972,4278,5764,4640,2442,22096,22.5,19.4,26.1,21.0,11.1,559,1671,3002,2808,1683,9723,5.7,17.2,30.9,28.9,17.3,6665,2486,1426,1441,928,384,37.3,21.4,21.6,13.9,5.8,11599,148,316,521,1994,1536,3200,917,147,20378,985,56.9,9.8,15.7,7.5,4.5,0.7,1.6,2.6,4.8,0.7
"Balbriggan, Fingal",Balbriggan,Fingal,40476,9631,9438,17021,4386,23.8,23.3,42.1,10.8,40206,30434,1747,1398,370,2644,3613,0,9772,75.7,24.3,4.3,3.5,0.9,6.6,9.0,0.0,40206,33462,503,1173,223,2420,1467,958,5786,83.2,14.4,1.3,2.9,0.6,6.0,3.6,2.4,27320,226,5847,2573,1401,1109,1730,40206,68.0,0.6,14.5,6.4,3.5,2.8,4.3,24939,6296,7111,2130,40476,61.6,15.6,17.6,5.3,439,602,1722,6959,9722,9722,1.1,1.5,4.3,17.2,24.0,3715,2541,2728,1218,483,10685,34.8,23.8,25.5,11.4,4.5,7430,7623,10912,6090,3044,35099,21.2,21.7,31.1,17.4,8.7,1118,3226,5745,3743,2103,15935,7.0,20.2,36.1,23.5,13.2,10685,3715,2541,2728,1218,483,34.8,23.8,25.5,11.4,4.5,17509,320,612,822,3945,2225,3935,1317,160,30845,1754,56.8,12.8,12.8,7.2,4.3,1.0,2.0,2.7,5.7,0.5
"Ballina, Mayo",Ballina,Mayo,25858,5106,5423,10349,4980,19.7,21.0,40.0,19.3,25602,21872,2152,535,67,289,687,0,3730,85.4,14.6,8.4,2.1,0.3,1.1,2.7,0.0,25602,23524,567,453,55,251,306,446,1632,91.9,6.4,2.2,1.8,0.2,1.0,1.2,1.7,22275,521,1667,40,261,231,607,25602,87.0,2.0,6.5,0.2,1.0,0.9,2.4,21801,1353,2006,698,25858,84.3,5.2,7.8,2.7,72,142,669,957,1840,1840,0.3,0.5,2.6,3.7,7.1,2840,1455,1328,741,370,6734,42.2,21.6,19.7,11.0,5.5,5680,4365,5312,3705,2379,21441,26.5,20.4,24.8,17.3,11.1,701,1771,2773,2265,1652,9162,7.7,19.3,30.3,24.7,18.0,6734,2840,1455,1328,741,370,42.2,21.6,19.7,11.0,5.5,10536,243,354,752,1948,1484,4176,1088,171,20752,1349,50.8,9.4,20.1,7.2,5.2,1.2,1.7,3.6,6.5,0.8
"Ballinamore, Leitrim",Ballinamore,Leitrim,10879,2135,2206,4381,2157,19.6,20.3,40.3,19.8,10683,8678,1061,219,8,276,441,0,2005,81.2,18.8,9.9,2.0,0.1,2.6,4.1,0.0,10683,9325,477,189,8,263,215,206,1152,87.3,10.8,4.5,1.8,0.1,2.5,2.0,1.9,8930,6,1122,103,59,131,332,10683,83.6,0.1,10.5,1.0,0.6,1.2,3.1,8510,851,1108,410,10879,78.2,7.8,10.2,3.8,45,78,270,530,923,923,0.4,0.7,2.5,4.9,8.5,1199,591,527,328,164,2809,42.7,21.0,18.8,11.7,5.8,2398,1773,2108,1640,1027,8946,26.8,19.8,23.6,18.3,11.5,241,686,1099,998,706,3730,6.5,18.4,29.5,26.8,18.9,2809,1199,591,527,328,164,42.7,21.0,18.8,11.7,5.8,4497,77,137,233,862,662,1701,493,82,8744,447,51.4,9.9,19.5,7.6,5.6,0.9,1.6,2.7,5.1,0.9
"Ballinasloe, Galway County",Ballinasloe,Galway County,29855,6064,6253,11658,5880,20.3,20.9,39.0,19.7,29636,25661,1788,520,198,466,1003,0,3975,86.6,13.4,6.0,1.8,0.7,1.6,3.4,0.0,29636,26734,538,444,189,433,569,729,2173,90.2,7.3,1.8,1.5,0.6,1.5,1.9,2.5,24835,816,1817,189,517,323,1139,29636,83.8,2.8,6.1,0.6,1.7,1.1,3.8,24697,1777,2110,1271,29855,82.7,6.0,7.1,4.3,69,236,607,1576,2488,2488,0.2,0.8,2.0,5.3,8.3,2936,1597,1625,920,452,7530,39.0,21.2,21.6,12.2,6.0,5872,4791,6500,4600,2918,24681,23.8,19.4,26.3,18.6,11.8,627,1897,3361,2804,2029,10718,5.8,17.7,31.4,26.2,18.9,7530,2936,1597,1625,920,452,39.0,21.2,21.6,12.2,6.0,12403,205,347,622,2318,1877,4624,1232,163,23791,1174,52.1,9.7,19.4,7.9,5.2,0.9,1.5,2.6,4.9,0.7
"Ballybay-Clones, Monaghan",Ballybay-Clones,Monaghan,18421,4114,4003,7206,3098,22.3,21.7,39.1,16.8,18288,14998,1883,87,7,813,500,0,3290,82.0,18.0,10.3,0.5,0.0,4.4,2.7,0.0,18288,16643,218,83,7,807,319,211,1434,91.0,7.8,1.2,0.5,0.0,4.4,1.7,1.2,16213,70,1283,94,133,166,329,18288,88.7,0.4,7.0,0.5,0.7,0.9,1.8,14552,2455,1063,351,18421,79.0,13.3,5.8,1.9,28,128,96,1319,1571,1571,0.2,0.7,0.5,7.2,8.5,1735,953,1016,648,353,4705,36.9,20.3,21.6,13.8,7.5,3470,2859,4064,3240,2242,15875,21.9,18.0,25.6,20.4,14.1,400,1124,2114,1975,1545,7158,5.6,15.7,29.5,27.6,21.6,4705,1735,953,1016,648,353,36.9,20.3,21.6,13.8,7.5,7970,96,198,311,1471,1117,2392,673,79,14307,605,55.7,10.3,16.7,7.8,4.7,0.7,1.4,2.2,4.2,0.6
"Ballyfermot-Drimnagh, Dublin City",Ballyfermot-Drimnagh,Dublin City,48563,8401,13301,19913,6948,17.3,27.4,41.0,14.3,48280,40512,1326,774,520,1877,3271,0,7768,83.9,16.1,2.7,1.6,1.1,3.9,6.8,0.0,48280,39923,359,700,482,1878,1846,3092,5265,82.7,10.9,0.7,1.4,1.0,3.9,3.8,6.4,34719,424,3221,871,1681,950,6414,48280,71.9,0.9,6.7,1.8,3.5,2.0,13.3,29773,4330,7680,6780,48563,61.3,8.9,15.8,14.0,442,349,713,4714,6218,6218,0.9,0.7,1.5,9.7,12.8,5004,2753,2097,798,392,11044,45.3,24.9,19.0,7.2,3.5,10008,8259,8388,3990,2556,33201,30.1,24.9,25.3,12.0,7.7,1851,3701,4566,2495,1829,14442,12.8,25.6,31.6,17.3,12.7,11044,5004,2753,2097,798,392,45.3,24.9,19.0,7.2,3.5,22382,403,843,1507,3378,2433,6048,2669,499,40162,2753,55.7,8.4,15.1,6.1,6.6,1.0,2.1,3.8,6.9,1.2
"Ballyjamesduff, Cavan",Ballyjamesduff,Cavan,27980,6043,6556,11332,4049,21.6,23.4,40.5,14.5,27716,22986,1714,452,74,1247,1243,0,4730,82.9,17.1,6.2,1.6,0.3,4.5,4.5,0.0,27716,24326,510,416,63,1126,680,595,2795,87.8,10.1,1.8,1.5,0.2,4.1,2.5,2.1,23043,47,2726,298,318,387,897,27716,83.1,0.2,9.8,1.1,1.1,1.4,3.2,21470,2892,2603,1015,27980,76.7,10.3,9.3,3.6,89,203,588,2429,3309,3309,0.3,0.7,2.1,8.7,11.8,2596,1522,1613,973,475,7179,36.2,21.2,22.5,13.6,6.6,5192,4566,6452,4865,2986,24061,21.6,19.0,26.8,20.2,12.4,562,1859,3352,2967,2045,10785,5.2,17.2,31.1,27.5,19.0,7179,2596,1522,1613,973,475,36.2,21.2,22.5,13.6,6.6,12326,180,366,538,2498,1748,3220,899,162,21937,1084,56.2,11.4,14.7,8.0,4.1,0.8,1.7,2.5,4.9,0.7
"Ballymahon, Longford",Ballymahon,Longford,17922,3681,4241,7412,2588,20.5,23.7,41.4,14.4,17768,14431,993,555,66,876,847,0,3337,81.2,18.8,5.6,3.1,0.4,4.9,4.8,0.0,17768,13483,368,485,46,852,469,2065,2220,75.9,12.5,2.1,2.7,0.3,4.8,2.6,11.6,12018,139,1799,273,252,291,2996,17768,67.6,0.8,10.1,1.5,1.4,1.6,16.9,12045,1343,1415,3119,17922,67.2,7.5,7.9,17.4,90,110,598,1505,2303,2303,0.5,0.6,3.3,8.4,12.9,1445,816,831,443,175,3710,38.9,22.0,22.4,11.9,4.7,2890,2448,3324,2215,1126,12003,24.1,20.4,27.7,18.5,9.4,319,978,1732,1362,788,5179,6.2,18.9,33.4,26.3,15.2,3710,1445,816,831,443,175,38.9,22.0,22.4,11.9,4.7,7955,144,264,386,1532,990,2117,741,112,14241,794,55.9,10.8,14.9,7.0,5.2,1.0,1.9,2.7,5.6,0.8
"Ballymote-Tobercurry, Sligo",Ballymote-Tobercurry,Sligo,28449,5819,5523,11681,5426,20.5,19.4,41.1,19.1,28176,24067,2502,354,47,474,732,0,4109,85.4,14.6,8.9,1.3,0.2,1.7,2.6,0.0,28176,25528,919,320,34,424,339,612,2036,90.6,7.2,3.3,1.1,0.1,1.5,1.2,2.2,24444,116,1994,188,195,188,1051,28176,86.8,0.4,7.1,0.7,0.7,0.7,3.7,22635,1885,2781,1148,28449,79.6,6.6,9.8,4.0,120,235,420,1032,1807,1807,0.4,0.8,1.5,3.6,6.4,3027,1473,1501,909,397,7307,41.4,20.2,20.5,12.4,5.4,6054,4419,6004,4545,2523,23545,25.7,18.8,25.5,19.3,10.7,652,1780,3120,2773,1738,10063,6.5,17.7,31.0,27.6,17.3,7307,3027,1473,1501,909,397,41.4,20.2,20.5,12.4,5.4,12156,133,371,564,2335,1309,4524,1148,90,22630,1068,53.7,10.3,20.0,5.8,5.1,0.6,1.6,2.5,4.7,0.4
"Ballymun-Finglas, Dublin City",Ballymun-Finglas,Dublin City,56305,9980,15527,22384,8414,17.7,27.6,39.8,14.9,56021,47513,1609,961,536,2339,3063,0,8508,84.8,15.2,2.9,1.7,1.0,4.2,5.5,0.0,56021,47371,370,869,392,2319,1690,3010,5640,84.6,10.1,0.7,1.6,0.7,4.1,3.0,5.4,40091,642,3893,816,1762,858,7959,56021,71.6,1.1,6.9,1.5,3.1,1.5,14.2,35784,4373,7731,8417,56305,63.6,7.8,13.7,14.9,403,303,912,5349,6967,6967,0.7,0.5,1.6,9.5,12.4,5498,3327,2604,1116,425,12970,42.4,25.7,20.1,8.6,3.3,10996,9981,10416,5580,2706,39679,27.7,25.2,26.3,14.1,6.8,2224,4541,5703,3494,1921,17883,12.4,25.4,31.9,19.5,10.7,12970,5498,3327,2604,1116,425,42.4,25.7,20.1,8.6,3.3,24771,468,1008,2124,4527,2890,7382,2881,274,46325,3600,53.5,9.8,15.9,6.2,6.2,1.0,2.2,4.6,7.8,0.6
"Baltinglass, Wicklow",Baltinglass,Wicklow,28041,5915,6019,11769,4338,21.1,21.5,42.0,15.5,27792,24343,1352,394,54,709,940,0,3449,87.6,12.4,4.9,1.4,0.2,2.6,3.4,0.0,27792,25146,468,363,40,688,457,630,2016,90.5,7.3,1.7,1.3,0.1,2.5,1.6,2.3,23930,59,2005,103,256,323,1116,27792,86.1,0.2,7.2,0.4,0.9,1.2,4.0,19863,3042,3846,1290,28041,70.8,10.8,13.7,4.6,189,257,466,1510,2422,2422,0.7,0.9,1.7,5.4,8.6,2789,1620,1700,877,390,7376,37.8,22.0,23.0,11.9,5.3,5578,4860,6800,4385,2453,24076,23.2,20.2,28.2,18.2,10.2,696,1985,3513,2671,1682,10547,6.6,18.8,33.3,25.3,15.9,7376,2789,1620,1700,877,390,37.8,22.0,23.0,11.9,5.3,12343,156,347,555,2281,1875,3405,972,192,22126,1058,55.8,10.3,15.4,8.5,4.4,0.7,1.6,2.5,4.8,0.9
"Bandon-Kinsale, Cork County",Bandon-Kinsale,Cork County,40387,8786,8608,16963,6030,21.8,21.3,42.0,14.9,39713,32644,2412,1009,136,1616,1896,0,7069,82.2,17.8,6.1,2.5,0.3,4.1,4.8,0.0,39713,34466,964,950,110,1535,961,727,4520,86.8,11.4,2.4,2.4,0.3,3.9,2.4,1.8,32596,55,4492,186,543,597,1244,39713,82.1,0.1,11.3,0.5,1.4,1.5,3.1,28827,3916,6156,1488,40387,71.4,9.7,15.2,3.7,271,509,1207,2809,4796,4796,0.7,1.3,3.0,7.0,11.9,3684,2224,2500,1414,513,10335,35.6,21.5,24.2,13.7,5.0,7368,6672,10000,7070,3226,34336,21.5,19.4,29.1,20.6,9.4,716,2624,5115,4274,2219,14948,4.8,17.6,34.2,28.6,14.8,10335,3684,2224,2500,1414,513,35.6,21.5,24.2,13.7,5.0,18379,169,363,447,3738,2312,4780,1208,205,31601,979,58.2,11.8,15.1,7.3,3.8,0.5,1.1,1.4,3.1,0.6
"Bantry-West Cork, Cork County",Bantry-West Cork,Cork County,24030,4143,4507,9958,5422,17.2,18.8,41.4,22.6,23421,18122,2904,258,94,1139,904,0,5299,77.4,22.6,12.4,1.1,0.4,4.9,3.9,0.0,23421,19364,1670,244,54,1019,404,666,3391,82.7,14.5,7.1,1.0,0.2,4.4,1.7,2.8,18205,56,3517,67,261,295,1020,23421,77.7,0.2,15.0,0.3,1.1,1.3,4.4,15913,2213,4693,1211,24030,66.2,9.2,19.5,5.0,187,258,316,1507,2268,2268,0.8,1.1,1.3,6.3,9.4,2847,1181,1083,623,325,6059,47.0,19.5,17.9,10.3,5.4,5694,3543,4332,3115,2045,18729,30.4,18.9,23.1,16.6,10.9,547,1422,2243,1894,1401,7507,7.3,18.9,29.9,25.2,18.7,6059,2847,1181,1083,623,325,47.0,19.5,17.9,10.3,5.4,10215,91,290,345,1727,1553,4552,926,188,19887,726,51.4,8.7,22.9,7.8,4.7,0.5,1.5,1.7,3.7,0.9
"Belmullet, Mayo",Belmullet,Mayo,12683,2057,2302,4984,3340,16.2,18.2,39.3,26.3,12387,10301,1549,85,36,186,230,0,2086,83.2,16.8,12.5,0.7,0.3,1.5,1.9,0.0,12387,11429,370,83,37,162,85,221,737,92.3,5.9,3.0,0.7,0.3,1.3,0.7,1.8,11165,12,723,6,77,62,342,12387,90.1,0.1,5.8,0.0,0.6,0.5,2.8,10998,429,863,393,12683,86.7,3.4,6.8,3.1,27,99,104,344,574,574,0.2,0.8,0.8,2.7,4.5,1546,680,556,313,174,3269,47.3,20.8,17.0,9.6,5.3,3092,2040,2224,1565,1101,10022,30.9,20.4,22.2,15.6,11.0,361,815,1159,950,762,4047,8.9,20.1,28.6,23.5,18.8,3269,1546,680,556,313,174,47.3,20.8,17.0,9.6,5.3,4685,70,202,302,902,912,2784,646,123,10626,574,44.1,8.5,26.2,8.6,6.1,0.7,1.9,2.8,5.4,1.2
"Birr, Offaly",Birr,Offaly,27004,5317,6041,10712,4934,19.7,22.4,39.7,18.3,26794,23826,1225,465,53,631,594,0,2968,88.9,11.1,4.6,1.7,0.2,2.4,2.2,0.0,26794,24567,380,411,39,568,285,544,1683,91.7,6.3,1.4,1.5,0.1,2.1,1.1,2.0,23251,525,1607,61,177,226,947,26794,86.8,2.0,6.0,0.2,0.7,0.8,3.5,22479,1513,1970,1042,27004,83.2,5.6,7.3,3.9,86,159,548,1146,1939,1939,0.3,0.6,2.0,4.2,7.2,2829,1526,1476,812,350,6993,40.5,21.8,21.1,11.6,5.0,5658,4578,5904,4060,2217,22417,25.2,20.4,26.3,18.1,9.9,689,1834,3071,2469,1525,9588,7.2,19.1,32.0,25.8,15.9,6993,2829,1526,1476,812,350,40.5,21.8,21.1,11.6,5.0,11217,207,346,625,2147,1883,3850,1217,195,21687,1178,51.7,9.9,17.8,8.7,5.6,1.0,1.6,2.9,5.4,0.9
"Blackrock, Dún Laoghaire-Rathdown",Blackrock,Dún Laoghaire-Rathdown,34280,5863,9036,13022,6359,17.1,26.4,38.0,18.6,33642,25787,2109,188,826,1417,3315,0,7855,76.7,23.3,6.3,0.6,2.5,4.2,9.9,0.0,33642,28394,523,156,734,1278,1854,703,4545,84.4,13.5,1.6,0.5,2.2,3.8,5.5,2.1,26291,31,2947,186,2138,808,1241,33642,78.1,0.1,8.8,0.6,6.4,2.4,3.7,21050,3751,8025,1454,34280,61.4,10.9,23.4,4.2,629,775,198,3881,5483,5483,1.8,2.3,0.6,11.3,16.0,3591,1643,1915,978,216,8343,43.0,19.7,23.0,11.7,2.6,7182,4929,7660,4890,1334,25995,27.6,19.0,29.5,18.8,5.1,593,1907,3928,2948,906,10282,5.8,18.5,38.2,28.7,8.8,8343,3591,1643,1915,978,216,43.0,19.7,23.0,11.7,2.6,15479,148,380,344,4133,1748,5479,535,171,28417,872,54.5,14.5,19.3,6.2,1.9,0.5,1.3,1.2,3.1,0.6
"Blanchardstown-Mulhuddart, Fingal",Blanchardstown-Mulhuddart,Fingal,40022,9602,11478,16497,2445,24.0,28.7,41.2,6.1,39720,24259,856,2175,1596,4026,6808,0,15461,61.1,38.9,2.2,5.5,4.0,10.1,17.1,0.0,39720,27085,298,1930,1053,4194,2754,2406,10229,68.2,25.8,0.8,4.9,2.7,10.6,6.9,6.1,16543,491,8283,3063,5048,1571,4721,39720,41.6,1.2,20.9,7.7,12.7,4.0,11.9,19707,10473,4944,4898,40022,49.2,26.2,12.4,12.2,395,475,2442,12881,16193,16193,1.0,1.2,6.1,32.2,40.5,2984,2261,2343,1056,465,9109,32.8,24.8,25.7,11.6,5.1,5968,6783,9372,5280,3010,30413,19.6,22.3,30.8,17.4,9.9,1063,2921,5001,3263,2120,14368,7.4,20.3,34.8,22.7,14.8,9109,2984,2261,2343,1056,465,32.8,24.8,25.7,11.6,5.1,18883,410,736,1062,3906,1879,2118,1237,189,30420,2208,62.1,12.8,7.0,6.2,4.1,1.3,2.4,3.5,7.3,0.6
"Borris-In-Ossory-Mountmellick, Laois",Borris-In-Ossory-Mountmellick,Laois,26452,5549,6134,10608,4161,21.0,23.2,40.1,15.7,26304,23505,1128,294,29,555,793,0,2799,89.4,10.6,4.3,1.1,0.1,2.1,3.0,0.0,26304,24288,319,246,13,462,401,575,1441,92.3,5.5,1.2,0.9,0.0,1.8,1.5,2.2,23125,245,1459,265,200,188,822,26304,87.9,0.9,5.5,1.0,0.8,0.7,3.1,21302,2149,2057,944,26452,80.5,8.1,7.8,3.6,71,214,374,1308,1967,1967,0.3,0.8,1.4,4.9,7.4,2571,1451,1559,899,388,6868,37.4,21.1,22.7,13.1,5.6,5142,4353,6236,4495,2475,22701,22.7,19.2,27.5,19.8,10.9,673,1768,3263,2729,1717,10150,6.6,17.4,32.1,26.9,16.9,6868,2571,1451,1559,899,388,37.4,21.1,22.7,13.1,5.6,11515,182,290,550,2134,1793,3194,1104,141,20903,1022,55.1,10.2,15.3,8.6,5.3,0.9,1.4,2.6,4.9,0.7
"Boyle, Roscommon",Boyle,Roscommon,24421,4800,4820,9776,5025,19.7,19.7,40.0,20.6,24147,19169,2394,365,146,990,1083,0,4978,79.4,20.6,9.9,1.5,0.6,4.1,4.5,0.0,24147,20470,1058,340,130,939,602,608,3069,84.8,12.7,4.4,1.4,0.5,3.9,2.5,2.5,19065,243,2659,109,649,467,955,24147,79.0,1.0,11.0,0.5,2.7,1.9,4.0,18594,2066,2713,1048,24421,76.1,8.5,11.1,4.3,97,156,440,2179,2872,2872,0.4,0.6,1.8,8.9,11.8,2780,1283,1249,665,297,6274,44.3,20.4,19.9,10.6,4.7,5560,3849,4996,3325,1895,19625,28.3,19.6,25.5,16.9,9.7,562,1543,2598,2023,1310,8036,7.0,19.2,32.3,25.2,16.3,6274,2780,1283,1249,665,297,44.3,20.4,19.9,10.6,4.7,9835,180,327,573,1789,1536,4070,1153,158,19621,1080,50.1,9.1,20.7,7.8,5.9,0.9,1.7,2.9,5.5,0.8
"Bray East, Wicklow",Bray East,Wicklow,17728,2949,3902,7355,3522,16.6,22.0,41.5,19.9,17520,13376,913,382,216,905,1728,0,4144,76.3,23.7,5.2,2.2,1.2,5.2,9.9,0.0,17520,14402,247,329,156,896,1101,389,2729,82.2,15.6,1.4,1.9,0.9,5.1,6.3,2.2,12938,79,1934,147,978,380,1064,17520,73.8,0.5,11.0,0.8,5.6,2.2,6.1,10434,1943,4191,1160,17728,58.9,11.0,23.6,6.5,164,182,387,2286,3019,3019,0.9,1.0,2.2,12.9,17.0,2183,1038,875,363,114,4573,47.7,22.7,19.1,7.9,2.5,4366,3114,3500,1815,714,13509,32.3,23.1,25.9,13.4,5.3,547,1261,1826,1110,490,5234,10.5,24.1,34.9,21.2,9.4,4573,2183,1038,875,363,114,47.7,22.7,19.1,7.9,2.5,7775,131,259,419,1355,1009,2974,736,121,14779,809,52.6,9.2,20.1,6.8,5.0,0.9,1.8,2.8,5.5,0.8
"Bray West, Wicklow",Bray West,Wicklow,19144,3639,4612,8135,2758,19.0,24.1,42.5,14.4,18768,15550,1126,248,129,598,1117,0,3218,82.9,17.1,6.0,1.3,0.7,3.2,6.0,0.0,18768,16581,325,209,64,587,498,504,1683,88.3,9.0,1.7,1.1,0.3,3.1,2.7,2.7,15102,107,1655,108,520,308,968,18768,80.5,0.6,8.8,0.6,2.8,1.6,5.2,11555,2279,4174,1136,19144,60.4,11.9,21.8,5.9,245,241,289,1566,2341,2341,1.3,1.3,1.5,8.2,12.2,1819,1170,1214,542,171,4916,37.0,23.8,24.7,11.0,3.5,3638,3510,4856,2710,1063,15777,23.1,22.2,30.8,17.2,6.7,512,1443,2526,1644,730,6855,7.5,21.1,36.8,24.0,10.6,4916,1819,1170,1214,542,171,37.0,23.8,24.7,11.0,3.5,8801,117,259,385,1831,1081,2347,587,97,15505,761,56.8,11.8,15.1,7.0,3.8,0.8,1.7,2.5,4.9,0.6
"Buncrana, Donegal",Buncrana,Donegal,22618,4894,4799,9396,3529,21.6,21.2,41.5,15.6,22353,15064,6275,191,47,359,417,0,7289,67.4,32.6,28.1,0.9,0.2,1.6,1.9,0.0,22353,20623,587,158,27,314,183,461,1269,92.3,5.7,2.6,0.7,0.1,1.4,0.8,2.1,19922,37,1144,41,109,173,927,22353,89.1,0.2,5.1,0.2,0.5,0.8,4.1,18258,1750,1656,954,22618,80.7,7.7,7.3,4.2,104,68,251,638,1061,1061,0.5,0.3,1.1,2.8,4.7,2274,1151,1276,738,380,5819,39.1,19.8,21.9,12.7,6.5,4548,3453,5104,3690,2398,19193,23.7,18.0,26.6,19.2,12.5,575,1417,2655,2251,1645,8543,6.7,16.6,31.1,26.3,19.3,5819,2274,1151,1276,738,380,39.1,19.8,21.9,12.7,6.5,9328,144,329,613,1925,1410,3021,871,83,17724,1086,52.6,10.9,17.0,8.0,4.9,0.8,1.9,3.5,6.1,0.5
"Cabra-Glasnevin, Dublin City",Cabra-Glasnevin,Dublin City,63073,8417,20537,25368,8751,13.3,32.6,40.2,13.9,62396,45077,2480,973,1067,5011,7788,0,17319,72.2,27.8,4.0,1.6,1.7,8.0,12.5,0.0,62396,45051,673,872,941,5063,5356,4440,12905,72.2,20.7,1.1,1.4,1.5,8.1,8.6,7.1,40422,110,8368,1041,2941,2342,7172,62396,64.8,0.2,13.4,1.7,4.7,3.8,11.5,33238,6764,15652,7419,63073,52.7,10.7,24.8,11.8,1384,866,982,10191,13423,13423,2.2,1.4,1.6,16.2,21.3,6769,2907,2492,895,259,13322,50.8,21.8,18.7,6.7,1.9,13538,8721,9968,4475,1627,38329,35.3,22.8,26.0,11.7,4.2,1415,3530,5199,2726,1128,13998,10.1,25.2,37.1,19.5,8.1,13322,6769,2907,2492,895,259,50.8,21.8,18.7,6.7,1.9,33094,404,999,1285,5453,2272,8038,2122,989,54656,2688,60.5,10.0,14.7,4.2,3.9,0.7,1.8,2.4,4.9,1.8
"Cahir, Tipperary",Cahir,Tipperary,15387,3151,3185,6369,2682,20.5,20.7,41.4,17.4,15241,12709,937,313,23,633,626,0,2532,83.4,16.6,6.1,2.1,0.2,4.2,4.1,0.0,15241,13176,366,292,20,644,319,424,1641,86.5,10.8,2.4,1.9,0.1,4.2,2.1,2.8,12371,132,1528,42,140,219,809,15241,81.2,0.9,10.0,0.3,0.9,1.4,5.3,11887,1201,1431,868,15387,77.3,7.8,9.3,5.6,51,108,343,1228,1730,1730,0.3,0.7,2.2,8.0,11.2,1607,893,871,487,148,4006,40.1,22.3,21.7,12.2,3.7,3214,2679,3484,2435,949,12761,25.2,21.0,27.3,19.1,7.4,358,1050,1794,1473,659,5334,6.7,19.7,33.6,27.6,12.4,4006,1607,893,871,487,148,40.1,22.3,21.7,12.2,3.7,6873,74,167,244,1165,923,2100,622,68,12236,485,56.2,9.5,17.2,7.5,5.1,0.6,1.4,2.0,4.0,0.6
"Callan-Thomastown, Kilkenny",Callan-Thomastown,Kilkenny,26818,5570,5558,11105,4585,20.8,20.7,41.4,17.1,26532,23418,1527,312,98,526,651,0,3114,88.3,11.7,5.8,1.2,0.4,2.0,2.5,0.0,26532,24341,520,277,78,451,301,564,1627,91.7,6.1,2.0,1.0,0.3,1.7,1.1,2.1,23271,164,1539,62,228,281,987,26532,87.7,0.6,5.8,0.2,0.9,1.1,3.7,21151,1489,3084,1094,26818,78.9,5.6,11.5,4.1,141,250,409,1043,1843,1843,0.5,0.9,1.5,3.9,6.9,2691,1543,1556,902,353,7045,38.2,21.9,22.1,12.8,5.0,5382,4629,6224,4510,2241,22986,23.4,20.1,27.1,19.6,9.7,584,1814,3198,2733,1547,9876,5.9,18.4,32.4,27.7,15.7,7045,2691,1543,1556,902,353,38.2,21.9,22.1,12.8,5.0,11787,140,325,473,2254,1543,3627,947,152,21248,938,55.5,10.6,17.1,7.3,4.5,0.7,1.5,2.2,4.4,0.7
"Cappamore-Kilmallock, Limerick",Cappamore-Kilmallock,Limerick,36500,7405,7656,14847,6592,20.3,21.0,40.7,18.1,36282,32771,1848,355,99,426,783,0,3511,90.3,9.7,5.1,1.0,0.3,1.2,2.2,0.0,36282,33842,529,305,92,411,323,780,1660,93.3,4.6,1.5,0.8,0.3,1.1,0.9,2.1,32414,205,1640,139,287,193,1404,36282,89.3,0.6,4.5,0.4,0.8,0.5,3.9,30519,1360,3027,1594,36500,83.6,3.7,8.3,4.4,147,302,422,1181,2052,2052,0.4,0.8,1.2,3.2,5.6,3670,2112,2087,1146,440,9455,38.8,22.3,22.1,12.1,4.7,7340,6336,8348,5730,2761,30515,24.1,20.8,27.4,18.8,9.0,794,2536,4317,3484,1900,13031,6.1,19.5,33.1,26.7,14.6,9455,3670,2112,2087,1146,440,38.8,22.3,22.1,12.1,4.7,15843,149,339,589,3176,1996,5288,1569,146,29095,1077,54.5,10.9,18.2,6.9,5.4,0.5,1.2,2.0,3.7,0.5
"Carlow, Carlow",Carlow,Carlow,25168,4800,6865,10055,3448,19.1,27.3,40.0,13.7,24858,19013,1010,1227,247,1492,1869,0,5845,76.5,23.5,4.1,4.9,1.0,6.0,7.5,0.0,24858,19610,296,1079,203,1443,1021,1206,4042,78.9,16.3,1.2,4.3,0.8,5.8,4.1,4.9,16944,393,3373,645,969,633,1901,24858,68.2,1.6,13.6,2.6,3.9,2.5,7.6,16546,3239,3328,2055,25168,65.7,12.9,13.2,8.2,159,194,1434,3385,5172,5172,0.6,0.8,5.7,13.4,20.5,2665,1456,1286,565,216,6188,43.1,23.5,20.8,9.1,3.5,5330,4368,5144,2825,1373,19040,28.0,22.9,27.0,14.8,7.2,756,1839,2716,1742,950,8003,9.4,23.0,33.9,21.8,11.9,6188,2665,1456,1286,565,216,43.1,23.5,20.8,9.1,3.5,10491,247,397,801,2561,1439,2975,1366,91,20368,1445,51.5,12.6,14.6,7.1,6.7,1.2,1.9,3.9,7.1,0.4
"Carndonagh, Donegal",Carndonagh,Donegal,17736,3874,3764,6768,3330,21.8,21.2,38.2,18.8,17434,13813,3065,34,32,135,355,0,3621,79.2,20.8,17.6,0.2,0.2,0.8,2.0,0.0,17434,16342,518,30,20,121,152,251,841,93.7,4.8,3.0,0.2,0.1,0.7,0.9,1.4,15926,9,758,14,99,92,536,17434,91.4,0.1,4.3,0.1,0.6,0.5,3.1,14733,1038,1372,593,17736,83.1,5.9,7.7,3.3,76,65,40,369,550,550,0.4,0.4,0.2,2.1,3.1,1837,880,888,592,360,4557,40.3,19.3,19.5,13.0,7.9,3674,2640,3552,2960,2312,15138,24.3,17.4,23.5,19.6,15.3,407,1057,1853,1808,1602,6727,6.1,15.7,27.5,26.9,23.8,4557,1837,880,888,592,360,40.3,19.3,19.5,13.0,7.9,6742,124,249,443,1474,1239,2847,688,56,13862,816,48.6,10.6,20.5,8.9,5.0,0.9,1.8,3.2,5.9,0.4
"Carrick-On-Shannon, Leitrim",Carrick-On-Shannon,Leitrim,12634,2736,2524,5156,2218,21.7,20.0,40.8,17.6,12490,9963,1046,432,70,484,495,0,2527,79.8,20.2,8.4,3.5,0.6,3.9,4.0,0.0,12490,10631,371,378,49,431,223,407,1452,85.1,11.6,3.0,3.0,0.4,3.5,1.8,3.3,9715,145,1446,43,241,258,642,12490,77.8,1.2,11.6,0.3,1.9,2.1,5.1,9587,1002,1331,714,12634,75.9,7.9,10.5,5.7,60,80,538,1024,1702,1702,0.5,0.6,4.3,8.1,13.5,1342,637,665,364,175,3183,42.2,20.0,20.9,11.4,5.5,2684,1911,2660,1820,1104,10179,26.4,18.8,26.1,17.9,10.8,282,772,1374,1097,758,4283,6.6,18.0,32.1,25.6,17.7,3183,1342,637,665,364,175,42.2,20.0,20.9,11.4,5.5,5429,90,166,291,900,566,1918,462,76,9898,547,54.8,9.1,19.4,5.7,4.7,0.9,1.7,2.9,5.5,0.8
"Carrick-On-Suir, Tipperary",Carrick-On-Suir,Tipperary,20191,3839,4557,8151,3644,19.0,22.6,40.4,18.0,20019,17650,1218,180,43,341,587,0,2369,88.2,11.8,6.1,0.9,0.2,1.7,2.9,0.0,20019,18299,436,169,34,292,303,486,1234,91.4,6.2,2.2,0.8,0.2,1.5,1.5,2.4,17521,133,1182,109,202,128,744,20019,87.5,0.7,5.9,0.5,1.0,0.6,3.7,16731,1064,1545,851,20191,82.9,5.3,7.7,4.2,56,173,210,862,1301,1301,0.3,0.9,1.0,4.3,6.4,2220,1196,1101,557,223,5297,41.9,22.6,20.8,10.5,4.2,4440,3588,4404,2785,1428,16645,26.7,21.6,26.5,16.7,8.6,664,1492,2325,1707,995,7183,9.2,20.8,32.4,23.8,13.9,5297,2220,1196,1101,557,223,41.9,22.6,20.8,10.5,4.2,8319,138,245,481,1616,1346,2951,1160,96,16352,864,50.9,9.9,18.0,8.2,7.1,0.8,1.5,2.9,5.3,0.6
"Carrickmacross-Castleblayney, Monaghan",Carrickmacross-Castleblayney,Monaghan,23469,5251,5411,9294,3513,22.4,23.1,39.6,15.0,23304,17984,2399,271,74,1642,934,0,5320,77.2,22.8,10.3,1.2,0.3,7.0,4.0,0.0,23304,20115,267,238,57,1516,476,635,2554,86.3,11.0,1.1,1.0,0.2,6.5,2.0,2.7,18858,57,2312,303,357,355,1062,23304,80.9,0.2,9.9,1.3,1.5,1.5,4.6,18461,2122,1706,1180,23469,78.7,9.0,7.3,5.0,64,185,337,2484,3070,3070,0.3,0.8,1.4,10.6,13.1,2169,1255,1217,790,403,5834,37.2,21.5,20.9,13.5,6.9,4338,3765,4868,3950,2572,19493,22.3,19.3,25.0,20.3,13.2,580,1557,2538,2400,1784,8859,6.5,17.6,28.6,27.1,20.1,5834,2169,1255,1217,790,403,37.2,21.5,20.9,13.5,6.9,10154,151,359,485,1943,1373,2812,829,112,18218,995,55.7,10.7,15.4,7.5,4.6,0.8,2.0,2.7,5.5,0.6
"Carrigaline, Cork County",Carrigaline,Cork County,39145,8726,8873,16646,4900,22.3,22.7,42.5,12.5,38786,32157,1966,1045,409,1350,1859,0,6629,82.9,17.1,5.1,2.7,1.1,3.5,4.8,0.0,38786,34315,618,910,327,1247,847,522,3949,88.5,10.2,1.6,2.3,0.8,3.2,2.2,1.3,31881,38,3846,467,955,700,899,38786,82.2,0.1,9.9,1.2,2.5,1.8,2.3,27738,3591,6736,1080,39145,70.9,9.2,17.2,2.8,327,552,1380,3075,5334,5334,0.8,1.4,3.5,7.9,13.6,3731,2319,2772,1362,388,10572,35.3,21.9,26.2,12.9,3.7,7462,6957,11088,6810,2397,34714,21.5,20.0,31.9,19.6,6.9,862,2770,5692,4119,1637,15080,5.7,18.4,37.7,27.3,10.9,10572,3731,2319,2772,1362,388,35.3,21.9,26.2,12.9,3.7,17970,172,353,503,3824,2186,4172,1060,179,30419,1028,59.1,12.6,13.7,7.2,3.5,0.6,1.2,1.7,3.4,0.6
"Cashel-Tipperary, Tipperary",Cashel-Tipperary,Tipperary,29145,5866,6372,11790,5117,20.1,21.9,40.5,17.6,28921,24581,1663,528,88,1112,949,0,4340,85.0,15.0,5.8,1.8,0.3,3.8,3.3,0.0,28921,25601,527,474,65,1083,407,764,2556,88.5,8.8,1.8,1.6,0.2,3.7,1.4,2.6,24027,321,2492,66,335,388,1292,28921,83.1,1.1,8.6,0.2,1.2,1.3,4.5,23206,2029,2516,1394,29145,79.6,7.0,8.6,4.8,70,205,636,2068,2979,2979,0.2,0.7,2.2,7.1,10.2,3071,1670,1598,845,331,7515,40.9,22.2,21.3,11.2,4.4,6142,5010,6392,4225,2113,23882,25.7,21.0,26.8,17.7,8.8,839,2076,3347,2588,1470,10320,8.1,20.1,32.4,25.1,14.2,7515,3071,1670,1598,845,331,40.9,22.2,21.3,11.2,4.4,12479,171,333,623,2282,1640,4147,1459,145,23279,1127,53.6,9.8,17.8,7.0,6.3,0.7,1.4,2.7,4.8,0.6
"Castlebar, Mayo",Castlebar,Mayo,32080,6258,6909,13230,5683,19.5,21.5,41.2,17.7,31696,25561,2632,683,296,902,1622,0,6135,80.6,19.4,8.3,2.2,0.9,2.8,5.1,0.0,31696,27477,737,558,237,816,920,951,3268,86.7,10.3,2.3,1.8,0.7,2.6,2.9,3.0,25359,312,2725,382,769,515,1634,31696,80.0,1.0,8.6,1.2,2.4,1.6,5.2,24736,2259,3259,1826,32080,77.1,7.0,10.2,5.7,149,237,878,2339,3603,3603,0.5,0.7,2.7,7.3,11.2,3356,1731,1705,931,399,8122,41.3,21.3,21.0,11.5,4.9,6712,5193,6820,4655,2490,25870,25.9,20.1,26.4,18.0,9.6,722,2060,3519,2830,1706,10837,6.7,19.0,32.5,26.1,15.7,8122,3356,1731,1705,931,399,41.3,21.3,21.0,11.5,4.9,14108,199,360,652,2750,1486,4958,1148,161,25822,1211,54.6,10.6,19.2,5.8,4.4,0.8,1.4,2.5,4.7,0.6
"Castlecomer, Kilkenny",Castlecomer,Kilkenny,24863,5036,5398,10160,4269,20.3,21.7,40.9,17.2,24708,22428,1254,153,107,309,457,0,2280,90.8,9.2,5.1,0.6,0.4,1.3,1.8,0.0,24708,23147,365,142,98,259,154,543,1018,93.7,4.1,1.5,0.6,0.4,1.0,0.6,2.2,22395,76,933,56,260,140,848,24708,90.6,0.3,3.8,0.2,1.1,0.6,3.4,20699,1341,1883,940,24863,83.3,5.4,7.6,3.8,96,187,172,766,1221,1221,0.4,0.8,0.7,3.1,4.9,2331,1490,1526,818,322,6487,35.9,23.0,23.5,12.6,5.0,4662,4470,6104,4090,2013,21339,21.8,20.9,28.6,19.2,9.4,527,1770,3137,2482,1379,9295,5.7,19.0,33.7,26.7,14.8,6487,2331,1490,1526,818,322,35.9,23.0,23.5,12.6,5.0,11124,124,246,444,2060,1419,3337,902,171,19827,814,56.1,10.4,16.8,7.2,4.5,0.6,1.2,2.2,4.1,0.9
"Castleisland, Kerry",Castleisland,Kerry,18033,3467,3594,7624,3348,19.2,19.9,42.3,18.6,17610,15582,987,321,10,271,439,0,2028,88.5,11.5,5.6,1.8,0.1,1.5,2.5,0.0,17610,16295,365,296,8,243,157,246,1069,92.5,6.1,2.1,1.7,0.0,1.4,0.9,1.4,15808,19,1117,29,95,90,452,17610,89.8,0.1,6.3,0.2,0.5,0.5,2.6,15216,862,1401,554,18033,84.4,4.8,7.8,3.1,68,130,398,535,1131,1131,0.4,0.7,2.2,3.0,6.3,1907,1024,1065,560,191,4747,40.2,21.6,22.4,11.8,4.0,3814,3072,4260,2800,1194,15140,25.2,20.3,28.1,18.5,7.9,440,1205,2193,1698,815,6351,6.9,19.0,34.5,26.7,12.8,4747,1907,1024,1065,560,191,40.2,21.6,22.4,11.8,4.0,8004,112,295,294,1482,990,2653,657,79,14566,701,54.9,10.2,18.2,6.8,4.5,0.8,2.0,2.0,4.8,0.5
"Castleknock, Fingal",Castleknock,Fingal,47149,9761,11538,19308,6542,20.7,24.5,41.0,13.9,46731,34523,1756,836,708,3318,5590,0,12208,73.9,26.1,3.8,1.8,1.5,7.1,12.0,0.0,46731,37299,467,752,546,3518,2885,1264,8168,79.8,17.5,1.0,1.6,1.2,7.5,6.2,2.7,31877,132,6464,1010,2809,1612,2827,46731,68.2,0.3,13.8,2.2,6.0,3.4,6.0,28549,7777,7807,3016,47149,60.6,16.5,16.6,6.4,625,511,977,9348,11461,11461,1.3,1.1,2.1,19.8,24.3,4685,2697,2938,1315,446,12081,38.8,22.3,24.3,10.9,3.7,9370,8091,11752,6575,2815,38603,24.3,21.0,30.4,17.0,7.3,1028,3203,6051,3995,1944,16221,6.3,19.7,37.3,24.6,12.0,12081,4685,2697,2938,1315,446,38.8,22.3,24.3,10.9,3.7,22055,333,636,787,4018,2313,5875,1182,189,37388,1756,59.0,10.7,15.7,6.2,3.2,0.9,1.7,2.1,4.7,0.5
"Cavan-Belturbet, Cavan",Cavan-Belturbet,Cavan,27515,5878,6114,11127,4396,21.4,22.2,40.4,16.0,27205,19868,2277,1006,393,1891,1770,0,7337,73.0,27.0,8.4,3.7,1.4,7.0,6.5,0.0,27205,21495,671,899,287,1788,1068,997,4713,79.0,17.3,2.5,3.3,1.1,6.6,3.9,3.7,18886,313,4034,630,1253,545,1544,27205,69.4,1.2,14.8,2.3,4.6,2.0,5.7,19042,4168,2617,1688,27515,69.2,15.1,9.5,6.1,110,213,1222,4110,5655,5655,0.4,0.8,4.4,14.9,20.6,2749,1490,1441,773,362,6815,40.3,21.9,21.1,11.3,5.3,5498,4470,5764,3865,2310,21907,25.1,20.4,26.3,17.6,10.5,610,1796,2984,2363,1602,9355,6.5,19.2,31.9,25.3,17.1,6815,2749,1490,1441,773,362,40.3,21.9,21.1,11.3,5.3,11425,297,438,800,2033,1548,3727,1167,202,21637,1535,52.8,9.4,17.2,7.2,5.4,1.4,2.0,3.7,7.1,0.9
"Celbridge, Kildare",Celbridge,Kildare,22718,4742,5351,9983,2642,20.9,23.6,43.9,11.6,22506,18011,1043,466,359,1184,1443,0,4495,80.0,20.0,4.6,2.1,1.6,5.3,6.4,0.0,22506,19516,329,386,231,1053,588,403,2587,86.7,11.5,1.5,1.7,1.0,4.7,2.6,1.8,17446,65,2456,473,945,409,712,22506,77.5,0.3,10.9,2.1,4.2,1.8,3.2,14730,2582,4541,865,22718,64.8,11.4,20.0,3.8,250,280,562,2859,3951,3951,1.1,1.2,2.5,12.6,17.4,2049,1441,1573,704,220,5987,34.2,24.1,26.3,11.8,3.7,4098,4323,6292,3520,1376,19609,20.9,22.0,32.1,18.0,7.0,454,1701,3221,2139,944,8459,5.4,20.1,38.1,25.3,11.2,5987,2049,1441,1573,704,220,34.2,24.1,26.3,11.8,3.7,10918,121,260,331,2145,1084,2361,657,99,17976,712,60.7,11.9,13.1,6.0,3.7,0.7,1.4,1.8,4.0,0.6
"Clane, Kildare",Clane,Kildare,31210,6953,7387,13192,3678,22.3,23.7,42.3,11.8,30988,26656,1380,523,126,1023,1280,0,4332,86.0,14.0,4.5,1.7,0.4,3.3,4.1,0.0,30988,27688,413,466,75,992,561,793,2507,89.4,8.1,1.3,1.5,0.2,3.2,1.8,2.6,25767,82,2472,364,460,392,1451,30988,83.2,0.3,8.0,1.2,1.5,1.3,4.7,23431,2283,3896,1600,31210,75.1,7.3,12.5,5.1,155,284,637,2304,3380,3380,0.5,0.9,2.0,7.4,10.8,2886,1835,2044,1061,373,8199,35.2,22.4,24.9,12.9,4.5,5772,5505,8176,5305,2339,27097,21.3,20.3,30.2,19.6,8.6,724,2238,4249,3221,1604,12036,6.0,18.6,35.3,26.8,13.3,8199,2886,1835,2044,1061,373,35.2,22.4,24.9,12.9,4.5,14309,204,361,543,2673,1901,3044,1081,141,24257,1108,59.0,11.0,12.5,7.8,4.5,0.8,1.5,2.2,4.6,0.6
"Claremorris, Mayo",Claremorris,Mayo,29336,5878,6158,11883,5417,20.0,21.0,40.5,18.5,28949,22642,2074,653,157,1702,1721,0,6307,78.2,21.8,7.2,2.3,0.5,5.9,5.9,0.0,28949,24005,687,567,133,1592,977,988,3956,82.9,13.7,2.4,2.0,0.5,5.5,3.4,3.4,21982,344,3408,263,836,676,1440,28949,75.9,1.2,11.8,0.9,2.9,2.3,5.0,22299,2679,2656,1702,29336,76.0,9.1,9.1,5.8,124,190,762,3452,4528,4528,0.4,0.6,2.6,11.8,15.4,3049,1588,1529,918,372,7456,40.9,21.3,20.5,12.3,5.0,6098,4764,6116,4590,2371,23939,25.5,19.9,25.5,19.2,9.9,660,1858,3162,2791,1638,10109,6.5,18.4,31.3,27.6,16.2,7456,3049,1588,1529,918,372,40.9,21.3,20.5,12.3,5.0,12779,193,348,542,2364,1590,4377,1072,193,23458,1083,54.5,10.1,18.7,6.8,4.6,0.8,1.5,2.3,4.6,0.8
"Clondalkin, South Dublin",Clondalkin,South Dublin,52878,12216,12965,21590,6107,23.1,24.5,40.8,11.5,51781,40012,1496,2028,899,2887,4459,0,11769,77.3,22.7,2.9,3.9,1.7,5.6,8.6,0.0,51781,41795,415,1731,690,2870,2159,2121,7865,80.7,15.2,0.8,3.3,1.3,5.5,4.2,4.1,34808,465,6242,1774,2883,1056,4553,51781,67.2,0.9,12.1,3.4,5.6,2.0,8.8,32435,7103,7811,5529,52878,61.3,13.4,14.8,10.5,360,371,2313,8110,11154,11154,0.7,0.7,4.4,15.3,21.1,4945,3271,3083,1254,478,13031,37.9,25.1,23.7,9.6,3.7,9890,9813,12332,6270,3029,41334,23.9,23.7,29.8,15.2,7.3,1534,4146,6479,3859,2117,18135,8.5,22.9,35.7,21.3,11.7,13031,4945,3271,3083,1254,478,37.9,25.1,23.7,9.6,3.7,24232,375,819,1225,3934,2657,5218,1939,263,40662,2419,59.6,9.7,12.8,6.5,4.8,0.9,2.0,3.0,5.9,0.6
"Clonmel, Tipperary",Clonmel,Tipperary,25003,4578,5769,10278,4378,18.3,23.1,41.1,17.5,24829,20554,1163,914,406,743,1049,0,4275,82.8,17.2,4.7,3.7,1.6,3.0,4.2,0.0,24829,21255,359,800,343,696,579,797,2777,85.6,11.2,1.4,3.2,1.4,2.8,2.3,3.2,19457,172,2130,158,919,377,1616,24829,78.4,0.7,8.6,0.6,3.7,1.5,6.5,18928,1783,2529,1763,25003,75.7,7.1,10.1,7.1,77,145,1092,2082,3396,3396,0.3,0.6,4.4,8.3,13.6,2788,1525,1346,592,190,6441,43.3,23.7,20.9,9.2,2.9,5576,4575,5384,2960,1214,19709,28.3,23.2,27.3,15.0,6.2,760,1880,2810,1812,842,8104,9.4,23.2,34.7,22.4,10.4,6441,2788,1525,1346,592,190,43.3,23.7,20.9,9.2,2.9,11133,138,289,480,1917,1281,3811,1272,104,20425,907,54.5,9.4,18.7,6.3,6.2,0.7,1.4,2.4,4.4,0.5
"Clontarf, Dublin City",Clontarf,Dublin City,56957,9336,15036,22601,9984,16.4,26.4,39.7,17.5,56398,45800,2488,451,490,2950,4219,0,10598,81.2,18.8,4.4,0.8,0.9,5.2,7.5,0.0,56398,48080,619,385,448,2919,2608,1339,6979,85.3,12.4,1.1,0.7,0.8,5.2,4.6,2.4,45525,47,5154,448,1517,1446,2261,56398,80.7,0.1,9.1,0.8,2.7,2.6,4.0,35767,4754,13910,2526,56957,62.8,8.3,24.4,4.4,1080,841,531,5590,8042,8042,1.9,1.5,0.9,9.8,14.1,6228,2935,3083,1388,335,13969,44.6,21.0,22.1,9.9,2.4,12456,8805,12332,6940,2089,42622,29.2,20.7,28.9,16.3,4.9,1215,3472,6334,4200,1426,16647,7.3,20.9,38.0,25.2,8.6,13969,6228,2935,3083,1388,335,44.6,21.0,22.1,9.9,2.4,27952,258,637,808,4942,2324,9023,1498,179,47621,1703,58.7,10.4,18.9,4.9,3.1,0.5,1.3,1.7,3.6,0.4
"Cobh, Cork County",Cobh,Cork County,37214,8407,8437,15717,4653,22.6,22.7,42.2,12.5,36853,31016,1509,1206,161,1217,1744,0,5837,84.2,15.8,4.1,3.3,0.4,3.3,4.7,0.0,36853,32639,498,1032,88,1164,821,611,3603,88.6,9.8,1.4,2.8,0.2,3.2,2.2,1.7,30196,74,3627,666,664,554,1072,36853,81.9,0.2,9.8,1.8,1.8,1.5,2.9,27934,2521,5518,1241,37214,75.1,6.8,14.8,3.3,306,402,1575,2671,4954,4954,0.8,1.1,4.2,7.2,13.3,3560,2178,2550,1221,368,9877,36.0,22.1,25.8,12.4,3.7,7120,6534,10200,6105,2299,32258,22.1,20.3,31.6,18.9,7.1,830,2609,5243,3697,1578,13957,5.9,18.7,37.6,26.5,11.3,9877,3560,2178,2550,1221,368,36.0,22.1,25.8,12.4,3.7,17131,155,384,519,3207,2093,3856,1283,179,28807,1058,59.5,11.1,13.4,7.3,4.5,0.5,1.3,1.8,3.7,0.6
"Conamara North, Galway County",Conamara North,Galway County,18053,3124,3645,7319,3965,17.3,20.2,40.5,22.0,17534,14331,1642,176,47,585,753,0,3203,81.7,18.3,9.4,1.0,0.3,3.3,4.3,0.0,17534,15561,506,149,25,496,349,448,1525,88.7,8.7,2.9,0.8,0.1,2.8,2.0,2.6,14986,33,1498,34,164,155,664,17534,85.5,0.2,8.5,0.2,0.9,0.9,3.8,13609,1017,2603,824,18053,75.4,5.6,14.4,4.6,114,233,204,835,1386,1386,0.6,1.3,1.1,4.6,7.7,1988,919,931,476,184,4498,44.2,20.4,20.7,10.6,4.1,3976,2757,3724,2380,1152,13989,28.4,19.7,26.6,17.0,8.2,452,1111,1927,1448,791,5729,7.9,19.4,33.6,25.3,13.8,4498,1988,919,931,476,184,44.2,20.4,20.7,10.6,4.1,7455,92,280,396,1583,1016,3259,713,135,14929,768,49.9,10.6,21.8,6.8,4.8,0.6,1.9,2.7,5.1,0.9
"Conamara South, Galway County",Conamara South,Galway County,23345,4552,4790,9782,4221,19.5,20.5,41.9,18.1,22972,19489,1791,169,113,447,963,0,3483,84.8,15.2,7.8,0.7,0.5,1.9,4.2,0.0,22972,20867,361,141,88,391,373,751,1354,90.8,5.9,1.6,0.6,0.4,1.7,1.6,3.3,19989,10,1235,52,275,227,1184,22972,87.0,0.0,5.4,0.2,1.2,1.0,5.2,17606,1128,3245,1366,23345,75.4,4.8,13.9,5.9,131,264,217,1106,1718,1718,0.6,1.1,0.9,4.7,7.4,2297,1284,1303,744,266,5894,39.0,21.8,22.1,12.6,4.5,4594,3852,5212,3720,1658,19036,24.1,20.2,27.4,19.5,8.7,527,1522,2688,2248,1131,8116,6.5,18.8,33.1,27.7,13.9,5894,2297,1284,1303,744,266,39.0,21.8,22.1,12.6,4.5,10099,122,323,495,2131,1133,3600,733,157,18793,940,53.7,11.3,19.2,6.0,3.9,0.6,1.7,2.6,5.0,0.8
"Corca Dhuibhne, Kerry",Corca Dhuibhne,Kerry,14971,2744,2870,6284,3073,18.3,19.2,42.0,20.5,14423,12114,1122,166,20,474,527,0,2309,84.0,16.0,7.8,1.2,0.1,3.3,3.7,0.0,14423,12893,424,153,9,415,209,320,1210,89.4,8.4,2.9,1.1,0.1,2.9,1.4,2.2,12376,11,1301,22,110,124,479,14423,85.8,0.1,9.0,0.2,0.8,0.9,3.3,11177,843,2392,559,14971,74.7,5.6,16.0,3.7,96,134,229,709,1168,1168,0.6,0.9,1.5,4.7,7.8,1679,791,775,380,154,3779,44.4,20.9,20.5,10.1,4.1,3358,2373,3100,1900,967,11698,28.7,20.3,26.5,16.2,8.3,358,947,1598,1151,661,4715,7.6,20.1,33.9,24.4,14.0,3779,1679,791,775,380,154,44.4,20.9,20.5,10.1,4.1,6672,68,227,255,1125,813,2488,485,94,12227,550,54.6,9.2,20.3,6.6,4.0,0.6,1.9,2.1,4.5,0.8
"Cork City North East, Cork City",Cork City North East,Cork City,44235,7484,12329,18176,6246,16.9,27.9,41.1,14.1,43724,35626,1693,1014,400,2313,2678,0,8098,81.5,18.5,3.9,2.3,0.9,5.3,6.1,0.0,43724,36615,510,907,341,2304,1538,1509,5600,83.7,12.8,1.2,2.1,0.8,5.3,3.5,3.5,33293,378,4089,669,1158,853,3284,43724,76.1,0.9,9.4,1.5,2.6,2.0,7.5,29900,3068,7644,3623,44235,67.6,6.9,17.3,8.2,611,610,1038,3895,6154,6154,1.4,1.4,2.3,8.8,13.9,4645,2473,2383,1059,317,10877,42.7,22.7,21.9,9.7,2.9,9290,7419,9532,5295,2008,33544,27.7,22.1,28.4,15.8,6.0,1181,3073,4969,3226,1389,13838,8.5,22.2,35.9,23.3,10.0,10877,4645,2473,2383,1059,317,42.7,22.7,21.9,9.7,2.9,20620,375,670,963,4011,2329,5304,2266,213,36751,2008,56.1,10.9,14.4,6.3,6.2,1.0,1.8,2.6,5.5,0.6
"Cork City North West, Cork City",Cork City North West,Cork City,42306,7264,11523,16956,6563,17.2,27.2,40.1,15.5,42066,34537,1437,926,436,2334,2396,0,7529,82.1,17.9,3.4,2.2,1.0,5.5,5.7,0.0,42066,34825,406,810,423,2312,1434,1856,5385,82.8,12.8,1.0,1.9,1.0,5.5,3.4,4.4,30767,419,3818,548,1297,748,4469,42066,73.1,1.0,9.1,1.3,3.1,1.8,10.6,28537,2869,6115,4785,42306,67.5,6.8,14.5,11.3,466,480,986,3815,5747,5747,1.1,1.1,2.3,9.0,13.6,4565,2477,1973,818,328,10161,44.9,24.4,19.4,8.1,3.2,9130,7431,7892,4090,2089,30632,29.8,24.3,25.8,13.4,6.8,1389,3254,4172,2521,1460,12796,10.9,25.4,32.6,19.7,11.4,10161,4565,2477,1973,818,328,44.9,24.4,19.4,8.1,3.2,18406,357,691,1207,3400,2387,5390,2924,280,35042,2255,52.5,9.7,15.4,6.8,8.3,1.0,2.0,3.4,6.4,0.8
"Cork City South Central, Cork City",Cork City South Central,Cork City,41000,4936,15686,15035,5343,12.0,38.3,36.7,13.0,39873,28659,1661,923,887,3406,4337,0,11214,71.9,28.1,4.2,2.3,2.2,8.5,10.9,0.0,39873,29420,524,820,820,3375,2960,1954,8499,73.8,21.3,1.3,2.1,2.1,8.5,7.4,4.9,26778,122,5272,583,2329,1275,3514,39873,67.2,0.3,13.2,1.5,5.8,3.2,8.8,22731,4227,10175,3867,41000,55.4,10.3,24.8,9.4,927,681,931,5545,8084,8084,2.3,1.7,2.3,13.5,19.7,4104,1804,1455,568,174,8105,50.6,22.3,18.0,7.0,2.1,8208,5412,5820,2840,1091,23371,35.1,23.2,24.9,12.2,4.7,892,2158,3044,1727,754,8575,10.4,25.2,35.5,20.1,8.8,8105,4104,1804,1455,568,174,50.6,22.3,18.0,7.0,2.1,19962,313,654,805,5916,1795,4583,1806,230,36064,1772,55.4,16.4,12.7,5.0,5.0,0.9,1.8,2.2,4.9,0.6
"Cork City South East, Cork City",Cork City South East,Cork City,45400,8227,11503,18759,6911,18.1,25.3,41.3,15.2,44992,36974,1949,850,444,1854,2921,0,8018,82.2,17.8,4.3,1.9,1.0,4.1,6.5,0.0,44992,39073,500,742,404,1806,1430,1037,4882,86.8,10.9,1.1,1.6,0.9,4.0,3.2,2.3,35880,177,4073,630,1227,1004,2001,44992,79.7,0.4,9.1,1.4,2.7,2.2,4.4,30548,3853,8649,2350,45400,67.3,8.5,19.1,5.2,533,648,954,4041,6176,6176,1.2,1.4,2.1,8.9,13.6,4988,2608,2564,1251,353,11764,42.4,22.2,21.8,10.6,3.0,9976,7824,10256,6255,2223,36534,27.3,21.4,28.1,17.1,6.1,1039,3115,5297,3796,1529,14776,7.0,21.1,35.8,25.7,10.3,11764,4988,2608,2564,1251,353,42.4,22.2,21.8,10.6,3.0,21518,240,481,694,4079,2419,5978,1561,203,37173,1415,57.9,11.0,16.1,6.5,4.2,0.6,1.3,1.9,3.8,0.5
"Cork City South West, Cork City",Cork City South West,Cork City,51063,9154,14705,18995,8209,17.9,28.8,37.2,16.1,50283,40114,2015,1297,1242,1790,3825,0,10169,79.8,20.2,4.0,2.6,2.5,3.6,7.6,0.0,50283,42344,494,1144,1028,1669,2029,1575,6364,84.2,12.7,1.0,2.3,2.0,3.3,4.0,3.1,37913,149,4530,772,3118,1185,2616,50283,75.4,0.3,9.0,1.5,6.2,2.4,5.2,34938,5004,8073,3048,51063,68.4,9.8,15.8,6.0,429,580,1669,5914,8592,8592,0.8,1.1,3.3,11.6,16.8,5123,2696,2656,1242,370,12087,42.4,22.3,22.0,10.3,3.1,10246,8088,10624,6210,2337,37505,27.3,21.6,28.3,16.6,6.2,1228,3280,5508,3782,1614,15412,8.0,21.3,35.7,24.5,10.5,12087,5123,2696,2656,1242,370,42.4,22.3,22.0,10.3,3.1,22743,271,534,736,5933,2612,7072,1755,253,41909,1541,54.3,14.2,16.9,6.2,4.2,0.6,1.3,1.8,3.7,0.6
"Donaghmede, Dublin City",Donaghmede,Dublin City,47080,8791,12326,18552,7411,18.7,26.2,39.4,15.7,46726,37457,1711,828,670,2431,3629,0,9269,80.2,19.8,3.7,1.8,1.4,5.2,7.8,0.0,46726,39106,439,732,536,2584,2161,1168,6452,83.7,13.8,0.9,1.6,1.1,5.5,4.6,2.5,35252,130,5041,580,2049,1083,2591,46726,75.4,0.3,10.8,1.2,4.4,2.3,5.5,30468,4678,9029,2905,47080,64.7,9.9,19.2,6.2,648,385,958,6131,8122,8122,1.4,0.8,2.0,13.0,17.3,5346,2972,2603,1148,326,12395,43.1,24.0,21.0,9.3,2.6,10692,8916,10412,5740,2051,37811,28.3,23.6,27.5,15.2,5.4,1470,3768,5461,3508,1417,15624,9.4,24.1,35.0,22.5,9.1,12395,5346,2972,2603,1148,326,43.1,24.0,21.0,9.3,2.6,22140,296,664,983,3520,2367,6398,1737,184,38289,1943,57.8,9.2,16.7,6.2,4.5,0.8,1.7,2.6,5.1,0.5
"Donegal, Donegal",Donegal,Donegal,27924,5300,5641,11261,5722,19.0,20.2,40.3,20.5,27313,22242,3337,366,45,434,889,0,5071,81.4,18.6,12.2,1.3,0.2,1.6,3.3,0.0,27313,24832,659,361,28,394,454,585,1896,90.9,6.9,2.4,1.3,0.1,1.4,1.7,2.1,23940,96,1799,82,234,201,961,27313,87.7,0.4,6.6,0.3,0.9,0.7,3.5,21275,2859,2703,1087,27924,76.2,10.2,9.7,3.9,118,177,458,1067,1820,1820,0.4,0.6,1.6,3.8,6.5,3160,1516,1452,769,311,7208,43.8,21.0,20.1,10.7,4.3,6320,4548,5808,3845,1965,22486,28.1,20.2,25.8,17.1,8.7,670,1815,3014,2348,1354,9201,7.3,19.7,32.8,25.5,14.7,7208,3160,1516,1452,769,311,43.8,21.0,20.1,10.7,4.3,11746,141,434,588,2091,1426,4999,1091,108,22624,1163,51.9,9.2,22.1,6.3,4.8,0.6,1.9,2.6,5.1,0.5
"Drogheda Rural, Louth",Drogheda Rural,Louth,19845,4570,4868,8222,2185,23.0,24.5,41.4,11.0,19757,16226,926,327,134,945,1199,0,3531,82.1,17.9,4.7,1.7,0.7,4.8,6.1,0.0,19757,17378,267,264,88,897,470,393,1986,88.0,10.1,1.4,1.3,0.4,4.5,2.4,2.0,15522,84,1802,785,504,327,733,19757,78.6,0.4,9.1,4.0,2.6,1.7,3.7,14689,1832,2499,825,19845,74.0,9.2,12.6,4.2,188,184,403,2181,2956,2956,0.9,0.9,2.0,11.0,14.9,1617,1219,1393,733,233,5195,31.1,23.5,26.8,14.1,4.5,3234,3657,5572,3665,1461,17589,18.4,20.8,31.7,20.8,8.3,428,1531,2917,2251,1004,8131,5.3,18.8,35.9,27.7,12.3,5195,1617,1219,1393,733,233,31.1,23.5,26.8,14.1,4.5,8746,134,239,408,2085,1064,1832,676,91,15275,781,57.3,13.6,12.0,7.0,4.4,0.9,1.6,2.7,5.1,0.6
"Drogheda Urban, Louth",Drogheda Urban,Louth,28537,5211,7060,11837,4429,18.3,24.7,41.5,15.5,28387,21720,1146,618,315,2152,2436,0,6667,76.5,23.5,4.0,2.2,1.1,7.6,8.6,0.0,28387,22287,283,561,255,2122,1508,1371,4729,78.5,16.7,1.0,2.0,0.9,7.5,5.3,4.8,19551,79,3278,836,1455,618,2570,28387,68.9,0.3,11.5,2.9,5.1,2.2,9.1,18800,3245,3797,2695,28537,65.9,11.4,13.3,9.4,319,187,694,4408,5608,5608,1.1,0.7,2.4,15.4,19.7,3065,1729,1540,608,208,7150,42.9,24.2,21.5,8.5,2.9,6130,5187,6160,3040,1308,21825,28.1,23.8,28.2,13.9,6.0,960,2200,3243,1873,912,9188,10.4,23.9,35.3,20.4,9.9,7150,3065,1729,1540,608,208,42.9,24.2,21.5,8.5,2.9,12132,312,511,948,2242,1596,3990,1434,161,23326,1771,52.0,9.6,17.1,6.8,6.1,1.3,2.2,4.1,7.6,0.7
"Dundalk South, Louth",Dundalk South,Louth,38195,8419,9736,14854,5186,22.0,25.5,38.9,13.6,37847,28051,4141,485,319,2046,2805,0,9796,74.1,25.9,10.9,1.3,0.8,5.4,7.4,0.0,37847,32180,437,428,260,1968,1514,1060,4607,85.0,12.2,1.2,1.1,0.7,5.2,4.0,2.8,28330,489,3323,1780,1237,787,1901,37847,74.9,1.3,8.8,4.7,3.3,2.1,5.0,26806,4161,5005,2223,38195,70.2,10.9,13.1,5.8,324,398,603,4799,6124,6124,0.8,1.0,1.6,12.6,16.0,3785,2223,2158,1109,430,9705,39.0,22.9,22.2,11.4,4.4,7570,6669,8632,5545,2747,31163,24.3,21.4,27.7,17.8,8.8,1072,2844,4582,3409,1917,13824,7.8,20.6,33.1,24.7,13.9,9705,3785,2223,2158,1109,430,39.0,22.9,22.2,11.4,4.4,15888,386,636,1110,3529,2057,4541,1396,233,29776,2132,53.4,11.9,15.3,6.9,4.7,1.3,2.1,3.7,7.2,0.8
"Dundalk-Carlingford, Louth",Dundalk-Carlingford,Louth,26092,5256,6115,10500,4221,20.1,23.4,40.2,16.2,25828,19367,3498,249,46,1195,1473,0,6461,75.0,25.0,13.5,1.0,0.2,4.6,5.7,0.0,25828,22087,347,224,38,1197,774,1161,2580,85.5,10.0,1.3,0.9,0.1,4.6,3.0,4.5,19618,228,1852,873,339,332,2586,25828,76.0,0.9,7.2,3.4,1.3,1.3,10.0,18571,2088,2721,2712,26092,71.2,8.0,10.4,10.4,205,211,257,2306,2979,2979,0.8,0.8,1.0,8.8,11.4,2457,1486,1261,702,328,6234,39.4,23.8,20.2,11.3,5.3,4914,4458,5044,3510,2096,20022,24.5,22.3,25.2,17.5,10.5,738,1900,2692,2139,1454,8923,8.3,21.3,30.2,24.0,16.3,6234,2457,1486,1261,702,328,39.4,23.8,20.2,11.3,5.3,10433,251,447,836,2299,1598,3659,1158,155,20836,1534,50.1,11.0,17.6,7.7,5.6,1.2,2.1,4.0,7.4,0.7
"Dundrum, Dún Laoghaire-Rathdown",Dundrum,Dún Laoghaire-Rathdown,31861,5669,7895,12260,6037,17.8,24.8,38.5,18.9,31470,25430,1516,224,340,1173,2787,0,6040,80.8,19.2,4.8,0.7,1.1,3.7,8.9,0.0,31470,27536,402,205,309,1114,1599,305,3629,87.5,11.5,1.3,0.7,1.0,3.5,5.1,1.0,25533,45,2684,210,1295,1017,686,31470,81.1,0.1,8.5,0.7,4.1,3.2,2.2,19393,3954,7644,870,31861,60.9,12.4,24.0,2.7,630,489,274,3434,4827,4827,2.0,1.5,0.9,10.8,15.2,3549,1665,1814,843,216,8087,43.9,20.6,22.4,10.4,2.7,7098,4995,7256,4215,1333,24897,28.5,20.1,29.1,16.9,5.4,708,1955,3722,2544,905,9834,7.2,19.9,37.8,25.9,9.2,8087,3549,1665,1814,843,216,43.9,20.6,22.4,10.4,2.7,14426,150,333,470,2997,1632,5284,783,117,26192,953,55.1,11.4,20.2,6.2,3.0,0.6,1.3,1.8,3.6,0.4
"Dungarvan, Waterford",Dungarvan,Waterford,22335,4601,4779,9063,3892,20.6,21.4,40.6,17.4,22086,18656,1486,520,150,542,732,0,3430,84.5,15.5,6.7,2.4,0.7,2.5,3.3,0.0,22086,19583,521,476,134,479,412,481,2022,88.7,9.2,2.4,2.2,0.6,2.2,1.9,2.2,18610,115,1948,73,315,274,751,22086,84.3,0.5,8.8,0.3,1.4,1.2,3.4,17368,1257,2859,851,22335,77.8,5.6,12.8,3.8,91,179,656,1202,2128,2128,0.4,0.8,2.9,5.4,9.5,2425,1276,1221,633,245,5800,41.8,22.0,21.1,10.9,4.2,4850,3828,4884,3165,1535,18262,26.6,21.0,26.7,17.3,8.4,589,1588,2551,1927,1048,7703,7.6,20.6,33.1,25.0,13.6,5800,2425,1276,1221,633,245,41.8,22.0,21.1,10.9,4.2,9533,115,269,411,1771,1180,3343,1013,99,17734,795,53.8,10.0,18.9,6.7,5.7,0.6,1.5,2.3,4.5,0.6
"Dún Laoghaire, Dún Laoghaire-Rathdown",Dún Laoghaire,Dún Laoghaire-Rathdown,46603,8222,10866,18497,9018,17.6,23.3,39.7,19.4,45712,33898,3035,605,1140,2267,4767,0,11814,74.2,25.8,6.6,1.3,2.5,5.0,10.4,0.0,45712,37672,963,523,1033,2129,2759,633,7407,82.4,16.2,2.1,1.1,2.3,4.7,6.0,1.4,34703,88,5725,321,2663,1230,982,45712,75.9,0.2,12.5,0.7,5.8,2.7,2.1,26330,6189,12779,1305,46603,56.5,13.3,27.4,2.8,948,1041,708,5862,8559,8559,2.0,2.2,1.5,12.6,18.4,5523,2625,2526,1140,288,12102,45.6,21.7,20.9,9.4,2.4,11046,7875,10104,5700,1795,36520,30.2,21.6,27.7,15.6,4.9,1129,3146,5193,3453,1233,14154,8.0,22.2,36.7,24.4,8.7,12102,5523,2625,2526,1140,288,45.6,21.7,20.9,9.4,2.4,21018,267,547,723,4050,2460,7895,1195,226,38381,1537,54.8,10.6,20.6,6.4,3.1,0.7,1.4,1.9,4.0,0.6
"Edenderry, Offaly",Edenderry,Offaly,25188,5378,6027,10447,3336,21.4,23.9,41.5,13.2,25065,21232,977,586,77,1146,1047,0,3833,84.7,15.3,3.9,2.3,0.3,4.6,4.2,0.0,25065,21868,296,493,28,1183,543,654,2543,87.2,10.1,1.2,2.0,0.1,4.7,2.2,2.6,20257,54,2437,194,290,394,1439,25065,80.8,0.2,9.7,0.8,1.2,1.6,5.7,19228,2325,2089,1546,25188,76.3,9.2,8.3,6.1,52,158,715,2294,3219,3219,0.2,0.6,2.8,9.1,12.8,2267,1467,1571,782,318,6405,35.4,22.9,24.5,12.2,5.0,4534,4401,6284,3910,2008,21137,21.5,20.8,29.7,18.5,9.5,545,1783,3266,2372,1375,9341,5.8,19.1,35.0,25.4,14.7,6405,2267,1467,1571,782,318,35.4,22.9,24.5,12.2,5.0,10848,152,380,553,2183,1648,2698,1215,133,19810,1085,54.8,11.0,13.6,8.3,6.1,0.8,1.9,2.8,5.5,0.7
"Ennis, Clare",Ennis,Clare,33952,6853,7633,14359,5107,20.2,22.5,42.3,15.0,33540,26683,1729,1093,209,1251,2575,0,6857,79.6,20.4,5.2,3.3,0.6,3.7,7.7,0.0,33540,28358,494,1042,155,1124,1345,1022,4160,84.5,12.4,1.5,3.1,0.5,3.4,4.0,3.0,24917,626,3374,809,814,902,2098,33540,74.3,1.9,10.1,2.4,2.4,2.7,6.3,24240,3087,4233,2392,33952,71.4,9.1,12.5,7.0,187,415,1331,3512,5445,5445,0.6,1.2,3.9,10.3,16.0,3508,1896,1871,934,332,8541,41.1,22.2,21.9,10.9,3.9,7016,5688,7484,4670,2144,27002,26.0,21.1,27.7,17.3,7.9,818,2322,3883,2853,1495,11371,7.2,20.4,34.1,25.1,13.1,8541,3508,1896,1871,934,332,41.1,22.2,21.9,10.9,3.9,15131,241,466,753,2887,1663,4485,1246,227,27099,1460,55.8,10.7,16.6,6.1,4.6,0.9,1.7,2.8,5.4,0.8
"Enniscorthy, Wexford",Enniscorthy,Wexford,29314,5787,6890,11807,4830,19.7,23.5,40.3,16.5,29052,24806,1443,731,167,946,959,0,4246,85.4,14.6,5.0,2.5,0.6,3.3,3.3,0.0,29052,25285,479,662,148,888,574,1016,2751,87.0,9.5,1.6,2.3,0.5,3.1,2.0,3.5,23492,449,2386,148,456,554,1567,29052,80.9,1.5,8.2,0.5,1.6,1.9,5.4,21920,2517,3034,1843,29314,74.8,8.6,10.4,6.3,69,195,878,2006,3148,3148,0.2,0.7,3.0,6.8,10.7,3094,1773,1570,810,301,7548,41.0,23.5,20.8,10.7,4.0,6188,5319,6280,4050,1905,23742,26.1,22.4,26.5,17.1,8.0,800,2178,3299,2475,1322,10074,7.9,21.6,32.7,24.6,13.1,7548,3094,1773,1570,810,301,41.0,23.5,20.8,10.7,4.0,12099,259,486,887,2126,2039,3947,1484,200,23527,1632,51.4,9.0,16.8,8.7,6.3,1.1,2.1,3.8,6.9,0.9
"Ennistimon, Clare",Ennistimon,Clare,18052,3361,3686,7477,3528,18.6,20.4,41.4,19.5,17620,14493,1233,219,24,410,1241,0,3127,82.3,17.7,7.0,1.2,0.1,2.3,7.0,0.0,17620,15045,391,195,15,364,861,749,1826,85.4,10.4,2.2,1.1,0.1,2.1,4.9,4.3,14207,142,1369,87,127,232,1456,17620,80.6,0.8,7.8,0.5,0.7,1.3,8.3,12826,900,2749,1577,18052,71.1,5.0,15.2,8.7,116,210,271,819,1416,1416,0.6,1.2,1.5,4.5,7.8,1928,934,840,459,176,4337,44.5,21.5,19.4,10.6,4.1,3856,2802,3360,2295,1118,13431,28.7,20.9,25.0,17.1,8.3,417,1122,1731,1390,769,5429,7.7,20.7,31.9,25.6,14.2,4337,1928,934,840,459,176,44.5,21.5,19.4,10.6,4.1,7961,92,253,334,1438,1019,2949,540,105,14691,679,54.2,9.8,20.1,6.9,3.7,0.6,1.7,2.3,4.6,0.7
"Fermoy, Cork County",Fermoy,Cork County,38935,8356,8302,16113,6164,21.5,21.3,41.4,15.8,38667,32997,1744,1190,145,1190,1401,0,5670,85.3,14.7,4.5,3.1,0.4,3.1,3.6,0.0,38667,34186,641,1071,116,1141,716,796,3685,88.4,9.5,1.7,2.8,0.3,3.0,1.9,2.1,32209,254,3625,293,439,451,1396,38667,83.3,0.7,9.4,0.8,1.1,1.2,3.6,30665,2202,4498,1570,38935,78.8,5.7,11.6,4.0,129,299,1386,2587,4401,4401,0.3,0.8,3.6,6.6,11.3,3826,2221,2463,1254,415,10179,37.6,21.8,24.2,12.3,4.1,7652,6663,9852,6270,2576,33013,23.2,20.2,29.8,19.0,7.8,840,2648,5102,3794,1765,14149,5.9,18.7,36.1,26.8,12.5,10179,3826,2221,2463,1254,415,37.6,21.8,24.2,12.3,4.1,17084,190,454,644,3170,2474,4867,1496,200,30579,1288,55.9,10.4,15.9,8.1,4.9,0.6,1.5,2.1,4.2,0.7
"Firhouse-Bohernabreena, South Dublin",Firhouse-Bohernabreena,South Dublin,37643,8275,9373,15631,4364,22.0,24.9,41.5,11.6,37368,31464,1364,300,459,1037,2744,0,5904,84.2,15.8,3.7,0.8,1.2,2.8,7.3,0.0,37368,33403,383,252,318,1006,1340,666,3299,89.4,8.8,1.0,0.7,0.9,2.7,3.6,1.8,30288,189,2501,520,1581,1031,1258,37368,81.1,0.5,6.7,1.4,4.2,2.8,3.4,24941,4137,7104,1461,37643,66.3,11.0,18.9,3.9,500,352,377,4131,5360,5360,1.3,0.9,1.0,11.0,14.2,3270,2285,2691,1245,361,9852,33.2,23.2,27.3,12.6,3.7,6540,6855,10764,6225,2278,32662,20.0,21.0,33.0,19.1,7.0,817,2755,5547,3779,1568,14466,5.6,19.0,38.3,26.1,10.8,9852,3270,2285,2691,1245,361,33.2,23.2,27.3,12.6,3.7,17935,166,450,623,3504,1750,3860,947,133,29368,1239,61.1,11.9,13.1,6.0,3.2,0.6,1.5,2.1,4.2,0.5
"Galway City Central, Galway City",Galway City Central,Galway City,29705,3123,12760,9666,4156,10.5,43.0,32.5,14.0,28413,20453,1777,563,611,1921,3088,0,7960,72.0,28.0,6.3,2.0,2.2,6.8,10.9,0.0,28413,20627,439,462,574,1882,2104,2325,5461,72.6,19.2,1.5,1.6,2.0,6.6,7.4,8.2,17898,494,3121,373,1433,791,4303,28413,63.0,1.7,11.0,1.3,5.0,2.8,15.1,14820,3079,7170,4636,29705,49.9,10.4,24.1,15.6,494,423,566,3431,4914,4914,1.7,1.4,1.9,11.6,16.5,2686,1011,746,301,118,4862,55.2,20.8,15.3,6.2,2.4,5372,3033,2984,1505,751,13645,39.4,22.2,21.9,11.0,5.5,559,1239,1562,918,519,4797,11.7,25.8,32.6,19.1,10.8,4862,2686,1011,746,301,118,55.2,20.8,15.3,6.2,2.4,13609,273,570,670,5419,1063,3750,1042,186,26582,1513,51.2,20.4,14.1,4.0,3.9,1.0,2.1,2.5,5.7,0.7
"Galway City East, Galway City",Galway City East,Galway City,28091,4938,9221,10895,3037,17.6,32.8,38.8,10.8,27694,19365,1431,1754,535,1891,2718,0,8329,69.9,30.1,5.2,6.3,1.9,6.8,9.8,0.0,27694,20748,359,1591,452,1822,1415,1307,5639,74.9,20.4,1.3,5.7,1.6,6.6,5.1,4.7,16244,938,4644,1321,1286,730,2531,27694,58.7,3.4,16.8,4.8,4.6,2.6,9.1,16576,3617,4871,3027,28091,59.0,12.9,17.3,10.8,315,270,1996,4227,6808,6808,1.1,1.0,7.1,15.0,24.2,2800,1383,1189,500,240,6112,45.8,22.6,19.5,8.2,3.9,5600,4149,4756,2500,1569,18574,30.1,22.3,25.6,13.5,8.4,724,1742,2507,1535,1110,7618,9.5,22.9,32.9,20.1,14.6,6112,2800,1383,1189,500,240,45.8,22.6,19.5,8.2,3.9,13681,238,484,729,2946,1157,2540,1204,174,23153,1451,59.1,12.7,11.0,5.0,5.2,1.0,2.1,3.1,6.3,0.8
"Galway City West, Galway City",Galway City West,Galway City,26618,4971,7238,10878,3531,18.7,27.2,40.9,13.3,26072,19481,1601,617,452,1397,2524,0,6591,74.7,25.3,6.1,2.4,1.7,5.4,9.7,0.0,26072,21021,356,556,368,1277,1327,1167,3884,80.6,14.9,1.4,2.1,1.4,4.9,5.1,4.5,18339,316,3017,637,1228,718,1817,26072,70.3,1.2,11.6,2.4,4.7,2.8,7.0,16071,2943,5570,2034,26618,60.4,11.1,20.9,7.6,371,411,773,3374,4929,4929,1.4,1.5,2.9,12.7,18.5,2624,1387,1372,670,218,6271,41.8,22.1,21.9,10.7,3.5,5248,4161,5488,3350,1390,19637,26.7,21.2,27.9,17.1,7.1,578,1711,2859,2048,965,8161,7.1,21.0,35.0,25.1,11.8,6271,2624,1387,1372,670,218,41.8,22.1,21.9,10.7,3.5,12328,201,393,485,3068,1107,3196,732,137,21647,1079,57.0,14.2,14.8,5.1,3.4,0.9,1.8,2.2,5.0,0.6
"Glencullen-Sandyford, Dún Laoghaire-Rathdown",Glencullen-Sandyford,Dún Laoghaire-Rathdown,48568,9859,13395,19565,5749,20.3,27.6,40.3,11.8,47890,34212,2016,823,2061,2759,6019,0,13678,71.4,28.6,4.2,1.7,4.3,5.8,12.6,0.0,47890,37026,622,693,1917,2830,3857,945,9919,77.3,20.7,1.3,1.4,4.0,5.9,8.1,2.0,32568,117,6341,618,4214,2277,1755,47890,68.0,0.2,13.2,1.3,8.8,4.8,3.7,26502,8926,11061,2079,48568,54.6,18.4,22.8,4.3,1047,682,1005,9528,12262,12262,2.2,1.4,2.1,19.6,25.2,5075,2850,2940,1284,309,12458,40.7,22.9,23.6,10.3,2.5,10150,8550,11760,6420,1930,38810,26.2,22.0,30.3,16.5,5.0,1028,3360,6032,3894,1320,15634,6.6,21.5,38.6,24.9,8.4,12458,5075,2850,2940,1284,309,40.7,22.9,23.6,10.3,2.5,24330,298,553,714,4492,2237,4991,943,151,38709,1565,62.9,11.6,12.9,5.8,2.4,0.8,1.4,1.8,4.0,0.4
"Glenties, Donegal",Glenties,Donegal,25152,4381,4738,10236,5797,17.4,18.8,40.7,23.0,24679,19500,4152,117,75,320,515,0,5179,79.0,21.0,16.8,0.5,0.3,1.3,2.1,0.0,24679,22368,880,101,72,282,249,727,1584,90.6,6.4,3.6,0.4,0.3,1.1,1.0,2.9,21626,23,1439,29,157,151,1254,24679,87.6,0.1,5.8,0.1,0.6,0.6,5.1,20432,1442,1995,1283,25152,81.2,5.7,7.9,5.1,76,161,128,685,1050,1050,0.3,0.6,0.5,2.7,4.2,2904,1312,1244,700,263,6423,45.2,20.4,19.4,10.9,4.1,5808,3936,4976,3500,1658,19878,29.2,19.8,25.0,17.6,8.3,721,1593,2593,2133,1141,8181,8.8,19.5,31.7,26.1,13.9,6423,2904,1312,1244,700,263,45.2,20.4,19.4,10.9,4.1,9590,151,400,755,1871,1440,5194,1245,125,20771,1306,46.2,9.0,25.0,6.9,6.0,0.7,1.9,3.6,6.3,0.6
"Gorey, Wexford",Gorey,Wexford,31140,6716,7134,12785,4505,21.6,22.9,41.1,14.5,30901,25961,1682,859,71,1143,1185,0,4940,84.0,16.0,5.4,2.8,0.2,3.7,3.8,0.0,30901,27214,589,795,53,1059,544,647,3040,88.1,9.8,1.9,2.6,0.2,3.4,1.8,2.1,25367,181,3169,100,439,469,1176,30901,82.1,0.6,10.3,0.3,1.4,1.5,3.8,21966,3104,4781,1289,31140,70.5,10.0,15.4,4.1,210,254,1114,2199,3777,3777,0.7,0.8,3.6,7.1,12.1,3156,1761,1804,940,388,8049,39.2,21.9,22.4,11.7,4.8,6312,5283,7216,4700,2430,25941,24.3,20.4,27.8,18.1,9.4,807,2205,3768,2868,1671,11319,7.1,19.5,33.3,25.3,14.8,8049,3156,1761,1804,940,388,39.2,21.9,22.4,11.7,4.8,13228,220,477,724,2502,2058,3811,1248,156,24424,1421,54.2,10.2,15.6,8.4,5.1,0.9,2.0,3.0,5.8,0.6
"Gort-Kinvara, Galway County",Gort-Kinvara,Galway County,25923,5930,5149,11228,3616,22.9,19.9,43.3,13.9,25724,21272,1908,302,124,632,1486,0,4452,82.7,17.3,7.4,1.2,0.5,2.5,5.8,0.0,25724,22783,590,264,90,578,789,630,2311,88.6,9.0,2.3,1.0,0.3,2.2,3.1,2.4,21420,78,2037,156,290,522,1221,25724,83.3,0.3,7.9,0.6,1.1,2.0,4.7,19625,1366,3609,1323,25923,75.7,5.3,13.9,5.1,244,284,381,1766,2675,2675,0.9,1.1,1.5,6.8,10.3,2289,1440,1727,946,299,6701,34.2,21.5,25.8,14.1,4.5,4578,4320,6908,4730,1856,22392,20.4,19.3,30.9,21.1,8.3,434,1668,3542,2855,1264,9763,4.4,17.1,36.3,29.2,12.9,6701,2289,1440,1727,946,299,34.2,21.5,25.8,14.1,4.5,12177,102,242,333,2311,1179,2825,711,113,19993,677,60.9,11.6,14.1,5.9,3.6,0.5,1.2,1.7,3.4,0.6
"Graiguecullen -Portarlington, Laois",Graiguecullen -Portarlington,Laois,30822,6963,7003,13056,3800,22.6,22.7,42.4,12.3,30636,26522,1368,698,101,772,1175,0,4114,86.6,13.4,4.5,2.3,0.3,2.5,3.8,0.0,30636,27477,415,624,76,705,511,828,2331,89.7,7.6,1.4,2.0,0.2,2.3,1.7,2.7,25478,234,2227,460,412,391,1434,30636,83.2,0.8,7.3,1.5,1.3,1.3,4.7,23720,2470,3044,1588,30822,77.0,8.0,9.9,5.2,104,257,859,1977,3197,3197,0.3,0.8,2.8,6.4,10.4,2688,1840,1909,1047,411,7895,34.0,23.3,24.2,13.3,5.2,5376,5520,7636,5235,2595,26362,20.4,20.9,29.0,19.9,9.8,654,2238,3966,3178,1779,11815,5.5,18.9,33.6,26.9,15.1,7895,2688,1840,1909,1047,411,34.0,23.3,24.2,13.3,5.2,13590,204,373,559,2721,1854,3094,1248,216,23859,1136,57.0,11.4,13.0,7.8,5.2,0.9,1.6,2.3,4.8,0.9
"Granard, Longford",Granard,Longford,11500,2389,2487,4607,2017,20.8,21.6,40.1,17.5,11451,9858,686,242,6,288,371,0,1593,86.1,13.9,6.0,2.1,0.1,2.5,3.2,0.0,11451,10197,220,217,7,246,173,391,863,89.0,7.5,1.9,1.9,0.1,2.1,1.5,3.4,9663,49,836,53,60,127,663,11451,84.4,0.4,7.3,0.5,0.5,1.1,5.8,9371,663,783,683,11500,81.5,5.8,6.8,5.9,38,72,270,598,978,978,0.3,0.6,2.3,5.2,8.5,1139,598,614,385,183,2919,39.0,20.5,21.0,13.2,6.3,2278,1794,2456,1925,1152,9605,23.7,18.7,25.6,20.0,12.0,263,738,1275,1173,794,4243,6.2,17.4,30.0,27.6,18.7,2919,1139,598,614,385,183,39.0,20.5,21.0,13.2,6.3,4954,60,147,239,909,698,1561,463,80,9111,446,54.4,10.0,17.1,7.7,5.1,0.7,1.6,2.6,4.9,0.9
"Greystones, Wicklow",Greystones,Wicklow,30479,7010,6303,12926,4240,23.0,20.7,42.4,13.9,30085,24438,2080,381,259,1099,1828,0,5647,81.2,18.8,6.9,1.3,0.9,3.7,6.1,0.0,30085,26433,719,355,127,1018,842,591,3061,87.9,10.2,2.4,1.2,0.4,3.4,2.8,2.0,24394,91,2978,92,779,539,1212,30085,81.1,0.3,9.9,0.3,2.6,1.8,4.0,17263,4260,7544,1412,30479,56.6,14.0,24.8,4.6,423,384,484,2462,3753,3753,1.4,1.3,1.6,8.1,12.3,2952,1772,2140,993,242,8099,36.4,21.9,26.4,12.3,3.0,5904,5316,8560,4965,1494,26239,22.5,20.3,32.6,18.9,5.7,659,2107,4396,3003,1014,11179,5.9,18.8,39.3,26.9,9.1,8099,2952,1772,2140,993,242,36.4,21.9,26.4,12.3,3.0,13750,118,346,392,2714,1635,3727,666,121,23469,856,58.6,11.6,15.9,7.0,2.8,0.5,1.5,1.7,3.6,0.5
"Howth-Malahide, Fingal",Howth-Malahide,Fingal,69960,14735,15236,28162,11827,21.1,21.8,40.3,16.9,68810,54022,3861,955,621,3495,5856,0,14788,78.5,21.5,5.6,1.4,0.9,5.1,8.5,0.0,68810,57728,1175,849,482,3420,3519,1637,9445,83.9,13.7,1.7,1.2,0.7,5.0,5.1,2.4,53110,220,7846,849,1962,1337,3486,68810,77.2,0.3,11.4,1.2,2.9,1.9,5.1,44520,7313,14128,3999,69960,63.6,10.5,20.2,5.7,1106,920,1160,7435,10621,10621,1.6,1.3,1.7,10.6,15.2,7703,3943,4194,2019,511,18370,41.9,21.5,22.8,11.0,2.8,15406,11829,16776,10095,3176,57282,26.9,20.7,29.3,17.6,5.5,1487,4678,8642,6109,2171,23087,6.4,20.3,37.4,26.5,9.4,18370,7703,3943,4194,2019,511,41.9,21.5,22.8,11.0,2.8,31650,390,891,922,5654,3684,10301,1430,303,55225,2203,57.3,10.2,18.7,6.7,2.6,0.7,1.6,1.7,4.0,0.5
"Kanturk, Cork County",Kanturk,Cork County,26577,5330,5484,10742,5021,20.1,20.6,40.4,18.9,26414,22755,1298,579,59,770,953,0,3659,86.1,13.9,4.9,2.2,0.2,2.9,3.6,0.0,26414,23390,423,519,47,743,510,782,2242,88.6,8.5,1.6,2.0,0.2,2.8,1.9,3.0,21982,226,2187,199,230,272,1318,26414,83.2,0.9,8.3,0.8,0.9,1.0,5.0,21617,1349,2215,1396,26577,81.3,5.1,8.3,5.3,83,194,707,1702,2686,2686,0.3,0.7,2.7,6.4,10.1,2841,1472,1519,789,284,6905,41.1,21.3,22.0,11.4,4.1,5682,4416,6076,3945,1771,21890,26.0,20.2,27.8,18.0,8.1,674,1798,3145,2391,1214,9222,7.3,19.5,34.1,25.9,13.2,6905,2841,1472,1519,789,284,41.1,21.3,22.0,11.4,4.1,11567,133,303,397,1984,1600,3972,1162,129,21247,833,54.4,9.3,18.7,7.5,5.5,0.6,1.4,1.9,3.9,0.6
"Kells, Meath",Kells,Meath,34575,7262,7694,14205,5414,21.0,22.3,41.1,15.7,34318,29704,1801,447,60,1254,1052,0,4614,86.6,13.4,5.2,1.3,0.2,3.7,3.1,0.0,34318,31114,458,415,52,1183,448,648,2556,90.7,7.4,1.3,1.2,0.2,3.4,1.3,1.9,29699,94,2501,279,239,363,1143,34318,86.5,0.3,7.3,0.8,0.7,1.1,3.3,27719,2077,3482,1297,34575,80.2,6.0,10.1,3.8,151,258,553,2192,3154,3154,0.4,0.7,1.6,6.3,9.1,3461,1910,2052,1174,464,9061,38.2,21.1,22.6,13.0,5.1,6922,5730,8208,5870,2918,29648,23.3,19.3,27.7,19.8,9.8,863,2295,4247,3567,2001,12973,6.7,17.7,32.7,27.5,15.4,9061,3461,1910,2052,1174,464,38.2,21.1,22.6,13.0,5.1,15246,220,422,732,2802,2218,4333,1186,154,27313,1374,55.8,10.3,15.9,8.1,4.3,0.8,1.5,2.7,5.0,0.6
"Kenmare, Kerry",Kenmare,Kerry,27161,4766,5300,11305,5790,17.5,19.5,41.6,21.3,26433,20742,2778,471,65,1220,1157,0,5691,78.5,21.5,10.5,1.8,0.2,4.6,4.4,0.0,26433,22269,1239,406,50,1098,670,701,3463,84.2,13.1,4.7,1.5,0.2,4.2,2.5,2.7,21148,33,3475,101,235,255,1186,26433,80.0,0.1,13.1,0.4,0.9,1.0,4.5,19959,1851,4040,1311,27161,73.5,6.8,14.9,4.8,249,292,566,1796,2903,2903,0.9,1.1,2.1,6.6,10.7,3124,1443,1296,712,261,6836,45.7,21.1,19.0,10.4,3.8,6248,4329,5184,3560,1637,20958,29.8,20.7,24.7,17.0,7.8,628,1700,2678,2156,1121,8283,7.6,20.5,32.3,26.0,13.5,6836,3124,1443,1296,712,261,45.7,21.1,19.0,10.4,3.8,11659,200,486,401,1999,1567,4903,985,195,22395,1087,52.1,8.9,21.9,7.0,4.4,0.9,2.2,1.8,4.9,0.9
"Kildare, Kildare",Kildare,Kildare,29759,6700,7164,12341,3554,22.5,24.1,41.5,11.9,29607,24688,1198,725,138,948,1910,0,4919,83.4,16.6,4.0,2.4,0.5,3.2,6.5,0.0,29607,25723,374,611,97,1074,853,875,3009,86.9,10.2,1.3,2.1,0.3,3.6,2.9,3.0,23299,103,2975,518,648,382,1682,29607,78.7,0.3,10.0,1.7,2.2,1.3,5.7,21199,2991,3707,1862,29759,71.2,10.1,12.5,6.3,201,241,882,2804,4128,4128,0.7,0.8,3.0,9.4,13.9,2771,1818,1975,876,304,7744,35.8,23.5,25.5,11.3,3.9,5542,5454,7900,4380,1913,25189,22.0,21.7,31.4,17.4,7.6,733,2237,4119,2667,1322,11078,6.6,20.2,37.2,24.1,11.9,7744,2771,1818,1975,876,304,35.8,23.5,25.5,11.3,3.9,13425,230,421,614,2313,1745,2919,1222,170,23059,1265,58.2,10.0,12.7,7.6,5.3,1.0,1.8,2.7,5.5,0.7
"Kilkenny, Kilkenny",Kilkenny,Kilkenny,29653,5724,7072,12235,4622,19.3,23.8,41.3,15.6,29134,23159,1344,919,316,1745,1651,0,5975,79.5,20.5,4.6,3.2,1.1,6.0,5.7,0.0,29134,24252,411,785,272,1639,828,947,3935,83.2,13.5,1.4,2.7,0.9,5.6,2.8,3.3,21855,333,3363,402,1104,572,1505,29134,75.0,1.1,11.5,1.4,3.8,2.0,5.2,20387,3370,4075,1821,29653,68.8,11.4,13.7,6.1,294,293,1098,3347,5032,5032,1.0,1.0,3.7,11.3,17.0,3136,1684,1430,713,242,7205,43.5,23.4,19.8,9.9,3.4,6272,5052,5720,3565,1546,22155,28.3,22.8,25.8,16.1,7.0,768,2062,2970,2183,1074,9057,8.5,22.8,32.8,24.1,11.9,7205,3136,1684,1430,713,242,43.5,23.4,19.8,9.9,3.4,13132,238,422,765,2275,1410,4157,1347,183,23929,1425,54.9,9.5,17.4,5.9,5.6,1.0,1.8,3.2,6.0,0.8
"Killaloe, Clare",Killaloe,Clare,21871,4417,4607,9377,3470,20.2,21.1,42.9,15.9,21691,18665,1641,181,39,484,681,0,3026,86.0,14.0,7.6,0.8,0.2,2.2,3.1,0.0,21691,19057,687,162,29,425,324,1007,1627,87.9,7.5,3.2,0.7,0.1,2.0,1.5,4.6,17848,16,1607,37,143,177,1863,21691,82.3,0.1,7.4,0.2,0.7,0.8,8.6,15978,955,2996,1942,21871,73.1,4.4,13.7,8.9,103,228,233,808,1372,1372,0.5,1.0,1.1,3.7,6.3,2113,1148,1236,703,268,5468,38.6,21.0,22.6,12.9,4.9,4226,3444,4944,3515,1675,17804,23.7,19.3,27.8,19.7,9.4,471,1337,2550,2132,1144,7634,6.2,17.5,33.4,27.9,15.0,5468,2113,1148,1236,703,268,38.6,21.0,22.6,12.9,4.9,9967,108,276,350,2068,1047,2875,645,118,17454,734,57.1,11.8,16.5,6.0,3.7,0.6,1.6,2.0,4.2,0.7
"Killarney, Kerry",Killarney,Kerry,31086,5902,7054,13194,4936,19.0,22.7,42.4,15.9,29784,23298,1517,1380,93,1602,1894,0,6486,78.2,21.8,5.1,4.6,0.3,5.4,6.4,0.0,29784,24512,472,1281,58,1558,948,955,4317,82.3,14.5,1.6,4.3,0.2,5.2,3.2,3.2,22488,341,4084,278,907,495,1191,29784,75.5,1.1,13.7,0.9,3.0,1.7,4.0,23100,2815,3519,1652,31086,74.3,9.1,11.3,5.3,267,233,1630,3096,5226,5226,0.9,0.7,5.2,10.0,16.8,2955,1590,1646,801,306,7298,40.5,21.8,22.6,11.0,4.2,5910,4770,6584,4005,1912,23181,25.5,20.6,28.4,17.3,8.2,660,1876,3392,2417,1304,9649,6.8,19.4,35.2,25.0,13.5,7298,2955,1590,1646,801,306,40.5,21.8,22.6,11.0,4.2,14726,243,468,470,2298,1526,4207,1083,163,25184,1181,58.5,9.1,16.7,6.1,4.3,1.0,1.9,1.9,4.7,0.6
"Killiney-Shankill, Dún Laoghaire-Rathdown",Killiney-Shankill,Dún Laoghaire-Rathdown,39352,7113,9333,16004,6902,18.1,23.7,40.7,17.5,38923,31553,2087,426,625,1322,2910,0,7370,81.1,18.9,5.4,1.1,1.6,3.4,7.5,0.0,38923,34290,628,384,443,1322,1412,444,4189,88.1,10.8,1.6,1.0,1.1,3.4,3.6,1.1,31571,136,3479,210,1917,769,841,38923,81.1,0.3,8.9,0.5,4.9,2.0,2.2,24573,4896,8878,1005,39352,62.4,12.4,22.6,2.6,559,561,547,4189,5856,5856,1.4,1.4,1.4,10.6,14.9,4438,2540,2367,1044,317,10706,41.5,23.7,22.1,9.8,3.0,8876,7620,9468,5220,1986,33170,26.8,23.0,28.5,15.7,6.0,1171,3102,4940,3186,1364,13763,8.5,22.5,35.9,23.1,9.9,10706,4438,2540,2367,1044,317,41.5,23.7,22.1,9.8,3.0,17793,243,489,716,3594,2270,5884,1085,165,32239,1448,55.2,11.1,18.3,7.0,3.4,0.8,1.5,2.2,4.5,0.5
"Kilmuckridge, Wexford",Kilmuckridge,Wexford,18399,3827,4043,7627,2902,20.8,22.0,41.5,15.8,18305,16372,1154,135,3,271,370,0,1933,89.4,10.6,6.3,0.7,0.0,1.5,2.0,0.0,18305,16942,457,129,1,221,174,381,982,92.6,5.4,2.5,0.7,0.0,1.2,1.0,2.1,16248,22,1066,30,78,96,765,18305,88.8,0.1,5.8,0.2,0.4,0.5,4.2,14123,1210,2248,818,18399,76.8,6.6,12.2,4.4,60,134,174,543,911,911,0.3,0.7,0.9,3.0,5.0,1893,1021,1111,605,221,4851,39.0,21.0,22.9,12.5,4.6,3786,3063,4444,3025,1400,15718,24.1,19.5,28.3,19.2,8.9,431,1237,2303,1838,970,6779,6.4,18.2,34.0,27.1,14.3,4851,1893,1021,1111,605,221,39.0,21.0,22.9,12.5,4.6,8018,80,197,359,1476,1179,2408,741,114,14572,636,55.0,10.1,16.5,8.1,5.1,0.5,1.4,2.5,4.4,0.8
"Kilrush, Clare",Kilrush,Clare,22289,4162,4499,8952,4676,18.7,20.2,40.2,21.0,21954,19271,1435,244,63,311,630,0,2683,87.8,12.2,6.5,1.1,0.3,1.4,2.9,0.0,21954,20064,512,223,51,272,323,509,1381,91.4,6.3,2.3,1.0,0.2,1.2,1.5,2.3,19528,49,1278,50,134,184,731,21954,88.9,0.2,5.8,0.2,0.6,0.8,3.3,18511,905,1911,962,22289,83.0,4.1,8.6,4.3,62,198,289,713,1262,1262,0.3,0.9,1.3,3.2,5.7,2385,1178,1160,703,282,5708,41.8,20.6,20.3,12.3,4.9,4770,3534,4640,3515,1785,18244,26.1,19.4,25.4,19.3,9.8,531,1402,2401,2137,1230,7701,6.9,18.2,31.2,27.7,16.0,5708,2385,1178,1160,703,282,41.8,20.6,20.3,12.3,4.9,9287,158,272,483,1731,1319,3813,920,144,18127,913,51.2,9.5,21.0,7.3,5.1,0.9,1.5,2.7,5.0,0.8
"Kimmage-Rathmines, Dublin City",Kimmage-Rathmines,Dublin City,59788,8175,19569,23296,8748,13.7,32.7,39.0,14.6,59019,43682,2926,601,803,4097,6910,0,15337,74.0,26.0,5.0,1.0,1.4,6.9,11.7,0.0,59019,46027,738,538,726,4091,4471,2428,10564,78.0,17.9,1.3,0.9,1.2,6.9,7.6,4.1,41786,84,7183,806,2484,2224,4452,59019,70.8,0.1,12.2,1.4,4.2,3.8,7.5,31710,6952,16199,4927,59788,53.0,11.6,27.1,8.2,1596,1090,534,8012,11232,11232,2.7,1.8,0.9,13.4,18.8,6993,2711,2388,1011,356,13459,52.0,20.1,17.7,7.5,2.6,13986,8133,9552,5055,2247,38973,35.9,20.9,24.5,13.0,5.8,1378,3310,4966,3083,1563,14300,9.6,23.1,34.7,21.6,10.9,13459,6993,2711,2388,1011,356,52.0,20.1,17.7,7.5,2.6,31577,363,861,1228,5537,2290,7560,1948,249,51613,2452,61.2,10.7,14.6,4.4,3.8,0.7,1.7,2.4,4.8,0.5
"Kinnegad, Westmeath",Kinnegad,Westmeath,23368,4856,5449,9759,3304,20.8,23.3,41.8,14.1,23217,19911,1336,296,103,710,861,0,3306,85.8,14.2,5.8,1.3,0.4,3.1,3.7,0.0,23217,21053,400,253,73,664,331,443,1721,90.7,7.4,1.7,1.1,0.3,2.9,1.4,1.9,19532,47,1712,238,390,215,1083,23217,84.1,0.2,7.4,1.0,1.7,0.9,4.7,18075,1670,2452,1171,23368,77.3,7.1,10.5,5.0,101,164,375,1547,2187,2187,0.4,0.7,1.6,6.6,9.4,2180,1358,1392,736,347,6013,36.3,22.6,23.1,12.2,5.8,4360,4074,5568,3680,2199,19881,21.9,20.5,28.0,18.5,11.1,516,1663,2896,2238,1518,8831,5.8,18.8,32.8,25.3,17.2,6013,2180,1358,1392,736,347,36.3,22.6,23.1,12.2,5.8,10344,157,291,467,2074,1405,2695,939,140,18512,915,55.9,11.2,14.6,7.6,5.1,0.8,1.6,2.5,4.9,0.8
"Laytown-Bettystown, Meath",Laytown-Bettystown,Meath,40660,9544,9487,17094,4535,23.5,23.3,42.0,11.2,40393,31956,1986,792,405,1972,3282,0,8437,79.1,20.9,4.9,2.0,1.0,4.9,8.1,0.0,40393,34125,599,664,255,1921,2001,828,5440,84.5,13.5,1.5,1.6,0.6,4.8,5.0,2.0,30739,40,4427,1152,1606,915,1514,40393,76.1,0.1,11.0,2.9,4.0,2.3,3.7,28253,4722,5977,1708,40660,69.5,11.6,14.7,4.2,404,372,1033,5578,7387,7387,1.0,0.9,2.5,13.7,18.2,3728,2465,2784,1401,402,10780,34.6,22.9,25.8,13.0,3.7,7456,7395,11136,7005,2527,35519,21.0,20.8,31.4,19.7,7.1,889,3005,5772,4261,1732,15659,5.7,19.2,36.9,27.2,11.1,10780,3728,2465,2784,1401,402,34.6,22.9,25.8,13.0,3.7,18355,315,552,738,3581,2276,3896,1193,210,31116,1605,59.0,11.5,12.5,7.3,3.8,1.0,1.8,2.4,5.2,0.7
"Leixlip, Kildare",Leixlip,Kildare,16755,3229,4035,6635,2856,19.3,24.1,39.6,17.0,16609,13592,693,228,315,604,1177,0,3017,81.8,18.2,4.2,1.4,1.9,3.6,7.1,0.0,16609,14576,174,209,253,678,456,263,1770,87.8,10.7,1.0,1.3,1.5,4.1,2.7,1.6,13152,49,1490,322,754,284,558,16609,79.2,0.3,9.0,1.9,4.5,1.7,3.4,11115,1831,3151,658,16755,66.3,10.9,18.8,3.9,120,154,290,2007,2571,2571,0.7,0.9,1.7,12.0,15.3,1899,1058,1032,488,130,4607,41.2,23.0,22.4,10.6,2.8,3798,3174,4128,2440,819,14359,26.5,22.1,28.7,17.0,5.7,359,1241,2114,1477,567,5758,6.2,21.6,36.7,25.7,9.8,4607,1899,1058,1032,488,130,41.2,23.0,22.4,10.6,2.8,7869,92,192,245,1374,781,2482,434,57,13526,529,58.2,10.2,18.3,5.8,3.2,0.7,1.4,1.8,3.9,0.4
"Letterkenny, Donegal",Letterkenny,Donegal,32266,7102,8315,12841,4008,22.0,25.8,39.8,12.4,31905,23577,3562,808,1042,706,2210,0,8328,73.9,26.1,11.2,2.5,3.3,2.2,6.9,0.0,31905,26620,652,728,925,692,1316,972,4313,83.4,13.5,2.0,2.3,2.9,2.2,4.1,3.0,23962,384,2508,592,1963,752,1744,31905,75.1,1.2,7.9,1.9,6.2,2.4,5.5,21981,5396,3031,1858,32266,68.1,16.7,9.4,5.8,188,166,932,3554,4840,4840,0.6,0.5,2.9,11.0,15.0,3120,1791,1823,936,404,8074,38.6,22.2,22.6,11.6,5.0,6240,5373,7292,4680,2557,26142,23.9,20.6,27.9,17.9,9.8,820,2200,3815,2872,1767,11474,7.1,19.2,33.2,25.0,15.4,8074,3120,1791,1823,936,404,38.6,22.2,22.6,11.6,5.0,13926,266,498,851,3059,1516,3639,1285,124,25164,1615,55.3,12.2,14.5,6.0,5.1,1.1,2.0,3.4,6.4,0.5
"Lifford-Stranorlar, Donegal",Lifford-Stranorlar,Donegal,26863,5661,6004,10748,4450,21.1,22.4,40.0,16.6,26619,21590,3946,215,67,300,501,0,5029,81.1,18.9,14.8,0.8,0.3,1.1,1.9,0.0,26619,24795,513,191,36,268,241,575,1249,93.1,4.7,1.9,0.7,0.1,1.0,0.9,2.2,23924,71,1136,62,230,209,987,26619,89.9,0.3,4.3,0.2,0.9,0.8,3.7,20320,3997,1517,1029,26863,75.6,14.9,5.6,3.8,132,81,271,784,1268,1268,0.5,0.3,1.0,2.9,4.7,2833,1564,1468,820,376,7061,40.1,22.1,20.8,11.6,5.3,5666,4692,5872,4100,2390,22720,24.9,20.7,25.8,18.0,10.5,814,2025,3079,2511,1654,10083,8.1,20.1,30.5,24.9,16.4,7061,2833,1564,1468,820,376,40.1,22.1,20.8,11.6,5.3,10621,276,397,801,2104,1663,3823,1409,108,21202,1474,50.1,9.9,18.0,7.8,6.6,1.3,1.9,3.8,7.0,0.5
"Limerick City East, Limerick",Limerick City East,Limerick,39653,7250,11888,15166,5349,18.3,30.0,38.2,13.5,39166,32782,1543,905,581,1066,2289,0,6384,83.7,16.3,3.9,2.3,1.5,2.7,5.8,0.0,39166,32697,394,818,521,972,1302,2462,4007,83.5,10.2,1.0,2.1,1.3,2.5,3.3,6.3,29183,257,2448,502,1392,592,4792,39166,74.5,0.7,6.3,1.3,3.6,1.5,12.2,26235,2945,5416,5057,39653,66.2,7.4,13.7,12.8,398,328,939,2953,4618,4618,1.0,0.8,2.4,7.4,11.6,3579,1949,1921,958,312,8719,41.0,22.4,22.0,11.0,3.6,7158,5847,7684,4790,1996,27475,26.1,21.3,28.0,17.4,7.3,938,2379,4019,2924,1391,11651,8.1,20.4,34.5,25.1,11.9,8719,3579,1949,1921,958,312,41.0,22.4,22.0,11.0,3.6,16656,243,578,902,5507,1756,4714,1885,162,32403,1723,51.4,17.0,14.5,5.4,5.8,0.7,1.8,2.8,5.3,0.5
"Limerick City North, Limerick",Limerick City North,Limerick,36385,6169,10098,13958,6160,17.0,27.8,38.4,16.9,36017,29597,1337,956,405,1085,2637,0,6420,82.2,17.8,3.7,2.7,1.1,3.0,7.3,0.0,36017,29458,356,855,393,1070,1800,2085,4474,81.8,12.4,1.0,2.4,1.1,3.0,5.0,5.8,26253,222,2454,651,1094,607,4736,36017,72.9,0.6,6.8,1.8,3.0,1.7,13.1,23486,3059,4883,4957,36385,64.5,8.4,13.4,13.6,305,340,819,3061,4525,4525,0.8,0.9,2.3,8.4,12.4,3867,1984,1543,688,262,8344,46.3,23.8,18.5,8.2,3.1,7734,5952,6172,3440,1699,24997,30.9,23.8,24.7,13.8,6.8,1198,2603,3299,2142,1213,10455,11.5,24.9,31.6,20.5,11.6,8344,3867,1984,1543,688,262,46.3,23.8,18.5,8.2,3.1,14487,360,673,1080,3654,2078,5466,2253,165,30216,2113,47.9,12.1,18.1,6.9,7.5,1.2,2.2,3.6,7.0,0.5
"Limerick City West, Limerick",Limerick City West,Limerick,38654,7157,10967,15737,4793,18.5,28.4,40.7,12.4,38130,27197,1364,1792,1200,1706,4871,0,10933,71.3,28.7,3.6,4.7,3.1,4.5,12.8,0.0,38130,27833,436,1613,1073,1706,3276,2193,8104,73.0,21.3,1.1,4.2,2.8,4.5,8.6,5.8,23437,89,4229,1109,3203,1253,4810,38130,61.5,0.2,11.1,2.9,8.4,3.3,12.6,22912,5475,5336,4931,38654,59.3,14.2,13.8,12.8,472,411,1855,6218,8956,8956,1.2,1.1,4.8,16.1,23.2,3664,1927,1820,797,302,8510,43.1,22.6,21.4,9.4,3.5,7328,5781,7280,3985,1940,26314,27.8,22.0,27.7,15.1,7.4,823,2352,3805,2427,1351,10758,7.7,21.9,35.4,22.6,12.6,8510,3664,1927,1820,797,302,43.1,22.6,21.4,9.4,3.5,18128,306,554,916,3696,1815,4295,1622,165,31497,1776,57.6,11.7,13.6,5.8,5.1,1.0,1.8,2.9,5.6,0.5
"Lismore, Waterford",Lismore,Waterford,11403,2204,2333,4753,2113,19.3,20.5,41.7,18.5,11282,9608,902,178,17,253,324,0,1674,85.2,14.8,8.0,1.6,0.2,2.2,2.9,0.0,11282,10022,468,164,14,214,176,224,1036,88.8,9.2,4.1,1.5,0.1,1.9,1.6,2.0,9674,29,1014,22,77,123,343,11282,85.7,0.3,9.0,0.2,0.7,1.1,3.0,9096,627,1301,379,11403,79.8,5.5,11.4,3.3,35,98,205,454,792,792,0.3,0.9,1.8,4.0,6.9,1307,661,612,353,127,3060,42.7,21.6,20.0,11.5,4.2,2614,1983,2448,1765,795,9605,27.2,20.6,25.5,18.4,8.3,287,796,1267,1077,543,3970,7.2,20.1,31.9,27.1,13.7,3060,1307,661,612,353,127,42.7,21.6,20.0,11.5,4.2,5067,57,118,197,877,720,1680,439,44,9199,372,55.1,9.5,18.3,7.8,4.8,0.6,1.3,2.1,4.0,0.5
"Listowel, Kerry",Listowel,Kerry,29285,5387,5573,12087,6238,18.4,19.0,41.3,21.3,29009,25374,2294,372,43,317,609,0,3635,87.5,12.5,7.9,1.3,0.1,1.1,2.1,0.0,29009,26961,688,317,43,250,232,518,1530,92.9,5.3,2.4,1.1,0.1,0.9,0.8,1.8,26195,115,1573,62,170,169,725,29009,90.3,0.4,5.4,0.2,0.6,0.6,2.5,24904,1102,2414,865,29285,85.0,3.8,8.2,3.0,106,188,475,739,1508,1508,0.4,0.6,1.6,2.5,5.1,3365,1694,1645,777,313,7794,43.2,21.7,21.1,10.0,4.0,6730,5082,6580,3885,1947,24224,27.8,21.0,27.2,16.0,8.0,804,2042,3422,2365,1331,9964,8.1,20.5,34.3,23.7,13.4,7794,3365,1694,1645,777,313,43.2,21.7,21.1,10.0,4.0,11860,140,360,693,2225,1930,5108,1398,184,23898,1193,49.6,9.3,21.4,8.1,5.8,0.6,1.5,2.9,5.0,0.8
"Longford, Longford",Longford,Longford,17329,3658,4068,6876,2727,21.1,23.5,39.7,15.7,17154,12470,952,953,86,1473,1220,0,4684,72.7,27.3,5.5,5.6,0.5,8.6,7.1,0.0,17154,12983,295,805,67,1335,675,994,3177,75.7,18.5,1.7,4.7,0.4,7.8,3.9,5.8,10346,725,2557,701,515,696,1614,17154,60.3,4.2,14.9,4.1,3.0,4.1,9.4,11911,2108,1526,1784,17329,68.7,12.2,8.8,10.3,86,134,1110,2649,3979,3979,0.5,0.8,6.4,15.3,23.0,1762,917,832,451,231,4193,42.0,21.9,19.8,10.8,5.5,3524,2751,3328,2255,1474,13332,26.4,20.6,25.0,16.9,11.1,499,1165,1770,1395,1027,5856,8.5,19.9,30.2,23.8,17.5,4193,1762,917,832,451,231,42.0,21.9,19.8,10.8,5.5,6786,237,347,543,1396,996,2275,943,148,13671,1127,49.6,10.2,16.6,7.3,6.9,1.7,2.5,4.0,8.2,1.1
"Loughrea, Galway County",Loughrea,Galway County,25498,5292,5494,10463,4249,20.8,21.5,41.0,16.7,25334,21399,1540,435,210,632,1118,0,3935,84.5,15.5,6.1,1.7,0.8,2.5,4.4,0.0,25334,22350,500,388,176,578,631,711,2273,88.2,9.0,2.0,1.5,0.7,2.3,2.5,2.8,20736,330,1986,155,453,370,1304,25334,81.9,1.3,7.8,0.6,1.8,1.5,5.1,20093,1387,2569,1449,25498,78.8,5.4,10.1,5.7,98,186,548,1723,2555,2555,0.4,0.7,2.1,6.8,10.0,2566,1345,1407,853,313,6484,39.6,20.7,21.7,13.2,4.8,5132,4035,5628,4265,1973,21033,24.4,19.2,26.8,20.3,9.4,593,1634,2910,2595,1362,9094,6.5,18.0,32.0,28.5,15.0,6484,2566,1345,1407,853,313,39.6,20.7,21.7,13.2,4.8,11416,132,281,429,2157,1375,3343,929,144,20206,842,56.5,10.7,16.5,6.8,4.6,0.7,1.4,2.1,4.2,0.7
"Lucan, South Dublin",Lucan,South Dublin,55785,13037,15089,23586,4073,23.4,27.0,42.3,7.3,55392,38023,1692,1246,2918,3857,7656,0,17369,68.6,31.4,3.1,2.2,5.3,7.0,13.8,0.0,55392,43419,543,1037,1643,4023,3292,1435,10538,78.4,19.0,1.0,1.9,3.0,7.3,5.9,2.6,31838,290,7595,2700,7991,1830,3148,55392,57.5,0.5,13.7,4.9,14.4,3.3,5.7,29959,14055,8343,3428,55785,53.7,25.2,15.0,6.1,542,524,1511,15808,18385,18385,1.0,0.9,2.7,28.3,33.0,4199,3254,3962,1765,649,13829,30.4,23.5,28.6,12.8,4.7,8398,9762,15848,8825,4122,46955,17.9,20.8,33.8,18.8,8.8,1011,3893,8179,5376,2856,21315,4.7,18.3,38.4,25.2,13.4,13829,4199,3254,3962,1765,649,30.4,23.5,28.6,12.8,4.7,27375,375,719,902,5720,2538,3669,1247,203,42748,1996,64.0,13.4,8.6,5.9,2.9,0.9,1.7,2.1,4.7,0.5
"Macroom, Cork County",Macroom,Cork County,39847,8623,8590,16558,6076,21.6,21.6,41.6,15.2,39545,34800,1675,955,91,803,1221,0,4745,88.0,12.0,4.2,2.4,0.2,2.0,3.1,0.0,39545,35908,641,866,83,718,630,699,2938,90.8,7.4,1.6,2.2,0.2,1.8,1.6,1.8,34501,49,2840,272,358,345,1180,39545,87.2,0.1,7.2,0.7,0.9,0.9,3.0,32314,1721,4495,1317,39847,81.1,4.3,11.3,3.3,198,393,1126,1753,3470,3470,0.5,1.0,2.8,4.4,8.7,3561,2130,2451,1547,535,10224,34.8,20.8,24.0,15.1,5.2,7122,6390,9804,7735,3337,34388,20.7,18.6,28.5,22.5,9.7,722,2452,5019,4676,2278,15147,4.8,16.2,33.1,30.9,15.0,10224,3561,2130,2451,1547,535,34.8,20.8,24.0,15.1,5.2,18450,174,275,474,3615,2216,4720,1079,221,31224,923,59.1,11.6,15.1,7.1,3.5,0.6,0.9,1.5,3.0,0.7
"Mallow, Cork County",Mallow,Cork County,31507,6829,6941,12960,4777,21.7,22.0,41.1,15.2,31304,26362,1350,841,251,945,1555,0,4942,84.2,15.8,4.3,2.7,0.8,3.0,5.0,0.0,31304,27415,441,772,210,911,820,735,3154,87.6,10.1,1.4,2.5,0.7,2.9,2.6,2.3,25249,191,2609,842,602,508,1303,31304,80.7,0.6,8.3,2.7,1.9,1.6,4.2,24444,2376,3248,1439,31507,77.6,7.5,10.3,4.6,143,367,971,2400,3881,3881,0.5,1.2,3.1,7.6,12.3,3016,1878,1852,1036,365,8147,37.0,23.1,22.7,12.7,4.5,6032,5634,7408,5180,2309,26563,22.7,21.2,27.9,19.5,8.7,708,2311,3852,3155,1600,11626,6.1,19.9,33.1,27.1,13.8,8147,3016,1878,1852,1036,365,37.0,23.1,22.7,12.7,4.5,13615,204,318,544,2866,1757,3828,1357,189,24678,1066,55.2,11.6,15.5,7.1,5.5,0.8,1.3,2.2,4.3,0.8
"Manorhamilton, Leitrim",Manorhamilton,Leitrim,11686,2290,2415,4783,2198,19.6,20.7,40.9,18.8,11546,9265,1415,135,59,299,373,0,2281,80.2,19.8,12.3,1.2,0.5,2.6,3.2,0.0,11546,10230,463,130,50,262,175,236,1080,88.6,9.4,4.0,1.1,0.4,2.3,1.5,2.0,9739,29,1049,23,165,134,407,11546,84.3,0.3,9.1,0.2,1.4,1.2,3.5,8820,807,1612,447,11686,75.5,6.9,13.8,3.8,65,99,180,602,946,946,0.6,0.8,1.5,5.2,8.1,1246,622,582,360,149,2959,42.1,21.0,19.7,12.2,5.0,2492,1866,2328,1800,966,9452,26.4,19.7,24.6,19.0,10.2,291,761,1215,1091,675,4033,7.2,18.9,30.1,27.1,16.7,2959,1246,622,582,360,149,42.1,21.0,19.7,12.2,5.0,4890,75,166,278,987,532,1969,432,67,9396,519,52.0,10.5,21.0,5.7,4.6,0.8,1.8,3.0,5.5,0.7
"Maynooth, Kildare",Maynooth,Kildare,35202,7752,10061,13964,3425,22.0,28.6,39.7,9.7,34712,26830,1795,890,678,1911,2608,0,7882,77.3,22.7,5.2,2.6,2.0,5.5,7.5,0.0,34712,28437,508,782,577,1899,1339,1170,5105,81.9,14.7,1.5,2.3,1.7,5.5,3.9,3.4,25566,135,4068,638,1538,757,2010,34712,73.7,0.4,11.7,1.8,4.4,2.2,5.8,22685,3744,6538,2235,35202,64.4,10.6,18.6,6.3,470,423,965,4295,6153,6153,1.3,1.2,2.7,12.2,17.5,2957,1779,2192,1084,337,8349,35.4,21.3,26.3,13.0,4.0,5914,5337,8768,5420,2114,27553,21.5,19.4,31.8,19.7,7.7,532,2064,4485,3288,1453,11822,4.5,17.5,37.9,27.8,12.3,8349,2957,1779,2192,1084,337,35.4,21.3,26.3,13.0,4.0,16686,177,370,450,4483,1482,3076,615,111,27450,997,60.8,16.3,11.2,5.4,2.2,0.6,1.3,1.6,3.6,0.4
"Midleton, Cork County",Midleton,Cork County,49539,10894,10636,21042,6967,22.0,21.5,42.5,14.1,49065,40695,2475,1887,238,1646,2124,0,8370,82.9,17.1,5.0,3.8,0.5,3.4,4.3,0.0,49065,42429,893,1638,182,1544,1024,1355,5281,86.5,10.8,1.8,3.3,0.4,3.1,2.1,2.8,39056,89,5360,729,758,728,2345,49065,79.6,0.2,10.9,1.5,1.5,1.5,4.8,35542,3605,7762,2630,49539,71.7,7.3,15.7,5.3,359,470,2318,3368,6515,6515,0.7,0.9,4.7,6.8,13.2,4661,2834,3246,1523,473,12737,36.6,22.3,25.5,12.0,3.7,9322,8502,12984,7615,2973,41396,22.5,20.5,31.4,18.4,7.2,1142,3442,6730,4632,2044,17990,6.3,19.1,37.4,25.7,11.4,12737,4661,2834,3246,1523,473,36.6,22.3,25.5,12.0,3.7,22116,238,489,855,4345,2772,5787,1796,247,38645,1582,57.2,11.2,15.0,7.2,4.6,0.6,1.3,2.2,4.1,0.6
"Milford, Donegal",Milford,Donegal,14525,2880,3057,5801,2787,19.8,21.0,39.9,19.2,14270,11847,1978,47,37,105,256,0,2423,83.0,17.0,13.9,0.3,0.3,0.7,1.8,0.0,14270,13143,459,39,17,83,107,422,705,92.1,4.9,3.2,0.3,0.1,0.6,0.7,3.0,12647,50,644,28,117,66,718,14270,88.6,0.4,4.5,0.2,0.8,0.5,5.0,10970,1630,1177,748,14525,75.5,11.2,8.1,5.1,71,85,45,293,494,494,0.5,0.6,0.3,2.0,3.4,1491,791,746,462,197,3687,40.4,21.5,20.2,12.5,5.3,2982,2373,2984,2310,1242,11891,25.1,20.0,25.1,19.4,10.4,386,972,1556,1405,854,5173,7.5,18.8,30.1,27.2,16.5,3687,1491,791,746,462,197,40.4,21.5,20.2,12.5,5.3,6024,83,177,372,1150,764,2460,556,59,11645,632,51.7,9.9,21.1,6.6,4.8,0.7,1.5,3.2,5.4,0.5
"Moate, Westmeath",Moate,Westmeath,20385,4181,4479,8369,3356,20.5,22.0,41.1,16.5,20277,17788,987,271,36,450,745,0,2489,87.7,12.3,4.9,1.3,0.2,2.2,3.7,0.0,20277,18231,289,236,24,427,402,668,1378,89.9,6.8,1.4,1.2,0.1,2.1,2.0,3.3,17216,44,1172,219,152,270,1204,20277,84.9,0.2,5.8,1.1,0.7,1.3,5.9,16272,1166,1662,1285,20385,79.8,5.7,8.2,6.3,142,144,319,1099,1704,1704,0.7,0.7,1.6,5.4,8.4,1973,1144,1174,682,263,5236,37.7,21.8,22.4,13.0,5.0,3946,3432,4696,3410,1641,17125,23.0,20.0,27.4,19.9,9.6,442,1347,2413,2066,1127,7395,6.0,18.2,32.6,27.9,15.2,5236,1973,1144,1174,682,263,37.7,21.8,22.4,13.0,5.0,9056,117,249,387,1753,1171,2680,682,109,16204,753,55.9,10.8,16.5,7.2,4.2,0.7,1.5,2.4,4.6,0.7
"Monaghan, Monaghan",Monaghan,Monaghan,23398,4965,5118,9529,3786,21.2,21.9,40.7,16.2,23024,16996,2761,446,49,1824,948,0,6028,73.8,26.2,12.0,1.9,0.2,7.9,4.1,0.0,23024,19599,224,388,36,1642,554,581,2844,85.1,12.4,1.0,1.7,0.2,7.1,2.4,2.5,18415,139,2724,214,284,345,903,23024,80.0,0.6,11.8,0.9,1.2,1.5,3.9,17959,2722,1657,1060,23398,76.8,11.6,7.1,4.5,45,117,545,2686,3393,3393,0.2,0.5,2.3,11.5,14.5,2276,1271,1249,768,332,5896,38.6,21.6,21.2,13.0,5.6,4552,3813,4996,3840,2070,19271,23.6,19.8,25.9,19.9,10.7,563,1565,2593,2340,1419,8480,6.6,18.5,30.6,27.6,16.7,5896,2276,1271,1249,768,332,38.6,21.6,21.2,13.0,5.6,10447,172,304,460,1860,1197,3128,755,110,18433,936,56.7,10.1,17.0,6.5,4.1,0.9,1.6,2.5,5.1,0.6
"Muinebeag, Carlow",Muinebeag,Carlow,16575,3251,3666,6816,2842,19.6,22.1,41.1,17.1,16461,14731,810,312,44,228,336,0,1730,89.5,10.5,4.9,1.9,0.3,1.4,2.0,0.0,16461,15265,282,276,34,188,139,277,919,92.7,5.6,1.7,1.7,0.2,1.1,0.8,1.7,14768,20,974,21,149,112,417,16461,89.7,0.1,5.9,0.1,0.9,0.7,2.5,13543,1088,1474,470,16575,81.7,6.6,8.9,2.8,44,120,375,548,1087,1087,0.3,0.7,2.3,3.3,6.6,1664,1003,1043,526,181,4417,37.7,22.7,23.6,11.9,4.1,3328,3009,4172,2630,1122,14261,23.3,21.1,29.3,18.4,7.9,420,1201,2140,1592,763,6116,6.9,19.6,35.0,26.0,12.5,4417,1664,1003,1043,526,181,37.7,22.7,23.6,11.9,4.1,7287,77,177,335,1377,1117,2225,681,48,13324,589,54.7,10.3,16.7,8.4,5.1,0.6,1.3,2.5,4.4,0.4
"Mullingar, Westmeath",Mullingar,Westmeath,28160,6134,6696,11377,3953,21.8,23.8,40.4,14.0,27899,21939,1365,858,280,1645,1812,0,5960,78.6,21.4,4.9,3.1,1.0,5.9,6.5,0.0,27899,23175,387,751,210,1600,935,841,3883,83.1,13.9,1.4,2.7,0.8,5.7,3.4,3.0,20182,606,3228,511,968,722,1682,27899,72.3,2.2,11.6,1.8,3.5,2.6,6.0,20136,2924,3099,2001,28160,71.5,10.4,11.0,7.1,178,195,1004,3688,5065,5065,0.6,0.7,3.6,13.1,18.0,2754,1680,1589,782,328,7133,38.6,23.6,22.3,11.0,4.6,5508,5040,6356,3910,2069,22883,24.1,22.0,27.8,17.1,9.0,690,2075,3308,2386,1432,9891,7.0,21.0,33.4,24.1,14.5,7133,2754,1680,1589,782,328,38.6,23.6,22.3,11.0,4.6,12091,273,411,794,2165,1538,3457,1135,162,22026,1478,54.9,9.8,15.7,7.0,5.2,1.2,1.9,3.6,6.7,0.7
"Naas, Kildare",Naas,Kildare,46011,9937,11288,19534,5252,21.6,24.5,42.5,11.4,45661,36082,2064,1576,466,1832,3641,0,9579,79.0,21.0,4.5,3.5,1.0,4.0,8.0,0.0,45661,38808,578,1307,340,1941,1737,950,5903,85.0,12.9,1.3,2.9,0.7,4.3,3.8,2.1,34943,137,5526,788,1812,1009,1446,45661,76.5,0.3,12.1,1.7,4.0,2.2,3.2,31925,4811,7542,1733,46011,69.4,10.5,16.4,3.8,532,438,1953,5566,8489,8489,1.2,1.0,4.2,12.1,18.4,4414,2794,3119,1420,473,12220,36.1,22.9,25.5,11.6,3.9,8828,8382,12476,7100,2972,39758,22.2,21.1,31.4,17.9,7.5,878,3281,6409,4325,2040,16933,5.2,19.4,37.8,25.5,12.0,12220,4414,2794,3119,1420,473,36.1,22.9,25.5,11.6,3.9,22345,226,521,718,4042,2400,4449,1074,299,36074,1465,61.9,11.2,12.3,6.7,3.0,0.6,1.4,2.0,4.1,0.8
"Navan, Meath",Navan,Meath,39294,9027,9856,16195,4216,23.0,25.1,41.2,10.7,39093,29165,1728,1352,340,3247,3261,0,9928,74.6,25.4,4.4,3.5,0.9,8.3,8.3,0.0,39093,31516,444,1134,204,3195,1614,986,6591,80.6,16.9,1.1,2.9,0.5,8.2,4.1,2.5,26571,666,6261,1328,1423,1238,1606,39093,68.0,1.7,16.0,3.4,3.6,3.2,4.1,26839,5639,4925,1891,39294,68.3,14.4,12.5,4.8,276,290,1706,7153,9425,9425,0.7,0.7,4.3,18.2,24.0,3454,2439,2592,1221,448,10154,34.0,24.0,25.5,12.0,4.4,6908,7317,10368,6105,2848,33546,20.6,21.8,30.9,18.2,8.5,988,3008,5409,3719,1982,15106,6.5,19.9,35.8,24.6,13.1,10154,3454,2439,2592,1221,448,34.0,24.0,25.5,12.0,4.4,17551,325,577,987,3490,2196,3598,1327,216,30267,1889,58.0,11.5,11.9,7.3,4.4,1.1,1.9,3.3,6.2,0.7
"Nenagh, Tipperary",Nenagh,Tipperary,23354,4730,5069,9524,4031,20.3,21.7,40.8,17.3,23175,18897,1269,770,272,774,1193,0,4278,81.5,18.5,5.5,3.3,1.2,3.3,5.1,0.0,23175,19766,408,694,233,808,698,568,2841,85.3,12.3,1.8,3.0,1.0,3.5,3.0,2.5,18316,148,2522,130,583,389,1087,23175,79.0,0.6,10.9,0.6,2.5,1.7,4.7,17415,2551,2240,1148,23354,74.6,10.9,9.6,4.9,74,163,960,2224,3421,3421,0.3,0.7,4.1,9.5,14.6,2483,1323,1274,668,254,6002,41.4,22.0,21.2,11.1,4.2,4966,3969,5096,3340,1606,18977,26.2,20.9,26.9,17.6,8.5,628,1616,2652,2029,1104,8029,7.8,20.1,33.0,25.3,13.8,6002,2483,1323,1274,668,254,41.4,22.0,21.2,11.1,4.2,10271,119,306,415,1870,1267,3351,909,116,18624,840,55.1,10.0,18.0,6.8,4.9,0.6,1.6,2.2,4.5,0.6
"New Ross, Wexford",New Ross,Wexford,29946,5920,6606,12228,5192,19.8,22.1,40.8,17.3,29638,25290,1750,1017,91,660,830,0,4348,85.3,14.7,5.9,3.4,0.3,2.2,2.8,0.0,29638,26014,709,899,86,597,499,834,2790,87.8,9.4,2.4,3.0,0.3,2.0,1.7,2.8,24432,469,2830,86,247,308,1266,29638,82.4,1.6,9.5,0.3,0.8,1.0,4.3,23325,1859,3296,1466,29946,77.9,6.2,11.0,4.9,116,144,1168,1436,2864,2864,0.4,0.5,3.9,4.8,9.6,3399,1789,1644,842,332,8006,42.5,22.3,20.5,10.5,4.1,6798,5367,6576,4210,2098,25049,27.1,21.4,26.3,16.8,8.4,801,2179,3431,2574,1448,10433,7.7,20.9,32.9,24.7,13.9,8006,3399,1789,1644,842,332,42.5,22.3,20.5,10.5,4.1,12547,214,469,808,2382,1901,4294,1226,185,24026,1491,52.2,9.9,17.9,7.9,5.1,0.9,2.0,3.4,6.2,0.8
"Newbridge, Kildare",Newbridge,Kildare,37478,7930,9086,16001,4461,21.2,24.2,42.7,11.9,37294,29974,1537,1409,244,1665,2465,0,7320,80.4,19.6,4.1,3.8,0.7,4.5,6.6,0.0,37294,31749,415,1275,188,1666,1150,851,4694,85.1,12.6,1.1,3.4,0.5,4.5,3.1,2.3,28664,179,4345,695,1141,766,1504,37294,76.9,0.5,11.7,1.9,3.1,2.1,4.0,26903,3586,5274,1715,37478,71.8,9.6,14.1,4.6,226,324,1709,4197,6456,6456,0.6,0.9,4.6,11.2,17.2,3579,2297,2496,1191,377,9940,36.0,23.1,25.1,12.0,3.8,7158,6891,9984,5955,2346,32334,22.1,21.3,30.9,18.4,7.3,899,2781,5154,3627,1606,14067,6.4,19.8,36.6,25.8,11.4,9940,3579,2297,2496,1191,377,36.0,23.1,25.1,12.0,3.8,17222,279,492,726,3441,2040,3877,1275,196,29548,1497,58.3,11.6,13.1,6.9,4.3,0.9,1.7,2.5,5.1,0.7
"Newcastle West, Limerick",Newcastle West,Limerick,29033,5711,6078,11748,5496,19.7,20.9,40.5,18.9,28802,24438,1600,735,183,737,1109,0,4364,84.8,15.2,5.6,2.6,0.6,2.6,3.9,0.0,28802,25650,511,614,172,763,547,545,2607,89.1,9.1,1.8,2.1,0.6,2.6,1.9,1.9,24052,519,2451,173,405,323,879,28802,83.5,1.8,8.5,0.6,1.4,1.1,3.1,24160,1718,2160,995,29033,83.2,5.9,7.4,3.4,53,237,859,1860,3009,3009,0.2,0.8,3.0,6.4,10.4,3145,1706,1632,836,328,7647,41.1,22.3,21.3,10.9,4.3,6290,5118,6528,4180,2069,24185,26.0,21.2,27.0,17.3,8.6,707,2011,3366,2539,1421,10044,7.0,20.0,33.5,25.3,14.1,7647,3145,1706,1632,836,328,41.1,22.3,21.3,10.9,4.3,12552,149,336,513,2135,1705,4520,1308,104,23322,998,53.8,9.2,19.4,7.3,5.6,0.6,1.4,2.2,4.3,0.4
"Newport, Tipperary",Newport,Tipperary,17525,3759,3646,7471,2649,21.4,20.8,42.6,15.1,17416,15362,1009,270,47,254,474,0,2054,88.2,11.8,5.8,1.6,0.3,1.5,2.7,0.0,17416,15947,354,237,42,226,195,415,1054,91.6,6.1,2.0,1.4,0.2,1.3,1.1,2.4,15248,22,1040,29,179,118,780,17416,87.6,0.1,6.0,0.2,1.0,0.7,4.5,13984,791,1936,814,17525,79.8,4.5,11.0,4.6,85,162,335,614,1196,1196,0.5,0.9,1.9,3.5,6.8,1566,993,1144,653,201,4557,34.4,21.8,25.1,14.3,4.4,3132,2979,4576,3265,1263,15215,20.6,19.6,30.1,21.5,8.3,328,1182,2353,1976,864,6703,4.9,17.6,35.1,29.5,12.9,4557,1566,993,1144,653,201,34.4,21.8,25.1,14.3,4.4,7969,63,164,251,1745,773,2201,548,52,13766,478,57.9,12.7,16.0,5.6,4.0,0.5,1.2,1.8,3.5,0.4
"North Inner City, Dublin City",North Inner City,Dublin City,74708,9436,32598,27742,4932,12.6,43.6,37.1,6.6,71266,37564,2561,1506,2593,10663,16379,0,33702,52.7,47.3,3.6,2.1,3.6,15.0,23.0,0.0,71266,32844,1003,1374,2526,10952,13309,9258,29164,46.1,40.9,1.4,1.9,3.5,15.4,18.7,13.0,26018,145,13630,1723,6365,4247,19138,71266,36.5,0.2,19.1,2.4,8.9,6.0,26.9,24041,12000,18634,20033,74708,32.2,16.1,24.9,26.8,2504,1199,1091,17808,22602,22602,3.4,1.6,1.5,23.8,30.3,7632,2235,1296,418,174,11755,64.9,19.0,11.0,3.6,1.5,15264,6705,5184,2090,1123,30366,50.3,22.1,17.1,6.9,3.7,1647,2981,2827,1331,808,9594,17.2,31.1,29.5,13.9,8.4,11755,7632,2235,1296,418,174,64.9,19.0,11.0,3.6,1.5,40788,973,1901,2238,8898,2623,4558,2847,446,65272,5112,62.5,13.6,7.0,4.0,4.4,1.5,2.9,3.4,7.8,0.7
"Ongar, Fingal",Ongar,Fingal,43905,10823,11781,18695,2606,24.7,26.8,42.6,5.9,43723,29104,1159,1221,1432,4634,6173,0,14619,66.6,33.4,2.7,2.8,3.3,10.6,14.1,0.0,43723,32811,379,1060,733,4627,2461,1652,9260,75.0,21.2,0.9,2.4,1.7,10.6,5.6,3.8,23124,100,8539,2207,4579,1676,3498,43723,52.9,0.2,19.5,5.0,10.5,3.8,8.0,22428,11592,6235,3650,43905,51.1,26.4,14.2,8.3,431,404,1471,13412,15718,15718,1.0,0.9,3.4,30.5,35.8,3200,2635,3131,1316,543,10825,29.6,24.3,28.9,12.2,5.0,6400,7905,12524,6580,3510,36919,17.3,21.4,33.9,17.8,9.5,946,3210,6506,4025,2454,17141,5.5,18.7,38.0,23.5,14.3,10825,3200,2635,3131,1316,543,29.6,24.3,28.9,12.2,5.0,21213,342,701,804,4270,2131,2245,1178,198,33082,1847,64.1,12.9,6.8,6.4,3.6,1.0,2.1,2.4,5.6,0.6
"Palmerstown-Fonthill, South Dublin",Palmerstown-Fonthill,South Dublin,22142,4075,6013,8573,3481,18.4,27.2,38.7,15.7,21982,19236,618,242,148,663,1075,0,2746,87.5,12.5,2.8,1.1,0.7,3.0,4.9,0.0,21982,19440,149,230,88,696,489,890,1652,88.4,7.5,0.7,1.0,0.4,3.2,2.2,4.0,17407,172,1199,481,590,322,1811,21982,79.2,0.8,5.5,2.2,2.7,1.5,8.2,15366,1935,2850,1991,22142,69.4,8.7,12.9,9.0,137,153,252,1776,2318,2318,0.6,0.7,1.1,8.0,10.5,2306,1468,1101,531,209,5615,41.1,26.1,19.6,9.5,3.7,4612,4404,4404,2655,1331,17406,26.5,25.3,25.3,15.3,7.6,880,1984,2411,1648,935,7858,11.2,25.2,30.7,21.0,11.9,5615,2306,1468,1101,531,209,41.1,26.1,19.6,9.5,3.7,9269,222,396,698,1850,1272,2910,1325,125,18067,1316,51.3,10.2,16.1,7.0,7.3,1.2,2.2,3.9,7.3,0.7
"Pembroke, Dublin City",Pembroke,Dublin City,45663,6140,15333,17109,7081,13.4,33.6,37.5,15.5,44232,29501,3101,341,1167,3362,6760,0,14731,66.7,33.3,7.0,0.8,2.6,7.6,15.3,0.0,44232,31243,973,288,1057,3347,4800,2524,10465,70.6,23.7,2.2,0.7,2.4,7.6,10.9,5.7,28469,18,6237,385,2881,1612,4630,44232,64.4,0.0,14.1,0.9,6.5,3.6,10.5,22869,5521,12057,5216,45663,50.1,12.1,26.4,11.4,1386,1132,281,6614,9413,9413,3.0,2.5,0.6,14.5,20.6,5202,1617,1553,803,232,9407,55.3,17.2,16.5,8.5,2.5,10404,4851,6212,4015,1425,26907,38.7,18.0,23.1,14.9,5.3,584,1831,3175,2425,968,8983,6.5,20.4,35.3,27.0,10.8,9407,5202,1617,1553,803,232,55.3,17.2,16.5,8.5,2.5,24932,254,628,575,4289,1826,6128,727,164,39523,1457,63.1,10.9,15.5,4.6,1.8,0.6,1.6,1.5,3.7,0.4
"Piltown, Kilkenny",Piltown,Kilkenny,22826,4764,5011,9471,3580,20.9,22.0,41.5,15.7,22662,19731,1072,423,79,599,758,0,2931,87.1,12.9,4.7,1.9,0.3,2.6,3.3,0.0,22662,20516,355,361,82,525,347,476,1670,90.5,7.4,1.6,1.6,0.4,2.3,1.5,2.1,19467,64,1736,231,226,263,675,22662,85.9,0.3,7.7,1.0,1.0,1.2,3.0,18059,1396,2547,824,22826,79.1,6.1,11.2,3.6,130,155,521,1413,2219,2219,0.6,0.7,2.3,6.2,9.7,2289,1366,1399,734,281,6069,37.7,22.5,23.1,12.1,4.6,4578,4098,5596,3670,1779,19721,23.2,20.8,28.4,18.6,9.0,544,1627,2903,2223,1223,8520,6.4,19.1,34.1,26.1,14.4,6069,2289,1366,1399,734,281,37.7,22.5,23.1,12.1,4.6,10153,127,280,423,1936,1281,2902,872,88,18062,830,56.2,10.7,16.1,7.1,4.8,0.7,1.6,2.3,4.6,0.5
"Portlaoise, Laois",Portlaoise,Laois,34603,7896,8241,14449,4017,22.8,23.8,41.8,11.6,34344,26482,1296,1602,277,2053,2634,0,7862,77.1,22.9,3.8,4.7,0.8,6.0,7.7,0.0,34344,27417,424,1427,199,1923,1397,1557,5370,79.8,15.6,1.2,4.2,0.6,5.6,4.1,4.5,23498,333,4710,1207,1386,937,2273,34344,68.4,1.0,13.7,3.5,4.0,2.7,6.6,23604,4589,3831,2579,34603,68.2,13.3,11.1,7.5,158,310,2004,4997,7469,7469,0.5,0.9,5.8,14.4,21.6,3109,1976,2127,1032,409,8653,35.9,22.8,24.6,11.9,4.7,6218,5928,8508,5160,2587,28401,21.9,20.9,30.0,18.2,9.1,820,2441,4448,3161,1787,12657,6.5,19.3,35.1,25.0,14.1,8653,3109,1976,2127,1032,409,35.9,22.8,24.6,11.9,4.7,14829,341,539,861,2848,2023,3417,1414,435,26707,1741,55.5,10.7,12.8,7.6,5.3,1.3,2.0,3.2,6.5,1.6
"Portlaw-Kilmacthomas, Waterford",Portlaw-Kilmacthomas,Waterford,18414,3771,3880,7629,3134,20.5,21.1,41.4,17.0,18261,16490,1108,87,10,220,346,0,1771,90.3,9.7,6.1,0.5,0.1,1.2,1.9,0.0,18261,17109,461,76,9,199,154,253,899,93.7,4.9,2.5,0.4,0.0,1.1,0.8,1.4,16644,37,928,23,72,94,463,18261,91.1,0.2,5.1,0.1,0.4,0.5,2.5,15050,810,2024,530,18414,81.7,4.4,11.0,2.9,52,131,116,546,845,845,0.3,0.7,0.6,3.0,4.6,1940,1047,1060,645,233,4925,39.4,21.3,21.5,13.1,4.7,3880,3141,4240,3225,1470,15956,24.3,19.7,26.6,20.2,9.2,451,1265,2195,1962,1012,6885,6.6,18.4,31.9,28.5,14.7,4925,1940,1047,1060,645,233,39.4,21.3,21.5,13.1,4.7,8213,68,183,277,1514,1114,2567,637,70,14643,528,56.1,10.3,17.5,7.6,4.4,0.5,1.2,1.9,3.6,0.5
"Rathfarnham-Templeogue, South Dublin",Rathfarnham-Templeogue,South Dublin,52805,9070,11502,20416,11817,17.2,21.8,38.7,22.4,52298,45741,2070,273,282,1198,2734,0,6557,87.5,12.5,4.0,0.5,0.5,2.3,5.2,0.0,52298,48364,433,222,232,1074,1405,568,3366,92.5,6.4,0.8,0.4,0.4,2.1,2.7,1.1,46089,80,2705,289,1326,829,980,52298,88.1,0.2,5.2,0.6,2.5,1.6,1.9,37373,3895,10268,1269,52805,70.8,7.4,19.4,2.4,691,586,331,3477,5085,5085,1.3,1.1,0.6,6.6,9.6,6238,2929,3205,1481,394,14247,43.8,20.6,22.5,10.4,2.8,12476,8787,12820,7405,2451,43939,28.4,20.0,29.2,16.9,5.6,1095,3389,6546,4472,1672,17174,6.4,19.7,38.1,26.0,9.7,14247,6238,2929,3205,1481,394,43.8,20.6,22.5,10.4,2.8,23705,179,494,610,4426,2599,10500,1069,153,43735,1283,54.2,10.1,24.0,5.9,2.4,0.4,1.1,1.4,2.9,0.3
"Ratoath, Meath",Ratoath,Meath,39326,8837,9678,16290,4521,22.5,24.6,41.4,11.5,39063,32581,1755,572,281,1781,2093,0,6482,83.4,16.6,4.5,1.5,0.7,4.6,5.4,0.0,39063,34448,468,493,187,1777,897,793,3822,88.2,9.8,1.2,1.3,0.5,4.5,2.3,2.0,31681,44,3560,447,1078,646,1607,39063,81.1,0.1,9.1,1.1,2.8,1.7,4.1,28122,3800,5595,1809,39326,71.5,9.7,14.2,4.6,307,413,668,4191,5579,5579,0.8,1.1,1.7,10.7,14.2,3443,2288,2724,1464,455,10374,33.2,22.1,26.3,14.1,4.4,6886,6864,10896,7320,2842,34808,19.8,19.7,31.3,21.0,8.2,638,2643,5611,4431,1938,15261,4.2,17.3,36.8,29.0,12.7,10374,3443,2288,2724,1464,455,33.2,22.1,26.3,14.1,4.4,18937,180,442,457,3783,1941,3839,743,167,30489,1079,62.1,12.4,12.6,6.4,2.4,0.6,1.4,1.5,3.5,0.5
"Roscommon, Roscommon",Roscommon,Roscommon,24708,4843,5121,9958,4786,19.6,20.7,40.3,19.4,24499,19302,2219,540,196,879,1363,0,5197,78.8,21.2,9.1,2.2,0.8,3.6,5.6,0.0,24499,20446,885,492,138,863,867,808,3245,83.5,13.2,3.6,2.0,0.6,3.5,3.5,3.3,18848,200,2583,239,489,747,1393,24499,76.9,0.8,10.5,1.0,2.0,3.0,5.7,19177,1915,2143,1473,24708,77.6,7.8,8.7,6.0,81,130,631,2506,3348,3348,0.3,0.5,2.6,10.1,13.6,2579,1318,1270,701,305,6173,41.8,21.4,20.6,11.4,4.9,5158,3954,5080,3505,1943,19640,26.3,20.1,25.9,17.8,9.9,527,1558,2641,2136,1342,8204,6.4,19.0,32.2,26.0,16.4,6173,2579,1318,1270,701,305,41.8,21.4,20.6,11.4,4.9,10167,194,308,492,1927,1410,3990,1158,219,19865,994,51.2,9.7,20.1,7.1,5.8,1.0,1.6,2.5,5.0,1.1
"Roscrea-Templemore, Tipperary",Roscrea-Templemore,Tipperary,17310,3543,3798,6949,3020,20.5,21.9,40.1,17.4,17173,14987,751,260,28,610,537,0,2186,87.3,12.7,4.4,1.5,0.2,3.6,3.1,0.0,17173,15360,227,241,28,572,322,423,1390,89.4,8.1,1.3,1.4,0.2,3.3,1.9,2.5,14584,234,1305,30,163,178,679,17173,84.9,1.4,7.6,0.2,0.9,1.0,4.0,14277,1206,1116,711,17310,82.5,7.0,6.4,4.1,28,97,301,1208,1634,1634,0.2,0.6,1.7,7.0,9.4,1830,965,859,570,238,4462,41.0,21.6,19.3,12.8,5.3,3660,2895,3436,2850,1505,14346,25.5,20.2,24.0,19.9,10.5,475,1157,1781,1740,1038,6191,7.7,18.7,28.8,28.1,16.8,4462,1830,965,859,570,238,41.0,21.6,19.3,12.8,5.3,7556,99,209,362,1356,975,2360,797,53,13767,670,54.9,9.8,17.1,7.1,5.8,0.7,1.5,2.6,4.9,0.4
"Rosslare, Wexford",Rosslare,Wexford,23573,4463,4894,9838,4378,18.9,20.8,41.7,18.6,23349,19902,1774,189,14,509,961,0,3447,85.2,14.8,7.6,0.8,0.1,2.2,4.1,0.0,23349,20798,744,160,7,462,624,554,1997,89.1,8.6,3.2,0.7,0.0,2.0,2.7,2.4,19825,149,1818,106,122,183,1146,23349,84.9,0.6,7.8,0.5,0.5,0.8,4.9,17642,1346,3290,1295,23573,74.8,5.7,14.0,5.5,105,194,241,956,1496,1496,0.4,0.8,1.0,4.1,6.3,2752,1420,1354,609,201,6336,43.4,22.4,21.4,9.6,3.2,5504,4260,5416,3045,1254,19479,28.3,21.9,27.8,15.6,6.4,649,1745,2837,1854,864,7949,8.2,22.0,35.7,23.3,10.9,6336,2752,1420,1354,609,201,43.4,22.4,21.4,9.6,3.2,10027,146,316,476,1734,1429,3802,1054,126,19110,938,52.5,9.1,19.9,7.5,5.5,0.8,1.7,2.5,4.9,0.7
"Rush-Lusk, Fingal",Rush-Lusk,Fingal,40255,9367,9661,17305,3922,23.3,24.0,43.0,9.7,39952,32621,1806,788,184,2196,2357,0,7331,81.7,18.3,4.5,2.0,0.5,5.5,5.9,0.0,39952,34797,601,696,124,1992,954,788,4367,87.1,10.9,1.5,1.7,0.3,5.0,2.4,2.0,31061,174,4522,1093,857,739,1506,39952,77.7,0.4,11.3,2.7,2.1,1.8,3.8,27073,3990,7478,1714,40255,67.3,9.9,18.6,4.3,487,666,1030,4416,6599,6599,1.2,1.7,2.6,11.0,16.4,3319,2421,2887,1372,462,10461,31.7,23.1,27.6,13.1,4.4,6638,7263,11548,6860,2929,35238,18.8,20.6,32.8,19.5,8.3,782,2909,5982,4195,2024,15892,4.9,18.3,37.6,26.4,12.7,10461,3319,2421,2887,1372,462,31.7,23.1,27.6,13.1,4.4,18858,199,516,648,3981,2051,3380,1107,148,30888,1363,61.1,12.9,10.9,6.6,3.6,0.6,1.7,2.1,4.4,0.5
"Shannon, Clare",Shannon,Clare,31774,6205,8110,12583,4876,19.5,25.5,39.6,15.3,31177,24957,1871,1000,420,876,2053,0,6220,80.0,20.0,6.0,3.2,1.3,2.8,6.6,0.0,31177,27117,378,844,331,787,1113,607,3453,87.0,11.1,1.2,2.7,1.1,2.5,3.6,1.9,24933,156,2802,330,1224,536,1196,31177,80.0,0.5,9.0,1.1,3.9,1.7,3.8,23277,2645,4349,1503,31774,73.3,8.3,13.7,4.7,163,271,1224,2746,4404,4404,0.5,0.9,3.9,8.6,13.9,3254,1795,1846,934,312,8141,40.0,22.0,22.7,11.5,3.8,6508,5385,7384,4670,1954,25901,25.1,20.8,28.5,18.0,7.5,761,2193,3813,2837,1345,10949,7.0,20.0,34.8,25.9,12.3,8141,3254,1795,1846,934,312,40.0,22.0,22.7,11.5,3.8,13798,214,402,565,3602,1517,4195,1111,165,25569,1181,54.0,14.1,16.4,5.9,4.3,0.8,1.6,2.2,4.6,0.6
"Skibbereen-West Cork, Cork County",Skibbereen-West Cork,Cork County,32971,6508,6686,13598,6179,19.7,20.3,41.2,18.7,32541,26614,2682,631,111,1336,1167,0,5927,81.8,18.2,8.2,1.9,0.3,4.1,3.6,0.0,32541,27717,1338,588,82,1191,566,1059,3765,85.2,11.6,4.1,1.8,0.3,3.7,1.7,3.3,26046,99,3757,149,408,349,1733,32541,80.0,0.3,11.5,0.5,1.3,1.1,5.3,22750,2973,5417,1831,32971,69.0,9.0,16.4,5.6,209,384,759,1940,3292,3292,0.6,1.2,2.3,5.9,10.0,3364,1688,1734,1006,414,8206,41.0,20.6,21.1,12.3,5.0,6728,5064,6936,5030,2595,26353,25.5,19.2,26.3,19.1,9.8,759,2017,3594,3053,1776,11199,6.8,18.0,32.1,27.3,15.9,8206,3364,1688,1734,1006,414,41.0,20.6,21.1,12.3,5.0,14647,156,308,505,2572,1920,4950,1195,210,26463,969,55.3,9.7,18.7,7.3,4.5,0.6,1.2,1.9,3.7,0.8
"Sligo-Drumcliff, Sligo",Sligo-Drumcliff,Sligo,18817,3776,3779,7769,3493,20.1,20.1,41.3,18.6,18536,15891,1380,301,79,318,567,0,2645,85.7,14.3,7.4,1.6,0.4,1.7,3.1,0.0,18536,16969,323,259,30,288,279,388,1179,91.5,6.4,1.7,1.4,0.2,1.6,1.5,2.1,16097,102,1121,112,278,192,634,18536,86.8,0.6,6.0,0.6,1.5,1.0,3.4,14125,1582,2285,825,18817,75.1,8.4,12.1,4.4,102,154,378,867,1501,1501,0.5,0.8,2.0,4.6,8.0,2114,1076,1047,575,212,5024,42.1,21.4,20.8,11.4,4.2,4228,3228,4188,2875,1336,15855,26.7,20.4,26.4,18.1,8.4,380,1265,2171,1744,920,6480,5.9,19.5,33.5,26.9,14.2,5024,2114,1076,1047,575,212,42.1,21.4,20.8,11.4,4.2,8431,64,183,288,1679,704,3096,561,35,15041,535,56.1,11.2,20.6,4.7,3.7,0.4,1.2,1.9,3.6,0.2
"Sligo-Strandhill, Sligo",Sligo-Strandhill,Sligo,22932,3778,6295,8875,3984,16.5,27.5,38.7,17.4,22513,17547,1485,638,300,794,1749,0,4966,77.9,22.1,6.6,2.8,1.3,3.5,7.8,0.0,22513,18453,374,549,257,724,1032,1124,2936,82.0,13.0,1.7,2.4,1.1,3.2,4.6,5.0,16412,200,1963,531,994,487,1926,22513,72.9,0.9,8.7,2.4,4.4,2.2,8.6,14756,2490,3621,2065,22932,64.3,10.9,15.8,9.0,192,206,743,2351,3492,3492,0.8,0.9,3.2,10.3,15.2,2490,1117,918,404,154,5083,49.0,22.0,18.1,7.9,3.0,4980,3351,3672,2020,1015,15038,33.1,22.3,24.4,13.4,6.7,706,1410,1942,1246,716,6020,11.7,23.4,32.3,20.7,11.9,5083,2490,1117,918,404,154,49.0,22.0,18.1,7.9,3.0,9773,177,388,627,2478,882,3645,1092,92,19154,1192,51.0,12.9,19.0,4.6,5.7,0.9,2.0,3.3,6.2,0.5
"South East Inner City, Dublin City",South East Inner City,Dublin City,43586,5891,17531,16323,3841,13.5,40.2,37.5,8.8,40542,24653,1860,346,1348,4890,7445,0,15889,60.8,39.2,4.6,0.9,3.3,12.1,18.4,0.0,40542,22451,748,327,1293,5111,5766,4846,13245,55.4,32.7,1.8,0.8,3.2,12.6,14.2,12.0,19599,55,6743,634,2635,2017,8859,40542,48.3,0.1,16.6,1.6,6.5,5.0,21.9,16474,5959,11702,9451,43586,37.8,13.7,26.8,21.7,1451,889,253,7362,9955,9955,3.3,2.0,0.6,16.9,22.8,4415,1368,866,262,95,7006,63.0,19.5,12.4,3.7,1.4,8830,4104,3464,1310,594,18302,48.2,22.4,18.9,7.2,3.2,889,1721,1858,821,418,5707,15.6,30.2,32.6,14.4,7.3,7006,4415,1368,866,262,95,63.0,19.5,12.4,3.7,1.4,24496,386,908,1200,4224,1377,3455,1445,204,37695,2494,65.0,11.2,9.2,3.7,3.8,1.0,2.4,3.2,6.6,0.5
"South West Inner City, Dublin City",South West Inner City,Dublin City,44853,5321,18391,17111,4030,11.9,41.0,38.1,9.0,43727,26823,1831,858,1243,4904,8068,0,16904,61.3,38.7,4.2,2.0,2.8,11.2,18.5,0.0,43727,26012,635,761,1177,5004,5944,4194,13521,59.5,30.9,1.5,1.7,2.7,11.4,13.6,9.6,21416,89,7670,1174,3004,2432,7942,43727,49.0,0.2,17.5,2.7,6.9,5.6,18.2,16916,6810,12956,8171,44853,37.7,15.2,28.9,18.2,1476,834,750,9338,12398,12398,3.3,1.9,1.7,20.8,27.6,5149,1714,1018,321,101,8303,62.0,20.6,12.3,3.9,1.2,10298,5142,4072,1605,653,21770,47.3,23.6,18.7,7.4,3.0,1116,2271,2201,1016,464,7068,15.8,32.1,31.1,14.4,6.6,8303,5149,1714,1018,321,101,62.0,20.6,12.3,3.9,1.2,24766,407,919,1139,5196,1442,3641,1811,211,39532,2465,62.6,13.1,9.2,3.6,4.6,1.0,2.3,2.9,6.2,0.5
"Stillorgan, Dún Laoghaire-Rathdown",Stillorgan,Dún Laoghaire-Rathdown,33196,5577,10288,11478,5853,16.8,31.0,34.6,17.6,32190,24719,1846,150,584,1312,3579,0,7471,76.8,23.2,5.7,0.5,1.8,4.1,11.1,0.0,32190,26869,516,131,527,1231,2284,632,4689,83.5,14.6,1.6,0.4,1.6,3.8,7.1,2.0,24987,12,2874,232,2020,899,1166,32190,77.6,0.0,8.9,0.7,6.3,2.8,3.6,20533,3928,7424,1311,33196,61.9,11.8,22.4,3.9,598,699,166,3913,5376,5376,1.8,2.1,0.5,11.8,16.2,3166,1516,1788,1017,248,7735,40.9,19.6,23.1,13.1,3.2,6332,4548,7152,5085,1538,24655,25.7,18.4,29.0,20.6,6.2,468,1741,3663,3078,1044,9994,4.7,17.4,36.7,30.8,10.4,7735,3166,1516,1788,1017,248,40.9,19.6,23.1,13.1,3.2,13502,117,293,265,6130,1818,4951,423,120,27619,675,48.9,22.2,17.9,6.6,1.5,0.4,1.1,1.0,2.4,0.4
"Swinford, Mayo",Swinford,Mayo,18066,3173,3440,7331,4122,17.6,19.0,40.6,22.8,17817,14406,2367,201,79,314,450,0,3411,80.9,19.1,13.3,1.1,0.4,1.8,2.5,0.0,17817,15935,867,184,63,278,188,302,1580,89.4,8.9,4.9,1.0,0.4,1.6,1.1,1.7,15293,88,1596,37,146,154,503,17817,85.8,0.5,9.0,0.2,0.8,0.9,2.8,14888,798,1831,549,18066,82.4,4.4,10.1,3.0,59,149,258,676,1142,1142,0.3,0.8,1.4,3.7,6.3,2117,955,875,499,234,4680,45.2,20.4,18.7,10.7,5.0,4234,2865,3500,2495,1484,14578,29.0,19.7,24.0,17.1,10.2,415,1153,1801,1524,1026,5919,7.0,19.5,30.4,25.7,17.3,4680,2117,955,875,499,234,45.2,20.4,18.7,10.7,5.0,7297,112,245,436,1355,960,3492,886,110,14893,793,49.0,9.1,23.4,6.4,5.9,0.8,1.6,2.9,5.3,0.7
"Swords, Fingal",Swords,Fingal,48739,10129,13012,20782,4816,20.8,26.7,42.6,9.9,48139,35078,1810,1653,1099,4204,4295,0,13061,72.9,27.1,3.8,3.4,2.3,8.7,8.9,0.0,48139,36617,546,1411,845,4254,2320,2146,9376,76.1,19.5,1.1,2.9,1.8,8.8,4.8,4.5,31320,202,7428,1044,2727,1182,4236,48139,65.1,0.4,15.4,2.2,5.7,2.5,8.8,29434,6203,8558,4544,48739,60.4,12.7,17.6,9.3,786,475,1804,8418,11483,11483,1.6,1.0,3.7,17.3,23.6,4400,2981,3026,1160,320,11887,37.0,25.1,25.5,9.8,2.7,8800,8943,12104,5800,2023,37670,23.4,23.7,32.1,15.4,5.4,1100,3615,6244,3530,1399,15888,6.9,22.8,39.3,22.2,8.8,11887,4400,2981,3026,1160,320,37.0,25.1,25.5,9.8,2.7,24895,305,702,912,3723,2061,4365,1384,263,38610,1919,64.5,9.6,11.3,5.3,3.6,0.8,1.8,2.4,5.0,0.7
"Tallaght Central, South Dublin",Tallaght Central,South Dublin,36178,6677,9127,13473,6901,18.5,25.2,37.2,19.1,35866,27465,972,1343,770,1825,3491,0,8401,76.6,23.4,2.7,3.7,2.1,5.1,9.7,0.0,35866,28107,232,1224,677,1812,2132,1682,6077,78.4,16.9,0.6,3.4,1.9,5.1,5.9,4.7,24486,168,4014,753,2182,960,3303,35866,68.3,0.5,11.2,2.1,6.1,2.7,9.2,23581,4399,5158,3040,36178,65.2,12.2,14.3,8.4,259,185,1459,5458,7361,7361,0.7,0.5,4.0,15.1,20.3,4319,2248,1773,702,275,9317,46.4,24.1,19.0,7.5,3.0,8638,6744,7092,3510,1750,27734,31.1,24.3,25.6,12.7,6.3,1207,2790,3720,2153,1219,11089,10.9,25.2,33.5,19.4,11.0,9317,4319,2248,1773,702,275,46.4,24.1,19.0,7.5,3.0,15918,288,558,897,2321,1999,5852,1465,203,29501,1743,54.0,7.9,19.8,6.8,5.0,1.0,1.9,3.0,5.9,0.7
"Tallaght South, South Dublin",Tallaght South,South Dublin,43644,10639,12890,17024,3091,24.4,29.5,39.0,7.1,43417,33777,1227,1151,1115,2074,4073,0,9640,77.8,22.2,2.8,2.7,2.6,4.8,9.4,0.0,43417,35826,367,1044,795,2063,1581,1741,5850,82.5,13.5,0.8,2.4,1.8,4.8,3.6,4.0,27941,579,4317,2830,2903,1198,3649,43417,64.4,1.3,9.9,6.5,6.7,2.8,8.4,26476,6985,6003,4180,43644,60.7,16.0,13.8,9.6,321,488,1361,7784,9954,9954,0.7,1.1,3.1,17.8,22.8,3526,2796,2533,1250,627,10732,32.9,26.1,23.6,11.6,5.8,7052,8388,10132,6250,4093,35915,19.6,23.4,28.2,17.4,11.4,1601,3890,5557,3966,2921,17935,8.9,21.7,31.0,22.1,16.3,10732,3526,2796,2533,1250,627,32.9,26.1,23.6,11.6,5.8,18677,603,892,1558,4067,2454,2553,1965,236,33005,3053,56.6,12.3,7.7,7.4,6.0,1.8,2.7,4.7,9.3,0.7
"Thurles, Tipperary",Thurles,Tipperary,19980,3820,4496,7829,3835,19.1,22.5,39.2,19.2,19864,17703,917,333,53,339,519,0,2161,89.1,10.9,4.6,1.7,0.3,1.7,2.6,0.0,19864,18248,252,336,43,302,239,444,1172,91.9,5.9,1.3,1.7,0.2,1.5,1.2,2.2,17191,272,1084,41,226,209,841,19864,86.5,1.4,5.5,0.2,1.1,1.1,4.2,16704,893,1467,916,19980,83.6,4.5,7.3,4.6,43,108,395,896,1442,1442,0.2,0.5,2.0,4.5,7.2,2080,1151,1036,559,246,5072,41.0,22.7,20.4,11.0,4.9,4160,3453,4144,2795,1577,16129,25.8,21.4,25.7,17.3,9.8,518,1402,2166,1702,1095,6883,7.5,20.4,31.5,24.7,15.9,5072,2080,1151,1036,559,246,41.0,22.7,20.4,11.0,4.9,8607,125,213,409,1680,1163,3094,805,64,16160,747,53.3,10.4,19.1,7.2,5.0,0.8,1.3,2.5,4.6,0.4
"Tralee, Kerry",Tralee,Kerry,35922,6490,8554,14696,6182,18.1,23.8,40.9,17.2,35403,27969,2211,1049,270,1374,2530,0,7434,79.0,21.0,6.2,3.0,0.8,3.9,7.1,0.0,35403,29450,600,908,222,1243,1312,1668,4285,83.2,12.1,1.7,2.6,0.6,3.5,3.7,4.7,25412,588,3237,697,1245,983,3241,35403,71.8,1.7,9.1,2.0,3.5,2.8,9.2,24849,3696,3770,3607,35922,69.2,10.3,10.5,10.0,218,239,1224,3906,5587,5587,0.6,0.7,3.4,10.9,15.6,3704,2019,1769,842,330,8664,42.8,23.3,20.4,9.7,3.8,7408,6057,7076,4210,2113,26864,27.6,22.5,26.3,15.7,7.9,1084,2489,3718,2575,1476,11342,9.6,21.9,32.8,22.7,13.0,8664,3704,2019,1769,842,330,42.8,23.3,20.4,9.7,3.8,14624,369,584,1033,3336,2012,5346,1882,246,29432,1986,49.7,11.3,18.2,6.8,6.4,1.3,2.0,3.5,6.7,0.8
"Tramore-Waterford City West, Waterford",Tramore-Waterford City West,Waterford,24803,4515,6124,10375,3789,18.2,24.7,41.8,15.3,24532,19511,1423,497,99,1109,1893,0,5021,79.5,20.5,5.8,2.0,0.4,4.5,7.7,0.0,24532,20217,517,424,103,1007,1205,1059,3256,82.4,13.3,2.1,1.7,0.4,4.1,4.9,4.3,18244,113,2301,673,436,444,2321,24532,74.4,0.5,9.4,2.7,1.8,1.8,9.5,15726,2436,4143,2498,24803,63.4,9.8,16.7,10.1,169,219,472,2521,3381,3381,0.7,0.9,1.9,10.2,13.6,2701,1383,1307,568,187,6146,43.9,22.5,21.3,9.2,3.0,5402,4149,5228,2840,1188,18807,28.7,22.1,27.8,15.1,6.3,736,1747,2735,1741,824,7783,9.5,22.4,35.1,22.4,10.6,6146,2701,1383,1307,568,187,43.9,22.5,21.3,9.2,3.0,10991,210,404,662,2196,1216,3448,1040,121,20288,1276,54.2,10.8,17.0,6.0,5.1,1.0,2.0,3.3,6.3,0.6
"Trim, Meath",Trim,Meath,33455,7534,7557,14016,4348,22.5,22.6,41.9,13.0,33265,28611,1542,640,132,1106,1234,0,4654,86.0,14.0,4.6,1.9,0.4,3.3,3.7,0.0,33265,30018,418,566,84,984,508,687,2560,90.2,7.7,1.3,1.7,0.3,3.0,1.5,2.1,28088,114,2655,289,541,377,1201,33265,84.4,0.3,8.0,0.9,1.6,1.1,3.6,25420,2304,4332,1399,33455,76.0,6.9,12.9,4.2,196,225,781,2340,3542,3542,0.6,0.7,2.3,7.0,10.6,2967,1912,2133,1211,420,8643,34.3,22.1,24.7,14.0,4.9,5934,5736,8532,6055,2645,28902,20.5,19.8,29.5,21.0,9.2,653,2331,4411,3667,1812,12874,5.1,18.1,34.3,28.5,14.1,8643,2967,1912,2133,1211,420,34.3,22.1,24.7,14.0,4.9,15321,161,393,592,2851,1935,3447,1044,177,25921,1146,59.1,11.0,13.3,7.5,4.0,0.6,1.5,2.3,4.4,0.7
"Tuam, Galway County",Tuam,Galway County,35544,7646,7424,14828,5646,21.5,20.9,41.7,15.9,35315,29544,2295,821,247,980,1428,0,5771,83.7,16.3,6.5,2.3,0.7,2.8,4.0,0.0,35315,31113,597,733,202,976,732,962,3240,88.1,9.2,1.7,2.1,0.6,2.8,2.1,2.7,28511,830,2953,374,609,461,1577,35315,80.7,2.4,8.4,1.1,1.7,1.3,4.5,28166,2155,3439,1784,35544,79.2,6.1,9.7,5.0,171,297,1030,2363,3861,3861,0.5,0.8,2.9,6.6,10.9,3436,2005,2152,1207,433,9233,37.2,21.7,23.3,13.1,4.7,6872,6015,8608,6035,2754,30284,22.7,19.9,28.4,19.9,9.1,734,2402,4451,3657,1898,13142,5.6,18.3,33.9,27.8,14.4,9233,3436,2005,2152,1207,433,37.2,21.7,23.3,13.1,4.7,15666,186,392,711,3061,1944,4490,1262,186,27898,1289,56.2,11.0,16.1,7.0,4.5,0.7,1.4,2.5,4.6,0.7
"Tullamore, Offaly",Tullamore,Offaly,30958,6472,7214,12584,4688,20.9,23.3,40.6,15.1,30708,25617,1302,749,249,1275,1516,0,5091,83.4,16.6,4.2,2.4,0.8,4.2,4.9,0.0,30708,26642,322,658,197,1178,798,913,3153,86.8,10.3,1.0,2.1,0.6,3.8,2.6,3.0,24225,595,2767,333,819,510,1459,30708,78.9,1.9,9.0,1.1,2.7,1.7,4.8,23880,2588,2740,1750,30958,77.1,8.4,8.9,5.7,148,171,919,2934,4172,4172,0.5,0.6,3.0,9.5,13.5,3125,1830,1717,905,382,7959,39.3,23.0,21.6,11.4,4.8,6250,5490,6868,4525,2439,25572,24.4,21.5,26.9,17.7,9.5,821,2259,3579,2763,1690,11112,7.4,20.3,32.2,24.9,15.2,7959,3125,1830,1717,905,382,39.3,23.0,21.6,11.4,4.8,13183,285,410,693,2479,1768,4021,1466,181,24486,1388,53.8,10.1,16.4,7.2,6.0,1.2,1.7,2.8,5.7,0.7
"Tullow, Carlow",Tullow,Carlow,20225,4261,4579,8371,3014,21.1,22.6,41.4,14.9,20104,17348,847,563,70,711,565,0,2756,86.3,13.7,4.2,2.8,0.3,3.5,2.8,0.0,20104,17601,270,520,54,663,290,706,1797,87.5,8.9,1.3,2.6,0.3,3.3,1.4,3.5,16496,160,1712,53,209,251,1223,20104,82.1,0.8,8.5,0.3,1.0,1.2,6.1,15070,1895,1952,1308,20225,74.5,9.4,9.7,6.5,61,119,655,1192,2027,2027,0.3,0.6,3.2,5.9,10.0,1978,1183,1205,673,209,5248,37.7,22.5,23.0,12.8,4.0,3956,3549,4820,3365,1301,16991,23.3,20.9,28.4,19.8,7.7,482,1457,2526,2042,893,7400,6.5,19.7,34.1,27.6,12.1,5248,1978,1183,1205,673,209,37.7,22.5,23.0,12.8,4.0,9014,105,236,424,1661,1256,2349,853,66,15964,765,56.5,10.4,14.7,7.9,5.3,0.7,1.5,2.7,4.8,0.4
"Waterford City East, Waterford",Waterford City East,Waterford,24397,4605,5446,10115,4231,18.9,22.3,41.5,17.3,24120,19481,1329,339,465,888,1618,0,4639,80.8,19.2,5.5,1.4,1.9,3.7,6.7,0.0,24120,20319,413,306,361,847,832,1042,2759,84.2,11.4,1.7,1.3,1.5,3.5,3.4,4.3,18468,63,2141,359,1173,422,1494,24120,76.6,0.3,8.9,1.5,4.9,1.7,6.2,16319,2564,3876,1638,24397,66.9,10.5,15.9,6.7,215,260,427,3175,4077,4077,0.9,1.1,1.8,13.0,16.7,2732,1354,1435,653,186,6360,43.0,21.3,22.6,10.3,2.9,5464,4062,5740,3265,1163,19694,27.7,20.6,29.1,16.6,5.9,565,1618,2953,1990,798,7924,7.1,20.4,37.3,25.1,10.1,6360,2732,1354,1435,653,186,43.0,21.3,22.6,10.3,2.9,10943,148,326,443,2165,1171,3798,710,88,19792,917,55.3,10.9,19.2,5.9,3.6,0.7,1.6,2.2,4.6,0.4
"Waterford City South, Waterford",Waterford City South,Waterford,26011,4767,7300,10071,3873,18.3,28.1,38.7,14.9,25793,20540,1024,714,302,1285,1928,0,5253,79.6,20.4,4.0,2.8,1.2,5.0,7.5,0.0,25793,20898,304,619,211,1232,1126,1403,3492,81.0,13.5,1.2,2.4,0.8,4.8,4.4,5.4,17970,252,2579,842,919,600,2631,25793,69.7,1.0,10.0,3.3,3.6,2.3,10.2,16399,2932,3796,2884,26011,63.0,11.3,14.6,11.1,138,208,791,3493,4630,4630,0.5,0.8,3.0,13.4,17.8,2782,1523,1207,492,197,6201,44.9,24.6,19.5,7.9,3.2,5564,4569,4828,2460,1265,18686,29.8,24.5,25.8,13.2,6.8,958,2021,2605,1525,895,8004,12.0,25.2,32.5,19.1,11.2,6201,2782,1523,1207,492,197,44.9,24.6,19.5,7.9,3.2,10583,240,507,950,2684,1361,3440,1386,93,21244,1697,49.8,12.6,16.2,6.4,6.5,1.1,2.4,4.5,8.0,0.4
"Westport, Mayo",Westport,Mayo,19947,3890,3960,8311,3786,19.5,19.9,41.7,19.0,19422,15752,1984,326,52,591,717,0,3670,81.1,18.9,10.2,1.7,0.3,3.0,3.7,0.0,19422,17057,676,282,39,524,305,539,1826,87.8,9.4,3.5,1.5,0.2,2.7,1.6,2.8,16368,17,1842,28,153,224,790,19422,84.3,0.1,9.5,0.1,0.8,1.2,4.1,15111,1083,2834,919,19947,75.8,5.4,14.2,4.6,148,261,396,856,1661,1661,0.7,1.3,2.0,4.3,8.3,2166,1004,1011,586,209,4976,43.5,20.2,20.3,11.8,4.2,4332,3012,4044,2930,1315,15633,27.7,19.3,25.9,18.7,8.4,440,1216,2106,1777,899,6438,6.8,18.9,32.7,27.6,14.0,4976,2166,1004,1011,586,209,43.5,20.2,20.3,11.8,4.2,8929,88,248,337,1504,998,3267,568,118,16057,673,55.6,9.4,20.3,6.2,3.5,0.5,1.5,2.1,4.2,0.7
"Wexford, Wexford",Wexford,Wexford,31547,5769,7105,13077,5596,18.3,22.5,41.5,17.7,31271,25842,1805,754,380,1155,1335,0,5429,82.6,17.4,5.8,2.4,1.2,3.7,4.3,0.0,31271,27073,577,703,318,1052,766,782,3416,86.6,10.9,1.8,2.2,1.0,3.4,2.4,2.5,25289,171,3026,181,854,500,1250,31271,80.9,0.5,9.7,0.6,2.7,1.6,4.0,23084,2446,4581,1436,31547,73.2,7.8,14.5,4.6,177,246,926,2666,4015,4015,0.6,0.8,2.9,8.5,12.7,3681,1901,1753,715,222,8272,44.5,23.0,21.2,8.6,2.7,7362,5703,7012,3575,1408,25060,29.4,22.8,28.0,14.3,5.6,982,2376,3669,2177,975,10179,9.6,23.3,36.0,21.4,9.6,8272,3681,1901,1753,715,222,44.5,23.0,21.2,8.6,2.7,13566,228,463,777,2224,1699,5072,1557,192,25778,1468,52.6,8.6,19.7,6.6,6.0,0.9,1.8,3.0,5.7,0.7
"Wicklow, Wicklow",Wicklow,Wicklow,32593,7055,7182,13790,4566,21.6,22.0,42.3,14.0,32224,26903,1855,451,263,1106,1646,0,5321,83.5,16.5,5.8,1.4,0.8,3.4,5.1,0.0,32224,28731,653,379,120,958,810,573,2920,89.2,9.1,2.0,1.2,0.4,3.0,2.5,1.8,26443,364,2879,260,804,539,935,32224,82.1,1.1,8.9,0.8,2.5,1.7,2.9,20975,3949,6520,1149,32593,64.4,12.1,20.0,3.5,265,359,577,2631,3832,3832,0.8,1.1,1.8,8.1,11.8,3346,2031,2228,959,299,8863,37.8,22.9,25.1,10.8,3.4,6692,6093,8912,4795,1869,28361,23.6,21.5,31.4,16.9,6.6,893,2438,4604,2920,1285,12140,7.4,20.1,37.9,24.1,10.6,8863,3346,2031,2228,959,299,37.8,22.9,25.1,10.8,3.4,14524,234,488,756,2708,1840,3837,957,194,25538,1478,56.9,10.6,15.0,7.2,3.7,0.9,1.9,3.0,5.8,0.8
