SA_PUB2022,population_2022
017001001,419
017002001,345
017002002,338
017002003/01,439
017003001,255
017003002,344
017004001,321
017004002,197
017004003,270
017005001,238
017005002,213
017006001,351
017007001,282
017008002/017008001,382
017008003,300
017008004,402
017009001,276
017009002,253
017010001,229
017010002,294
017010003,285
017010004,311
017010005,449
017010006/017010007,294
017010007,327
017010008,547
017010009,424
017010010,419
017010011,332
017010012/01,249
017010012/02,423
017010013,360
017010014,233
017010015,117
017010016,242
017010017,349
017010018,289
017010019,198
017010020,243
017010021,285
017010022,294
017010023,216
017010024,186
017010025,246
017010026,291
017010027,392
017010028,388
017010029/017010046,398
017010030,238
017010031,280
017010032,229
017010033,419
017010034/01,371
017010034/02,273
017010035,323
017010036,237
017010037,290
017010038,627
017010039,118
017010040,360
017010041,478
017010042,440
017010043,310
017010044,240
017010045,230
017010046,324
017010047,407
017010048,384
017010049/017010048,315
017011001,161
017011002,230
017011003,186
017011004,126
017011005,168
017011006,175
017011007,253
017011008,166
017011009,287
017011010,221
017011011,281
017011012,323
017011013,129
017011014,191
017011015,163
017011016,170
017011017,255
017011018,192
017011019,248
017011020,268
017011021,131
017011022,233
017011023,295
017011024,197
017012001,348
017012004/01,233
017012004/02,277
017012004/02/017012002/017012003,280
017013001,414
017013002,207
017013003,235
017013004,249
017014001,220
017014002,328
017015001,211
017016001,288
017016002,272
017017001,364
017017002,244
017017003,360
017017004,250
017018002/017018001,378
017018003,479
017019001,307
017019002,341
017020001,395
017021001,278
017021002,311
017022001,246
017022002,327
017022003,361
017022004,292
017023001,314
017024001,458
017024002,152
017025001,338
017025002,278
017025003,366
017026001,234
017026002,224
017027001,219
017027002,239
017028001,395
017029001,371
017030001,360
017031001,318
017031002,203
017031004,239
017031005/01/017031003,199
017031005/02,343
017031006,377
017032001,433
017033001,353
017033002,366
017034001,183
017034002,232
017034003,292
017034004,331
017034005,478
017034006,323
017034007,184
017034008,258
017034009,236
017034010,209
017034011,219
017035001,213
017035002/01,292
017035002/02,98
017036001,296
017036002,323
017036003,274
017037001,395
017037002,211
017038001,180
017038002,274
017038003,338
017039001,137
017040001/017040002,438
017041001/01,257
017041001/02,210
017041002,376
017041003,296
017042001,316
017042002/017042003,311
017042004,304
017043001,298
017044001,280
017044002,288
017045001,295
017045002,264
017046001,487
017047001,234
017047002,236
017048001,348
017049001,377
017049002,144
017049003,133
017050001,222
017050002,322
017050003,235
017050004,173
017051001,322
017051002,281
017051003,242
017051004,366
017051005,269
017051006,203
017051007,469
017051008,383
017051009,275
017051010,309
017051011,326
017051012,364
017051013,431
017051014,157
017052001,284
017052002,334
017053001,327
017054001,302
017054002,182
017054003,224
017054004/017054005,422
017054006,243
017054007,282
027001001,206
027001002,189
027001003,310
027001004,192
027002001,189
027002002,205
027002003,205
027002004,154
027002005,214
027003001,229
027003002,185
027004001,217
027004002,260
027004003,311
027004004,215
027004005,253
027004006,295
027004007,303
027004008,197
027004009,252
027004010,207
027004011,374
027004012,165
027004013,183
027004014,197
027004015,232
027004016,207
027004017,140
027004018,222
027005001,228
027005002,203
027006001,187
027006002,250
027006003,173
027006004,202
027006005,219
027006006,200
027006007,352
027006008,276
027007001,229
027007002,175
027007003,419
027007004,329
027008001,309
027008002,233
027008003,311
027008004,283
027008005,277
027008006,262
027008007/027008011,254
027008008/027008003,324
027008009,348
027008010,322
027008011,251
027008012,374
027009001,177
027009002,204
027009003,214
027009004,243
027010001,236
027011001,223
027011002,162
027011003,240
027012002,348
027012003,304
027012004,285
027012005,423
027012006/027012001,268
027013001,271
027013002,258
027013003,149
027013004,268
027013005,125
027013006,161
027013007,112
027013008,249
027013009,166
027014001,79
027015001,199
027016001,208
027017001,271
027017002,230
027018001,212
027018002,331
027019001,213
027020001,287
027020002,340
027021001,211
027021002,228
027022001,281
027022002,215
027022003,204
027022004,197
027023001,314
027024001,316
027024002,400
027024003,278
027024004,400
027024005,319
027024006,295
027024007,491
027024008,345
027024009,289
027024010,275
027024011,370
027024012,297
027024013,163
027024014,218
027024015,421
027024016,329
027024017,350
027024018,276
027024019,374
027024020,274
027024021,301
027024022,344
027024023,204
027024024,424
027024025,255
027024026,312
027024027,197
027024028,230
027025001,252
027025002,117
027025003,301
027025004,221
027025005,268
027025006,185
027025007,275
027025008,231
027025009,194
027025010,294
027025011,377
027025012,150
027025013/027025014,191
027025014/027025018,285
027025015,126
027025016,152
027025017,249
027026001,432
027026002,487
027027001,327
027027002,221
027027003/01,192
027027003/02,151
027027004,247
027028001,195
027028002,145
027028003,228
027028004,170
027028005,228
027028006/027028005,145
027028007/027028008,315
027028008,279
027029001,284
027030001,204
027030002,244
027031001,386
027031002,291
027032001,169
027032002,220
027032003,221
027033001,362
027033002,345
027034001,454
027035001,241
027035002,208
027035003,258
027036001,259
027036002,214
027037001,97
027038001/027047001,136
027039001,151
027040001,136
027041001,160
027042001,256
027042002,242
027043001,310
027043002,326
027044001,311
027044002,207
027045001,226
027045002,243
027045003,205
027046001,282
027046002,259
027048001,236
027048002,246
027049001,322
027050001,333
027050002,256
027051001,213
027051002,299
027052001,148
027052002,223
027052003,262
027052004,165
027052005,200
027053001,204
027053002,248
027054001/027054003,369
027054002,274
027055001,331
027056001,227
027056002,167
027057001,229
027057002,247
027057003/027057005,216
027057004,152
027057006,248
027058001/027085001,144
027059001,324
027059002,179
027060001,205
027060002,227
027060003,214
027061001,275
027061002,460
027061003,241
027061004,240
027062001,111
027063001,181
027063002,290
027063003,341
027063004,251
027063005,402
027063006,416
027063007,387
027063008,251
027063009,440
027063010,247
027063011,499
027064001,211
027064002,276
027065001,267
027065002,211
027066001,225
027066002,282
027067001,192
027067002,222
027068001,291
027069001,144
027069002,185
027070001,224
027070002,192
027070003,208
027071001,204
027071002,200
027072001,271
027072002,246
027072003,235
027072004,273
027072005,223
027072006,254
027072007,237
027073001,379
027073002,421
027073003,463
027073004,365
027073005,234
027073006,367
027073007,306
027074001,350
027074002,325
027074003,256
027074004,251
027075001/027088001,191
027076001,224
027076002,216
027077001,249
027077002,219
027078001,241
027078002,253
027078003,168
027079001,248
027079002,234
027079003/027079005,220
027079004/027079002,249
027079005/027079003,325
027080001,215
027080002,230
027081001,173
027082001,294
027082002,300
027082003,261
027083001/027083002,159
027083003,222
027084001,328
027084002,333
027086001,129
027086002,148
027087001,248
027087002,334
027089001,171
027089003/027089002,175
027090001,234
027090002,375
027091001,330
027092001,250
027092002/01,197
027092002/02,264
027092003,244
027092004,303
027092005,215
027092006,314
027092007,343
027092008,221
027092009,310
027092010,309
027092011,239
027092012,404
027092013,194
027092014,334
027092015,267
027092016,411
027092017,391
027093001,305
027093002,311
027093003,164
037001001,147
037001002,147
037001003/037001004,231
037002001,180
037002002,187
037002003,149
037003001/01,239
037003001/02,134
037004001,191
037005001,154
037006001,286
037006002,412
037006003/037006004,343
037007001,300
037007002,253
037007003,228
037008001/037067001,222
037009001,267
037009002,386
037009003,299
037009004/01,104
037009004/02,146
037009005,387
037009006,235
037009007,284
037009008,260
037009009/01,172
037009009/02,138
037009010,309
037009011,191
037009012,196
037009013,247
037009014,505
037009015,458
037009016,373
037009017,374
037009018,417
037009019,282
037010001,231
037011001,252
037012001,147
037012002/037012003,251
037013001,172
037013002/037013003,250
037014001,288
037015001,358
037016001,225
037017001,212
037018001/37041001,188
037019001,225
037020001,210
037021001,366
037021002,312
037021003,433
037022001,146
037023001,158
037024001,229
037024002,266
037025001,71
037026001,381
037026002,204
037026003,315
037026004,232
037026005,181
037026006,322
037026007,147
037026008,290
037026009,714
037026010,276
037026011,172
037026012,307
037027001,356
037027002,293
037027003,326
037027004,337
037027005,297
037027006,383
037027007,300
037027008,287
037027009,399
037027010,298
037027011,372
037027012,261
037027013,272
037027014,827
037027015,255
037027016,338
037027017,357
037027018,323
037027019,299
037027020,262
037027021,209
037027022,210
037027023,217
037027024,219
037027025,229
037027026,154
037027027,234
037027028,279
037027029,236
037027030,244
037027031,286
037027032,181
037027033,168
037027034,373
037027035,250
037027036,237
037027037,174
037027038,163
037028001,201
037029001,285
037029002,301
037030001,233
037030002,470
037031001,158
037031002,159
037031003,171
037032001,252
037033001,232
037033002,157
037034001,245
037035001,234
037035002,305
037036001,307
037037001,279
037038001,266
037039001,213
037040001,255
037040002,259
037042001,185
037042002,165
037042003,239
037042004/01/037042005,219
037042004/02,289
037042006,265
037043001,235
037043002,214
037043003/01,253
037043003/02,252
037043004,198
037043005,252
037044001,227
037044002,206
037045001,194
037045002,237
037045003,379
037045004,270
037046001,245
037047001,120
037048001,147
037049001/037049002,511
037049003/037049004,279
037050001,331
037050002,458
037050003,296
037050004,271
037050005,436
037050006,355
037051002/037051001,306
037051003,361
037052001,242
037052002,207
037053001,380
037053003/01,288
037053003/02/037053002,265
037054001,227
037054002,243
037054003,181
037055001,334
037056001,312
037057001/037057002,208
037057003,240
037057004,230
037057005,174
037057006,225
037057007,366
037057008,277
037057009,246
037057010,401
037057011,269
037057012,277
037057013,223
037057014,269
037057015,379
037057016,247
037057017,133
037057018,268
037057019,229
037057020,197
037057021,293
037057022,295
037057023,260
037057024,216
037057025,195
037057026,303
037057027,322
037057028,241
037057029,171
037057030,220
037057031,232
037057032,195
037057033,300
037057034,322
037057035,198
037057036,255
037057037,216
037057038,245
037057039,240
037057040,281
037057041,287
037057042,346
037057043,219
037057044,224
037057045,163
037057046,173
037057047,331
037057048,355
037057049,365
037057050,261
037057051,330
037057052,241
037057053,425
037057054,218
037057055,288
037057056,329
037057057,272
037057058,258
037057059,245
037057060,497
037057061,320
037057062,284
037057063,367
037057064,519
037057065,284
037057066,184
037057067,336
037057068/037057069/037057070,158
037057069/01,343
037057069/02,169
037057071,337
037057072,367
037058001,352
037058002,145
037058003,191
037058004/037058005,239
037058006,150
037058007,150
037058008,188
037058009,283
037058010,233
037058011,185
037059001,170
037059002,173
037059004/037059006,226
037059005/037059008,219
037059007/037059009,350
037059010/037059003,239
037059011,193
037059012,397
037059013/037059015,300
037059014,247
037060001,364
037061001,452
037062001,223
037063001,288
037064001,190
037065001/037065002,153
037066001,178
037066002,211
037068001/037069001,374
037070001,117
037070002/037070003,138
037071001,272
037071002,187
037072001,206
037072002,269
037072003,263
037073001/037073003/037073004,210
037073002,163
037075001,254
037075002,152
037076001,190
037076002,155
037077004/037077006/037077001/037077002/037077003,204
037077007,94
037077008/037077014/037077005,419
037077009,238
037077013/037077010/037077011/037077012,259
037078001,378
037078002,262
037078003,210
037078004,179
037079001,314
037079002,209
037079003,227
037079004,205
037080001,287
037080002,347
037080003,240
037080004,246
037080005,250
037080006/037080007,286
037080008,214
037080009,300
037080010,130
037081001,282
037082001,175
037082002,180
037082003,158
037082004,296
037083001/037083002,168
037083003,126
037084001,152
037084002,157
037085001,526
037085002,374
037086001/037086002,140
037086003,172
037086004,195
037086005,309
037087001,228
037087002,197
037088001,347
037089001,139
037089002,172
037090001,158
037091001,261
037091002,368
037092001,204
037092002,240
037093001,244
037093002,232
037093003,240
037094001,275
037095001,150
037095002/037095005,119
037095003,199
037095004,211
037095006,159
037096001,268
037096002,313
037096003,378
037097001,326
037097002,250
037098001,193
037098002,337
037098003,208
037099001,336
037099002,141
037099003,302
037099004,285
037099005/037099010,182
037099006,170
037099007,130
037099008,118
037099009,179
037099011,191
037099012,240
037099013,306
037099014,210
037100001,303
037100002/01,294
037100002/02,222
037101001,136
037102001,210
037103001,323
037103002,386
037103003,247
037103004,307
037103005,364
037103006,360
037104001,194
037105001,313
037106001,232
037107001,129
037107002,174
037108001,204
037109001,337
037110001,124
037111001/037111002,311
037111003/037111004,135
037112001,157
037112002,426
037113001,799
037113002,334
037113003,135
037114001,245
037114002,416
037115001,161
037116001,296
037117001,317
037118001,160
037118002,184
037118003/037118004,230
037118005,197
037118006/037118008,261
037118009,318
037118010,175
037118011/037118007,244
037119001,91
037120001,334
037120002,293
037120003,190
037120004,388
037120005,205
037121001/037121002,254
037121003,209
037122001/037122002,79
037123001,236
037123002/037123003,306
037123004/037123005,223
037124001,132
037124002,102
037125001,374
037126001,194
037127001,281
037128001,341
037128002,410
037128003,273
037128004,483
037128005,340
037128007/037128006,250
037129001,111
037130001/037130002,403
037130003,279
037131001,233
037131002,292
037131003,269
037132001,152
037133001,210
037134001,209
037134002,268
037134003,231
037134004/01,294
037134004/02,214
037134005,308
037135001,141
037135002/037135003,197
037136001,268
037137001,97
037138001,134
037139001,207
037140001/01,273
037140001/02,216
037140002,229
037141001,177
037141002,268
037141003,322
037142001,189
037142002,174
037142003,244
037142004,182
037142005,309
037142006,327
037143001,392
037143002,103
037143003,447
037143004,310
037143005,348
037143006/01,323
037143006/02,343
037143007,276
037143008,345
037144001,161
037145001,199
037145002,289
037145003,237
037146001,95
037147001,339
037147002,292
037147003,229
037147004,430
037148001,185
037149001,243
037149002,217
037149003,221
037150001,201
037150002,240
037150003,303
037150004,235
037150005,159
037151001,101
037152001,155
037153001,336
037153002,381
037153003,352
037154001,231
037154002,248
037154003,349
037154004,177
037154005,242
037154006,170
037154007,145
037155001,204
037156001,157
037156002,149
037156003,162
037156004,196
037156005,201
037156006,326
037156007,132
037156008,156
047001001,219
047001002,252
047001003,272
047002001/047002006,149
047002002,109
047002003/047002004,106
047002005,133
047003001,299
047004002/047004006,174
047004003,118
047004004,163
047004005,168
047005001,239
047006001,286
047006002,232
047007001,310
047007002,421
047007003,326
047007004,468
047008001,264
047009001/01,138
047009001/02,126
047009002,259
047010001,374
047010002,376
047011001,236
047011002,249
047011003,166
047011004,187
047012001,213
047012002,297
047013001,382
047014001,381
047015001,276
047015002,334
047016001,333
047016002,452
047016003,312
047016004,250
047016005,366
047016006,420
047016007,218
047016008,389
047016009,320
047016010,230
047016011,272
047016012,210
047016013/01,325
047016013/02,201
047016014,383
047016015,249
047016016,347
047016017,225
047016018,193
047016019,242
047016020,325
047016021,224
047016022,211
047016023,244
047016024,272
047016025,276
047016026,213
047016027,271
047016028,296
047016029/047016030,340
047016031/01,267
047016031/02,418
047016032,311
047016033,310
047016034,228
047016035,307
047016036,292
047016037/01,258
047016037/02,239
047016038,287
047016039,693
047016040,248
047016041,285
047016042,237
047016043,280
047016044,248
047016045,748
047016046,353
047016047,367
047016048,228
047016049,168
047016050,310
047016051,252
047016052,257
047016053,323
047016054,376
047016055,303
047016056,202
047016057,319
047016058,208
047016059,175
047016060,177
047016061,187
047016062,179
047016063,369
047016064,511
047016065,606
047016066,362
047017001,217
047017002,261
047017003,258
047018001,385
047018002,134
047018003,208
047019001,258
047019002,178
047019003,199
047020001,325
047021001,161
047021002,128
047022001,240
047022002,277
047022003,277
047023001,335
047023002,396
047023003,223
047023004,175
047023005,191
047023006,178
047023007,242
047023008,235
047024001,172
047024002,132
047024003,113
047024004/047024007,162
047024005/01,112
047024005/02,122
047024006,111
047025001,408
047026001,404
047027001,320
047027002,309
047027003,459
047027004/01,275
047027004/02,281
047027005,282
047028001,370
047028002,272
047028003,282
047028004,281
047028005,286
047028006,298
047029001,295
047030001,195
047030002,329
047030003,202
047030004,281
047031001,204
047031002,194
047032001,268
047032002,309
047032003,549
047032004,283
047033001,241
047033002,258
047033003,287
047033004/047033011,352
047033005,257
047033006,298
047033007,268
047033008,291
047033009,284
047033010,350
047033012,180
047033013,387
047033014,262
047033015,309
047033016,306
047033017,330
047034001,270
047034002,349
047034003,266
047035001,336
047035002,399
047035003,259
047036001,420
047037001,287
047037002,227
047037003,217
047037004,304
047038001,257
047038002,211
047038003,310
047039001,355
047040001,362
047040002/047040003,394
047041005/01,208
047041005/02,206
047041005/03/047041005/047041001/047041004/047041002/047041003/047319001,232
047041005/04,274
047041005/05,246
047042001,217
047042002,253
047042003,166
047042006,146
047042007/047042005,191
047042008,160
047042009,198
047042010,364
047042011,429
047042012,216
047042013/047042004,198
047042014,346
047042015,252
047042016,222
047043001,294
047043002,267
047044001,246
047045001,401
047046001,183
047046002,175
047047001,190
047048001,178
047048002,148
047048003,235
047049001,279
047050001,90
047050002/047050003/047050004,128
047051001,318
047052001/047052002/047016014,421
047053001,299
047053002,396
047053003,408
047054001,252
047054002,322
047054003/01,111
047054003/02,250
047054004,382
047054005,237
047054006,216
047054007,210
047054008,324
047054009,328
047054010,186
047054011,211
047054012,226
047054013,220
047054014,358
047054015/01,152
047054015/02,181
047054016/01,232
047054016/02,220
047054017,213
047054018,257
047054019,270
047054020,316
047054021,220
047055001,331
047055002,198
047055003/047055004,224
047056001,352
047056002,343
047057001/047057003,174
047057002,179
047057004/047057004,311
047058001,341
047058002,325
047059001/047059002/047059003,202
047059004,256
047060001,211
047060003/01,173
047060003/02/047060002/047060006,274
047060004,227
047060005,259
047060007,246
047060008,208
047060009,199
047060010,168
047061001,298
047062001,294
047062002,240
047063001,307
047063002,337
047064002,172
047064003,320
047064004,220
047064005,355
047064006,389
047064007,346
047064008/047064001,697
047064009,306
047064010,250
047064011,333
047064012,276
047064013,236
047064014/047064016/01,278
047064014/047064016/02,365
047064014/047064016/03,253
047064015,320
047064017,303
047064018,316
047064019,230
047064020,273
047064021,454
047064022,254
047064023,201
047064024,253
047064025,171
047064026,270
047064027,239
047065001,221
047065002,185
047066001,333
047067001,357
047067002,365
047068001,110
047068002,110
047068003,88
047069001,225
047070001,159
047071001,353
047071002,914
047071003,271
047071004/01,307
047071004/02,658
047071005,320
047071006,211
047071007,178
047072001,297
047072002,178
047072003,301
047072004,323
047072005,227
047072006,416
047072007,264
047072008/01,300
047072008/02,427
047072008/03,244
047072009,316
047072010,398
047072011,359
047072012,277
047072013,229
047072014,197
047072015,338
047072016,233
047072017,332
047072018,382
047072019,447
047072020,321
047072021,354
047072022,268
047072023,527
047072024,391
047072025,271
047072026,219
047072027,383
047072028,353
047072029,213
047072030,246
047072031,225
047072032,378
047072033,323
047072034,281
047072035,307
047072036,361
047072037,179
047072038,350
047072039,239
047072040,265
047072041/047072042,310
047073001,169
047073002,177
047074001,304
047074002,232
047075001,317
047075002,294
047075003,303
047075004,411
047076001,232
047076002,396
047076003,348
047076004,162
047076005,241
047076006,238
047077001/01,208
047077001/02,219
047077001/03,328
047077002,238
047077003,204
047077004,186
047077005,301
047077006,405
047077007,295
047077008,272
047077009,332
047077010,334
047077011,256
047077012,367
047077013,306
047077014,417
047077015,404
047077016,238
047077017/01,260
047077017/02,250
047077018,410
047077019,250
047077020,388
047077021,388
047077022,423
047077023,250
047077024,252
047078001,441
047079001/047079003,532
047079002,329
047080001,222
047081001,288
047081002,176
047082001,183
047082002/047082003,138
047082004/047082005,167
047082006,329
047083001/047083002,132
047083003,131
047083004/047083005,287
047084001,223
047084002,428
047084003,277
047084004,274
047085001,366
047085002,354
047086001,266
047086002,314
047086003,277
047086004,203
047087001,262
047087002,247
047087003,236
047087004,180
047088001,263
047088002,237
047089001,278
047090001,279
047090002,184
047090003,258
047090004,280
047090005,155
047090006,288
047090007,265
047090008,373
047090009,241
047090010,262
047090011,254
047090012,254
047090013/01,270
047090013/02/047090014,206
047090015,275
047090016,211
047090017,189
047090018,202
047091001,334
047091002,268
047091003,284
047091004,400
047092001,213
047093001,373
047094001,185
047094002,203
047095001,336
047095002,262
047095003,303
047095004,282
047095005,263
047095006,334
047095007/047095008,433
047096001,325
047096002,277
047096003,230
047096004,247
047096005,132
047096006,174
047096007,152
047096008,312
047096009,235
047096010,143
047096011,178
047096012,179
047096013,177
047096014,229
047096015,155
047096016,311
047096017,221
047096018,373
047096019,425
047097001,249
047097002,182
047097003,180
047097004,283
047098001,214
047098002,141
047099001,150
047100001,291
047101001,301
047101002,307
047102001,220
047103001,211
047103002/047103005,443
047103003,318
047103004,262
047104001,204
047104002,182
047105001/047105003,342
047105002,535
047105004,265
047105005,582
047105006,283
047105007,251
047105008,316
047105009,401
047105010,374
047105011,283
047105012,448
047105013,226
047105014,231
047105015,193
047106001,295
047106002,362
047106003,409
047106005,232
047106006/01,277
047106006/02,284
047106007,213
047106008,346
047106009,185
047106010,332
047106011,699
047106012,375
047106013,418
047106014,204
047106015,440
047106016,289
047106017,228
047106018,363
047106019,211
047106020,215
047106021,242
047106022,261
047106023,347
047106024,276
047106025,602
047106026/047106029,184
047106027,232
047106028/01,222
047106028/02/047106004,307
047107001,325
047107002,242
047107003,380
047107004,259
047107005,274
047107006,238
047107007,200
047107008,177
047107009,137
047107010/047107028,236
047107011,211
047107012,206
047107013,246
047107014,280
047107015,269
047107016,236
047107017,262
047107018,316
047107019,214
047107020,317
047107021/01,254
047107021/02,248
047107022,192
047107023,324
047107024,131
047107025,214
047107026,185
047107027,253
047107029,153
047108001,216
047109001,399
047110001,257
047110002,263
047110003,183
047111001/01,215
047111001/02,255
047111002,274
047111003,169
047111004,297
047112001,239
047112002,219
047113001,265
047113002,170
047114001,254
047114002,342
047114004,194
047114005/047114003,205
047115002,228
047115003,501
047115004/01,357
047115004/02,215
047115005,348
047115006,328
047115007,158
047115008,271
047115009,154
047115010,250
047116001,156
047116002,139
047116003/047116004,143
047116005,144
047117001,166
047117002,224
047117003,266
047117004/047117005,249
047118001,205
047119001/047119005,73
047119002/047119003/047119004,132
047120001,363
047120002,221
047121001,273
047121002,170
047122001,429
047123001/047123004,146
047123002,173
047123003,108
047124001,266
047125001,229
047126001,185
047126002/047126003/047126004/047126005,327
047127001,242
047128001,276
047128002,252
047129001,260
047129003,258
047129004,385
047129005,214
047129006,218
047129007/047129002,220
047130001,256
047130002,214
047131001,260
047132001,221
047132002,190
047132003,252
047132004,289
047132005,221
047132006,318
047132007,249
047132008,303
047132009,289
047132010,207
047132011,290
047132012,383
047132013,243
047132014,259
047132015,200
047132016,324
047132017,312
047132018/01,228
047132018/02,434
047132018/03,335
047132019,328
047132020,267
047132021,372
047132022,154
047132023,284
047132024,249
047132025,204
047132026,200
047132027,216
047132028,286
047132029,276
047132030,292
047132031,376
047132032,328
047132033/01,291
047132033/02,162
047132034,236
047132035,206
047132036,256
047132037,217
047132038,186
047132039,344
047132040,217
047132041,392
047132042,205
047132043,291
047132044,247
047132045,191
047132046,270
047132047,371
047132048,188
047132049,203
047132050,271
047132051,168
047132052,121
047132053,284
047132054,244
047132055,361
047132056,227
047132057,277
047132058,208
047132059,300
047132060,282
047132061,163
047132062,211
047132063,157
047132064,200
047132065,246
047132066,401
047132067,301
047132068,273
047132069,172
047132070,278
047132071,241
047132072,177
047132073,216
047132074,259
047132075,409
047132076,317
047132077,250
047132078,240
047132079,256
047132080,200
047132081,269
047132082,178
047132083,155
047132084,276
047133001,210
047133002,178
047134001,268
047135001,301
047135002,282
047135003,440
047135004,272
047135005,323
047136001,291
047136002,357
047136004,130
047136006,276
047136007,269
047136008/047136003/047136005,709
047137001,461
047137002,175
047138001,297
047139001,316
047139002,312
047140001,294
047140002,185
047140003/01,415
047140003/02,313
047140004,340
047140005,260
047140006,226
047140007,208
047140008,240
047140009,341
047140010,239
047141001,187
047142001,383
047142002,337
047142003,412
047142004,252
047142005,350
047143001,419
047143002,399
047144001/047144002,251
047145001,218
047145002,203
047145003,207
047145004,345
047145005,291
047146001,211
047146002,225
047146003,216
047146004,280
047146005,364
047146006,261
047147001,124
047147002,159
047148001,154
047148002/047148003,155
047148004,227
047148005,154
047149001,253
047149002,245
047150001,302
047150002,230
047151001,231
047151002,262
047151003/01,287
047151003/02,177
047151004,326
047151005,267
047151006,408
047151007,308
047151008,357
047151009,157
047151010,201
047151011,435
047151012,317
047151013,307
047151014,277
047151015,364
047151016,290
047152001,209
047152002,224
047152003,158
047152004,118
047152005,258
047152006,253
047152007,194
047152008,223
047152009,181
047152010/047152013,188
047152011,307
047152012,267
047153001,352
047153002,383
047154001,224
047154002,185
047155001,311
047156001,190
047156002,233
047156003,276
047157001/047157002,221
047158001,257
047158002,199
047159001,228
047159002,300
047159003,240
047159004,221
047159005,167
047160001,321
047160002,151
047160003,334
047160004/047160006,222
047160005,153
047161001,231
047161002,198
047162001,215
047162002,501
047163001/047163004,84
047163002,81
047163003,59
047164001,220
047165001,308
047165002,234
047166001,330
047167001,222
047167002,252
047168001,324
047168002,262
047168003,229
047169001,348
047169002,324
047169003,294
047169004,360
047170001,317
047170002,231
047170003,317
047170004,285
047170005,290
047171001,245
047171002,270
047171003,292
047172001,309
047173001/01,295
047173001/02,313
047173002/01,211
047173002/02,285
047173003,220
047173004,328
047173005,254
047173006,347
047173007,267
047173008,319
047173009,213
047174001,376
047175001,337
047175002,287
047176001,193
047176002,257
047176003,136
047177001,291
047177002,310
047177003,226
047177004,224
047177005,319
047177006,205
047177007,220
047177008,299
047178001,168
047178002,298
047178003,368
047178004,328
047178005,342
047178006,394
047178007,356
047178008,348
047178009,184
047178010,200
047178011,318
047178012,294
047178013,197
047178014,207
047178015,304
047178016,239
047178017,340
047178018,292
047178019,334
047178020,214
047178021,221
047179001,376
047179002,229
047179003,293
047179004,323
047179005,224
047179006,255
047179007,184
047179008,185
047179009,218
047180001,158
047180002,199
047181001,226
047181002,362
047182001,227
047182002,309
047182003,270
047183001,431
047183002,351
047183003,243
047183004,319
047184001,365
047185001,408
047185002,238
047186001,262
047186002,303
047186003,447
047186004,284
047186005,308
047186006/01,219
047186006/02,442
047186007,216
047186008,199
047186009,222
047187002/047187003,166
047187004/047187008,211
047187005,184
047187006/047187001,172
047187007,162
047188001/047188002,109
047188003,86
047188004,138
047188005,186
047188006,153
047188007,108
047189001,201
047189002/047189003/047189004,246
047190001,408
047191001,333
047192001,212
047193001,314
047193002,289
047193003,285
047194001,283
047195001,314
047195002,367
047196001,243
047196002/01,165
047196002/02,207
047196003,192
047197001/047197003/047197005,282
047197002/047197004,333
047198001,159
047199001,274
047199002,259
047200001,142
047200002/047200006,257
047200003,203
047200004,215
047200005/047200011,269
047200008/047200007,264
047200009/047200010,263
047201001,217
047201002,205
047202001,304
047202002,380
047202003,303
047202004,313
047202005,288
047203001,320
047203002,368
047204001,185
047204002,186
047205001/047205003,264
047205002,283
047205004,223
047205005,264
047206001,272
047206002,206
047206003,231
047207001,378
047208001,203
047209001,344
047210001,514
047210002,272
047210003,256
047210004,295
047211001,339
047212001,274
047212002,313
047213001/047213003/047213004,172
047213002,208
047214001,266
047214002,212
047214003,253
047215001,275
047215002,282
047216001,335
047216002,222
047217001,273
047217002,309
047217003,268
047217004,290
047218001,167
047218002,255
047218003,400
047218004,223
047218005,301
047218006,285
047218007,177
047219001,216
047219002,288
047220001,223
047220002,219
047221001,337
047221002,266
047221003,273
047221004,231
047221005/047221006,192
047221007,396
047221008,255
047221009,158
047221010,164
047221011,109
047221012,352
047221013/01,315
047221013/02,430
047221014,254
047221015,197
047221016,572
047221017,319
047221018,230
047221019,318
047221020,237
047222001,248
047222002/047222011,281
047222003,161
047222004,143
047222005,223
047222006/01,278
047222006/02,247
047222007,190
047222008,250
047222009,204
047222010,240
047222012,166
047223001/047223002,395
047224001/047224002,350
047224003,366
047224004,358
047225001,183
047225002,140
047226001,477
047227001,226
047227002,278
047227003,381
047227004,302
047227005,228
047228001,194
047228002,203
047228003,213
047229001,283
047229002,312
047229003,517
047229004,427
047229005,228
047230001,322
047230002,445
047231001,333
047232002/047232001,388
047232003,167
047233001/047009001,131
047233002,379
047234001,235
047234002,374
047235001,192
047235002,243
047235003,278
047235004,197
047235005,387
047235006,290
047235007,225
047235008,228
047235009,305
047235010,320
047235011,250
047235012,336
047235013,293
047235014,388
047235015,253
047235016,285
047235017/01,240
047235017/02,218
047235017/03,234
047235017/04,201
047235018,330
047235019,279
047235020,408
047235021,215
047235022/047027005,365
047235023,368
047235024/01,500
047235024/02,360
047235025,370
047235026,154
047235027/047235026,679
047235028,298
047235029,366
047235030,175
047235031,356
047235032,237
047235033,323
047235034,446
047236001/01,196
047236001/02,213
047236002,405
047237001,381
047238001,245
047238002,382
047239001/047239014,372
047239002,292
047239003,362
047239004,270
047239005,271
047239006,235
047239007,280
047239008,453
047239009,249
047239010,264
047239011/01,278
047239011/02,396
047239012,429
047239013,288
047239015/01,314
047239015/02,371
047240001,312
047240002,476
047240003,325
047241001,133
047241002/047241003/047241004,111
047242001/047243013,279
047242002,283
047242003,343
047243001,162
047243002/047243004,244
047243003,194
047243005,210
047243006,324
047243007/01,160
047243007/02,176
047243007/03/047243011,299
047243008,380
047243009,341
047243010,206
047243012,193
047243014,289
047243015,332
047243016,195
047243017,303
047243018,387
047244003/01,257
047244003/02/047244002,202
047244004,252
047244005/01,193
047244005/02/047244001,244
047245001,281
047245002/01,112
047245002/02,445
047245003,226
047245004/01,449
047245004/02,522
047245005/01,222
047245005/02,241
047245006,367
047245007,320
047245008,211
047245009,326
047245010/01,129
047245010/02,105
047245011,166
047245012,322
047245013,303
047245014,298
047246001,258
047246002,340
047246003,182
047246004,166
047246005,388
047246006,265
047246007,212
047246008,247
047246009,174
047246010,208
047246011,251
047246012,188
047247001,310
047247002,288
047248001,412
047249001,283
047249002,219
047250001,459
047250002,341
047250003,267
047250004,335
047250005/01,116
047250005/02,325
047250006,305
047250007,197
047250008,353
047250009,355
047250010,237
047251001,240
047251002,161
047252001,274
047252002,183
047253001,334
047253002/01,274
047253002/02,247
047253003,491
047253004,402
047253005,377
047253006,252
047253007,238
047253008,299
047253009,204
047253010,258
047253011,264
047253012,301
047253013,233
047253014,431
047253015,621
047253016,375
047253017,315
047253018,521
047253019,211
047253020,426
047253021,487
047253022,313
047253023,322
047253024,366
047253025,275
047253026,444
047253027,345
047253028,423
047254001,172
047254002,314
047254003,205
047254004,268
047254005,131
047254006,197
047254007,178
047254008,315
047254009,322
047254010,206
047254011,154
047254012,208
047254013,210
047254014,267
047254015,260
047254016,198
047254017,192
047255001,185
047256001,195
047256002,264
047256003,233
047257001,203
047257002,238
047258001,264
047258002,270
047258003,191
047258004,177
047258005,171
047258006,281
047258007,262
047258008,241
047258009,258
047258010,243
047258011,260
047258012,306
047258013,249
047258015,331
047258016,207
047258017,196
047258018,175
047258019,237
047258020,282
047258021/047258014,256
047258022,362
047259001,304
047259002,293
047259003,184
047260001,256
047260002,308
047260003/047260004,292
047261001,360
047261002/01,252
047261002/02,302
047261003,150
047261004,198
047262001,268
047262002,222
047262003,236
047263001,183
047263002,202
047263003,301
047263004,196
047263005,440
047263006,270
047264001,234
047264002,307
047265001,143
047265002,196
047265003,136
047265004,216
047265005/047265006/047265007/047265008,127
047266001,98
047267001/047267003,259
047267002,351
047267005/01,256
047267005/02,251
047267006/047267004,268
047267008/047267007,194
047268001,221
047268002,212
047268003/01,327
047268003/02,223
047269001,345
047270001,320
047270002,212
047270003,261
047270004,258
047270005,314
047270006,165
047270007/01,507
047270007/02,264
047270008,322
047270009,213
047271001,242
047271002,296
047271003,279
047271004,323
047271005,233
047271006,333
047271007,264
047271008,208
047271009,336
047271010,224
047271011,139
047271012,356
047271013,328
047271014,222
047271015,287
047271016,229
047271017,233
047271018,246
047271019,231
047271020,199
047271021,193
047272001,313
047272002,302
047273001,268
047273002,254
047273003,404
047274001,162
047274002,245
047274003/047274004,162
047275001,278
047275002,250
047275003,189
047276001,345
047276002,218
047277001,358
047277002,451
047277003,226
047277004,291
047277005,556
047277006,375
047277007,251
047277008,252
047277009,322
047277010/01,101
047277010/02,376
047277011,409
047277012,283
047277013,386
047277014,323
047277015,192
047277016,369
047277017,294
047277018,318
047277019,239
047277020,310
047277021,355
047277022,313
047277023,230
047277024,235
047277025,622
047277026,177
047277027,277
047277028,192
047278001,331
047278002,406
047278003,298
047278004,279
047278005,221
047278006,182
047278007,331
047278008,315
047278009,280
047279001,291
047279002,282
047279003,415
047279004,255
047279005,241
047279006,297
047279007,213
047279008,200
047279009,401
047279010,271
047279011,215
047279012,231
047279013,228
047279014,531
047279015,336
047279016,361
047280001,283
047280002,210
047281001,201
047281002,179
047282001,130
047282002/01,392
047282002/02,170
047282003,162
047282004/047126005,152
047282005/047282006,154
047283001,370
047284001,408
047284002,326
047284003,356
047284004,289
047285001,162
047286001,149
047286002,182
047287001,181
047287002/047287003,170
047288001,272
047288002,184
047288003,206
047289001,96
047289002,102
047290001,230
047290002,199
047291001,219
047291002,213
047292001,173
047293001,185
047293002,296
047293003,204
047293004,172
047293005,258
047293006,285
047294001,214
047294002,311
047294003,264
047294004,190
047294005,211
047294006,156
047294007,300
047294008/01,243
047294008/02,195
047294009,339
047294010,210
047294011,147
047294012,125
047294013,154
047295001/047295009,188
047295003/047295004,264
047295005/047295002,214
047295006,191
047295007/047295008,263
047296001,361
047296002,251
047296003/01,202
047296003/02,164
047297001,264
047297002,372
047298001,319
047298002/01,284
047298002/02,421
047298002/03,183
047298003,219
047298004,412
047298005,412
047298006,184
047298007,225
047298008,377
047298009,425
047298010,307
047298011,374
047298012,342
047298013,307
047298014,390
047298015,366
047298016,760
047299001,107
047300001,273
047300002,223
047300003,265
047300004,231
047301001,304
047301002,346
047302001,320
047302002,389
047303001,321
047303002/047303010,127
047303003,302
047303004/047303005,277
047303006,208
047303007,214
047303008,287
047303009/01,251
047303009/02,288
047303009/03,256
047303011,157
047303012,164
047303013,392
047303014,353
047303015,246
047303016,210
047303017,200
047303018,245
047304001,281
047304002,294
047304003,261
047305001,344
047306001,277
047306002,231
047306003,270
047307001,337
047308001,343
047308002,276
047309001,210
047309002/047309004,323
047309003,253
047310001,315
047310002,201
047310003,186
047311001,346
047311002,169
047312001/047312003/047312004,129
047312002/047312005,87
047313001/047313004,179
047313003/047313002,240
047313006/047313005,206
047313007/047313008/047313009,208
047314001,214
047314002,198
047315001,235
047315002,218
047315003,191
047316001,270
047317001,277
047317002,264
047317003,248
047318001/01,310
047318001/02,214
047318002,470
047318003,369
047318004,192
047318005,375
047320001,275
047320002,332
047320003/01,294
047320003/02,152
047320004,338
047320005,314
047320006,267
047320007,273
047320008,319
047320009,293
047320010,381
047321001,208
047321002,185
047322001,188
047322002,346
047322003,466
047322004,191
047322005,176
047323001,141
047323002,315
047323003,163
047323004,258
047323005,247
047323006,304
047323007,273
047323008,320
047323009,267
047323010,115
047323011,119
047323012/047323013,164
047323014,190
047323015,171
047323016,189
047323017,188
047323018,228
047323019,335
047323020,240
047323021,175
047323022,204
047323023,297
047323024,318
047323025,246
047323026,233
047323027,246
047323028,162
047323029,297
047323030,189
047323031,351
047323032,239
047323033,190
047323034/047323035,289
047324001,254
047324002,331
047324003,280
047324004,322
047324005,296
047324006,300
047324007,165
047324008,291
047324009,241
047324010,294
047324011,247
047324012,283
047324013,279
047324014,226
047324015,135
047324016,193
047324017/047246004,173
047324018,203
047324019,268
047324020,411
047324021,215
047324022,145
047324023,299
047324024,340
047324025,293
047325001,266
047325002,250
047325003/047033006,205
047325004,164
047325005,251
047325006,270
047325007,165
047325008,158
047325009,291
047325010,247
048001001,242
048001002,219
048001003,184
048001004,204
048002001,296
048002002,307
048002003,295
048002004,264
048002005,271
048002006,192
048002007,228
048003001,293
048003002,227
048003003,204
048003004/01,220
048003004/02,185
048003005,264
048003006,263
048004001,234
048004002,223
048004003,209
048005001,196
048005002,233
048005003,192
048005004,225
048006001/01,227
048006001/02,176
048006002,276
048006003,357
048006004,277
048006005,296
048006006,371
048006007,312
048007001,294
048007002,235
048007003,193
048007004,165
048007005,155
048007006,339
048007007,195
048007008,206
048007009,234
048008001,260
048008002,214
048008003,253
048008004,293
048008005,321
048008006,261
048008007,292
048008008,341
048008009,190
048008010,292
048008011,199
048008012,967
048008013,304
048008014,299
048008015,288
048008016,300
048009001,265
048009002,247
048009003,235
048009004,254
048009005,223
048009006,328
048009007,268
048009008,285
048009009,272
048009010,255
048009011,230
048009012,351
048010001,234
048010002,198
048010003,267
048010004,272
048010005,276
048010006,266
048011001,206
048011002,173
048011003,207
048011004,174
048012001,337
048012002,373
048012003,215
048012004,225
048012005,64
048012006,101
048012007,215
048012008,158
048012009,192
048012010,279
048012011,205
048013001,182
048013002,219
048013003,199
048013004,248
048013005,229
048014001/048014002,626
048014003,192
048014004,442
048015001,168
048015002,328
048015003,282
048015004,177
048015005,289
048015006,373
048015007,242
048015008,293
048015009/01,136
048015009/02,153
048016001,232
048016002,301
048016003,251
048016004,193
048016005,309
048016006,257
048017001,695
048017002,232
048017003,257
048018001,230
048018002,253
048018003,176
048018004,188
048018005,247
048018006,150
048019001,207
048019002,336
048019003,198
048019004,370
048020001,238
048020002,213
048020003,286
048020004,260
048020005,209
048020006,231
048021001,273
048021002,237
048021003,206
048022001,232
048022002,228
048022003,191
048022004,102
048023001,214
048023002,418
048023003,212
048023004,338
048023005,274
048023006,302
048023007,315
048023008,305
048023009,211
048023010,242
048023011,308
048023012,302
048024001,239
048024002,242
048024003,153
048024004,235
048024005,210
048024006,385
048024007,219
048024008,183
048024009,208
048025001,204
048025002,240
048025003,225
048025004,226
048026001,211
048026002,485
048026003,159
048027001,185
048027002,221
048027003,252
048027004,265
048028001,309
048028002,228
048028003,199
048028004,421
048028005,202
048028006,121
048028007,266
048028008,217
048028009,211
048028010,394
048029001,304
048029002,186
048029003,180
048029004,123
048029005,380
048030001,349
048030002,212
048030003,298
048030004/01,259
048030004/02,198
048030004/03,132
048030005,365
048030006,303
048031001,328
048031002,172
048031003,295
048032001,212
048032002,352
048032003,279
048033001,250
048033002,256
048033003,290
048033004,181
048033005,247
048033006,250
048033007,190
048033008,273
048033009,295
048033010,259
048033011,211
048034001,271
048034002,267
048034003,171
048034004,325
048034005,292
048034006,267
048034007,328
048034008,155
048035001,270
048035002,188
048035003,268
048036001,158
048036002,167
048036003,341
048037001,204
048037002,128
048037003,149
048037004,180
048037005,164
048037006,145
048037007,131
048038001,232
048038002,193
048038003,224
048038004,206
048038005,231
048039001,319
048039002,431
048039003,454
048039004,360
048039005,312
048039006,294
048039007,257
048039008,351
048039009,310
048039010,72
048039011,370
048039013,135
048039014,384
048040001,258
048040002,257
048040003,187
048040004,189
048040005,371
048040006,161
048040007,190
048041001,230
048041002,271
048041003,171
048041004,231
048041005,284
048042001,361
048042002,293
048042003,279
048042004,227
048042005,236
048042006,284
048042007,290
048042008,227
048042009/01,266
048042009/02,265
048042010,225
048042011,243
048042012,334
048042013,216
048042014,471
048042015,239
048042016,307
048042017,371
048042018,281
048043001,226
048043002,305
048043003,349
048043004/01,284
048043004/02,222
048043005,212
048043006,382
048043007,148
048043008,175
048043009,207
048043010,301
048043011,269
048043012,264
048043013,301
048043014,196
048043015,215
048043016,324
048043017,323
048043018,445
048044001,251
048044002,265
048044003,278
048044004,280
048044005,298
048044006,221
048044007,298
048044008,312
048044009,277
048044010,279
048044011,276
048044012,294
048045001,402
048045002,189
048045003,240
048045004,220
048046001,199
048046002,293
048046003,246
048046004,189
048046005,221
048046006,262
048046007,207
048046008,245
048046009,220
048046010,175
048046011,122
048046012,158
048046013,309
048047001,177
048047002,189
048047003,134
048047004,189
048047005,297
048047006,248
048047007,224
048047008,145
048047009,117
048048001,288
048048002,143
048048003,248
048048004,236
048048005,382
048048006,231
048048007,238
048048008,198
048048009,212
048048010,217
048049001,226
048049002,249
048049003,282
048050001,172
048050002,204
048050003,306
048050004,288
048050005,198
048050006,287
048050007,188
048051001,258
048051002,281
048051003,240
048051004,233
048051005,373
048051006,227
048051007/01,351
048051007/02,180
048051008,342
048051009,220
048051010,205
048051011,194
048051012,208
048051013,279
048051014,213
048052001,203
048052002,204
048052003,363
048052004,140
048052005,208
048052006,205
048052007,258
048052008,206
048052009,169
048052010,174
048053001,180
048053002,188
048053003,176
048053004,199
048053005,196
048053006,272
048053007,198
048054001,329
048054002,292
048054003,384
048054004,247
048054005,206
048054006,197
048054007,255
048054008,189
048054009,159
048054010,180
048054011,150
048055001,253
048055002,199
048055003,185
048055004,204
048055005,243
048056001,231
048056002,420
048056003,296
048056004,221
048056005,255
048056006,286
048056007,246
048057001,244
048057002,197
048057003,286
048057004,202
048057005,127
048057006,198
048057007,149
048058001,200
048058002,215
048058003,235
048058004,270
048059001,209
048059002,266
048059003,286
048060001,172
048060002,110
048060003,201
048060004,271
048060005,241
048061001,483
048061002,234
048061003,207
048061004,235
048061005,353
048061006,344
048061007,166
048061008/01,235
048061008/02,247
048062001,182
048062002,302
048062003,249
048062004,209
048062005,227
048062006,325
048062007,248
048062008,328
048062009,358
048062010,321
048062011,216
048062012,222
048062013,243
048062014,185
048063001,200
048063002,240
048063003,267
048063004,195
048063005,205
048063006,338
048063007,196
048064001,172
048064002,293
048064003,168
048064004/048064005,214
048064006,213
048064007,274
048064008,124
048064009,278
048065001/01,207
048065001/02,264
048065002,275
048065003,226
048065004,203
048065005,338
048065006,203
048065007,191
048065008,244
048065009,314
048065010,248
048066001,312
048066002,313
048066003,455
048066004,259
048066005,378
048066006,330
048066007,277
048067001,229
048067002,224
048067003,230
048068001,279
048068002,288
048068003,202
048069001,276
048069002,211
048069003,246
048069004,322
048070001,277
048070002,311
048070003,228
048070004,320
048070005,324
048070006,260
048070007,171
048070008,163
048070009,208
048070010,290
048070011,204
048070012,223
048071001,233
048071002,206
048071003,192
048071004,176
048072001,170
048072002,174
048072003,207
048072004,243
048072005,224
048072006,221
048073001,179
048073002/01,197
048073002/02,186
048073003,193
048074001,229
048074002,266
057001001,197
057001002,219
057002001,153
057002002,197
057002003/057002014,169
057002004/057002010,284
057002006,234
057002007,178
057002008/057002005,319
057002009/057002013,208
057002011,309
057002012,223
057003001,132
057003002,92
057003003/057003005,130
057003004,124
057004001,152
057004002,216
057004003,165
057004004,190
057004005,138
057004006,241
057004007,178
057005001,158
057005002,183
057005003/057005005,112
057005004,110
057005006,110
057006001/057006005/057006007,193
057006002,77
057006003,138
057006004,234
057006006/057006008/057006009,163
057007001/01,222
057007001/02,133
057007002/057007004,208
057007003,209
057008001/057008002/057008003,304
057008004,109
057008005,196
057008006,146
057009002,214
057009003,417
057009004/057009008,226
057009005/057009006,362
057009007/057009001,310
057010001/01,255
057010001/02,235
057010002,245
057011001,384
057011002,395
057011003,255
057011004,183
057011005,137
057011006/01,267
057011006/02,257
057011007,252
057011008,371
057011009,240
057012001,135
057012002,170
057012003,150
057012005,155
057012006/057012011,220
057012007,140
057012008,185
057012009,215
057012010/057012004,344
057013001,180
057013002/057013005,481
057013003,212
057013004,320
057013006,301
057013007,244
057014001,169
057015001,188
057015002,225
057015003,348
057015004,296
057015005,267
057016001,163
057016002,224
057017001,450
057017002,277
057017003,246
057017004,264
057017005,278
057017006,320
057017007,362
057017008,246
057017009,299
057017010,366
057017011,281
057017012,323
057017014/057017013,327
057018001,196
057018002,213
057018003,208
057018004,227
057018005,280
057018006,199
057018007,319
057018008/057018015,252
057018009,206
057018010,173
057018011,191
057018012,188
057018013,256
057018014,178
057018016,193
057019001,228
057019002,176
057019003,279
057019004,299
057019005/057019004,197
057020001,140
057020002,159
057020003,210
057020005,147
057020006,198
057020007/057020008,191
057020009,169
057020010/057020012,311
057020011,170
057020013,280
057020014/057020015,149
057021001,172
057021003/057021002,323
057021004,233
057021005,232
057021006,373
057022001,198
057022002,272
057022003,479
057022004,218
057022005/057022006,372
057022007,213
057022008,311
057022009,208
057022010,248
057023001,139
057023002,166
057023003,150
057023004,216
057023006/057023005,294
057024001,193
057024002,196
057025001/057025004,296
057025002/057025005,196
057025003,389
057026001,140
057026002/057026003,246
057026004,278
057026005,253
057027001,176
057027002,249
057027003,267
057028001,242
057028002,224
057028003,280
057028004,194
057028005,151
057028006,161
057029001,235
057029002,200
057029003,300
057029004,314
057029005,296
057030001/057030012,451
057030002,563
057030003,173
057030004,221
057030005,219
057030006,278
057030007,228
057030008,377
057030009,221
057030010,282
057030011,329
057030013,339
057031001,252
057031002,212
057032001,175
057032002,225
057033001,249
057034001,234
057034002,271
057034003,245
057034004,185
057035001,235
057035002,189
057035003,197
057036001,262
057036002,293
057036003,373
057037001,121
057037002,245
057037003,212
057037004,237
057037005,380
057037006,234
057038001,300
057038002,288
057038003,194
057038004,218
057038005,212
057038006,212
057038007,189
057038008/01,176
057038008/02,100
057038009,267
057039001,301
057039002,299
057039003,333
057039004,338
057039005/057039009,323
057039006,140
057039007,297
057039008,270
057039010,258
057040001,182
057040002,157
057041001,434
057041002,264
057041003,256
057041004,371
057041005,414
057042001,182
057042002,193
057042003/057042004,235
057043001,314
057044001,168
057044002,217
057044003,172
057044004,226
057045001/057045002,195
057045003,204
057045004,146
057045005,268
057045006,152
057045007,124
057045008,222
057045009,114
057045010,165
057045011,145
057045012,153
057045013,183
057046001,165
057047001,123
057048001/057048002,347
057049001,150
057049003,157
057049004/057049002,235
057049005,164
057049006,321
057050001/057050006/057050008,120
057050002,156
057050003,163
057050004/057050005,172
057050007,106
057051001,307
057051002,223
057051003,221
057052001/057052002,278
057053001,229
057053002,177
057053003/057053007,302
057053004,209
057053005,247
057053006/057053009,336
057053008,224
057053009,251
057053010,346
057053012,308
057053013,244
057053014,233
057053015,251
057053016,308
057053017,192
057053018/057053011,322
057054001,82
057055001,432
057055002,197
057055003,308
057055004,233
057056001/057056002,134
057056003,174
057056004,143
057056005,254
057057002/01/057057008,275
057057002/02/057057004/057057001,201
057057003,190
057057005,185
057057006/057057007,164
057058001,301
057058002/057058007,161
057058003,184
057058004,79
057058005,219
057058006,263
057058008,131
057058009,210
057058010,161
057058011,210
057059002/057059004,201
057059003,191
057059005,161
057059006/057059001,351
057060001,152
057060002,143
057060003,194
057060004,200
057061001,205
057061002,152
057061003,190
057062001,281
057062002/057062005,406
057062003,304
057062004,407
057062006,211
057062007,215
057063001,297
057063002,181
057063004/057063006,495
057063005,292
057063007/057063003,369
057064001,127
057064002,169
057064003/057064006,123
057064004/057064005,121
057065001/057065002,85
057065003,176
057065004,137
057066001,307
057066002,149
057067001,370
057067002,332
057067003,203
057067004,226
057068001,152
057068002,142
057069001,203
057070001/057070002,124
057070003,138
057071001,249
057071002,281
057072002/057072001,308
057072003,200
057072004,224
057073001,259
057073002,243
057073003,357
057074001,308
057074002,329
057074003,307
057074004,246
057074005,273
057074006,209
057075001,160
057075002,140
057075003,139
057075004/057075005,255
057076001,156
057077001/01/057077001/057077002,262
057077003/01,135
057077003/02,113
057077004,281
057078001/057078004/057078003,189
057078002,201
057078005,166
057078006,129
057078007,350
057078008,282
057078009,158
057079001,426
057079002,299
057079003,324
057079004,191
057080001,359
057081001/057081008,233
057081002,220
057081003,270
057081004,233
057081005,171
057081006,248
057081007,138
057081010/057081009,180
057082001,295
057082002,208
057082003,321
057082004,238
057082005,241
057083001,150
057084001/057084007/057084005,302
057084002/057084003,282
057084004,281
057084006,275
057085001/057085003/057085004,217
057085002,142
057086001,84
057087001,235
057088001/01,245
057088001/02,211
057088002,220
057088003,269
057089001,160
057089002,236
057090001/057090002,84
057091001,148
057091002,209
057091003,233
057091004,205
057092001/057092003/057092002,291
057092004,166
057092005,212
057093001,192
057093002,280
057093003,195
057093004,356
057093005,205
057093006,261
057093007,517
057093008,145
057094001/057094004,170
057094002/057094003,195
057095001,301
057095002,389
057095003,224
057095004,291
057095005,217
057095006,212
057095007,168
057096001,198
057096002,247
057096003/057096005,169
057096004,203
057096006,461
057096007,189
057096008,154
057096009,221
057096010,195
057096012/057096011,296
057097001,120
057098001,204
057098002,306
057098003,227
057098004,173
057098005,236
057099001,210
057099002,302
057100002/057100001,372
057100003,168
057100004,380
057100005,265
057100006,132
057100007,208
057101001,255
057101002,291
057101003,257
057101004,233
057102001,489
057102002,397
057102003,206
057102004,225
057102005,202
057102006,228
057102007,175
057103001,161
057103002,125
057104001/057104002,189
057104004/01,176
057104004/02/057104003,434
057105001,191
057105002/057105004,189
057105003,143
057106001,315
057106002,129
057106003,188
057106004,288
057106005,299
057106006,254
057106007,372
057106008,244
057106009/01,230
057106009/02,354
057106010,221
057106011,223
057106012,211
057106013,210
057106014,208
057106015,210
057106016,218
057106017,269
057106018,298
057106019,237
057106020,241
057106021,259
057106022,168
057106023,138
057106024,307
057106025,220
057106026,350
057106027,239
057106028,332
057106029,395
057106030,274
057106031,347
057106032,241
057106033,217
057106034,216
057106035,201
057106036,214
057106037,277
057106038,412
057106039,575
057106040,377
057106041,307
057106042,227
057106043,193
057106044,291
057106045,311
057106046,238
057107001,184
057107002,131
057107003,248
057107004,206
057107005,347
057107006,149
057107007,140
057107008,172
057107009,180
057107010/057107012,263
057107011,134
057107013/057107015,256
057107014,214
057108001,71
057108002/057108006,158
057108003,170
057108004,130
057108005,198
057109001,368
057110001,350
057111001,331
057112001/057112003,130
057112002,142
057113001,226
057113002,337
057113003,257
057113004,235
057113005/057113006,310
057114002,198
057114003,139
057114004,311
057114005,166
057114006/057114013,133
057114007/057114001/057114015,189
057114008,173
057114009,233
057114010/01,173
057114010/02,177
057114011,211
057114012,255
057114014,243
057114016,240
057115001/057115007,148
057115002,180
057115003,108
057115004,111
057115005,102
057115006,105
057116001/057116004,286
057116002/01,154
057116002/02/057116003,330
057117001/057117002,167
057117003/057117004,206
057118002,347
057118003/057118001,292
057118004/01,192
057118004/02,241
057118004/03,242
057119002,142
057119003,141
057119005,205
057119006,105
057119007/057119001,328
057119008/01/057119004,265
057119008/02,222
057120001,148
057121001/057121004,283
057121002,274
057121003,232
057121005/057121009,317
057121006,248
057121008/057121007,279
057122001,339
057122002,220
057122003,331
057123001,171
057123002/057123008,315
057123003,154
057123004,367
057123005,255
057123006,142
057123007,164
057123009,269
057123010,93
057123011,120
057123012,115
057123013,128
057124001,238
057125002,252
057125003/01,315
057125003/02,142
057125004/057125001,319
057126001,210
057126002,158
057127001,291
057127003/057127002,360
057127004,172
057127005,187
057127006,216
057127007,295
057128001,371
057128002,299
057128003,321
057128004,275
057128006,199
057128007,209
057128008/057128005,284
057128009,257
057128010/057128011,279
057129001,173
057129002/057129004/057129005,299
057129006,264
057129007/057129003,229
057130001,369
057130002,324
057130003,274
057131001/057131006/057131007/057131002/057131003/057131008,255
057131005/01/057131004,248
057131005/02/057131009,353
057132001/057132002,264
057133001,88
057133002,172
057133003,104
057133004,110
057133005,194
057133006,181
057133007,97
057133008,147
057133009,76
057133010,195
057133011,132
057134001,93
057135001,257
057135002,191
057135003,280
057135004,288
057135005,240
057135006,140
057136001,169
057136002/057136005,249
057136003,320
057136004,228
057136005,332
057137001,240
057137002,227
057137003,244
057137004,151
057137005,292
057137006,298
057137007,188
057137008,212
057137009,174
057137010,169
057137011,141
057137012,220
057137013,257
057137014,172
057137015,277
057137016,322
057137017,343
057137018,246
057137019,154
057137020,154
057137021,225
057138001,145
057138002,141
057138003,151
057138005,202
057138006/057138004/057138007,300
057138008/01,154
057138008/02,368
057138009,284
057139001,350
057140001,105
057141001,279
057141002,252
057141003,226
057141004,332
057142001,281
057142002,287
057143001,264
057143002,185
057143003,275
057144001,134
057145001,278
057145002,330
057145003,252
057146001/057146002,222
057146003,231
057146004,204
057147001,184
057147002,132
057148001,321
057148002,319
057149001,267
057149002/057149004,213
057149003,263
057149004,234
067001001,318
067001002,337
067002002/067002001,255
067002003/01,318
067002003/02,311
067003001,280
067003002,184
067004001,274
067005001,217
067005002,155
067005003,215
067006001,186
067006002,184
067006003,249
067007001,199
067007002,230
067008001,187
067008002,196
067009001,378
067009002,317
067009003,296
067009004,243
067009005,191
067009006,293
067009007,260
067010001,279
067010002,364
067010003/01,188
067010003/02,202
067010004,418
067011001,253
067011002,237
067011003,232
067012001,421
067012002,191
067013001,168
067013002,251
067013003,353
067013004,368
067013005,256
067013006/01,231
067013006/02,216
067013007,227
067013008,340
067013009,281
067013010,283
067013011,428
067013012,232
067013013,703
067013014,291
067013015,176
067013016,128
067013017,285
067013018,283
067013019,134
067013020,131
067014001,281
067014002,293
067014003,243
067014004,250
067014005,250
067015001,317
067015002,259
067016001,286
067016002,269
067017001,225
067017002,189
067017003,503
067017004,322
067017005,209
067017006,183
067017007,373
067017008,269
067017009,449
067017010,193
067017011,318
067017012,185
067017013,295
067017014,181
067017015,224
067017016,269
067017017,166
067017018,155
067017019,117
067017020,272
067017021,281
067017022,152
067017023,168
067017024,183
067017025,339
067017026,426
067017027,265
067017028,260
067017029,190
067018001,340
067019001,361
067019002,236
067020001,287
067020002,438
067021001,247
067021002,445
067021003,174
067021004,265
067021005,478
067022001,213
067023001,179
067024001,316
067025001,132
067025002,266
067026001/067026005,362
067026002,218
067026003,281
067026004,372
067027001,217
067028001,298
067028002,349
067029001/067029004,170
067029002,184
067029003,162
067030001,194
067030002,240
067031001,282
067031002,298
067031003,244
067031004,277
067032001,419
067032002,385
067032003,363
067032004,284
067032005,241
067032006,262
067032007,186
067032008,299
067032009,316
067032010,393
067032011,352
067032012,366
067033001,281
067033002,273
067033003,235
067034001,394
067035001,338
067035002,255
067035003,199
067036001,425
067036002,245
067037001,219
067038001,245
067039001,250
067039002,245
067040001,340
067041001,164
067041002/067041003,92
067041004/067041005,150
067042001,301
067042002,319
067043001,205
067043002,175
067044001,158
067044002,174
067045001,416
067046001,121
067047001,406
067047002,486
067047003,336
067047004,247
067047005,296
067047006,313
067047007,298
067047008,409
067048001,444
067048002,221
067048003,375
067049001,214
067049002,191
067050001,224
067050002,261
067051001,322
067051002,229
067052001,339
067052002,232
067053001,274
067053002,248
067054001,286
067054002,407
067055001,307
067055002/01,169
067055002/02,336
067055003,268
067055004,455
067055005,286
067055006,255
067055007,312
067056001,377
067056002,371
067056003,384
067057001/067057007,319
067057002,200
067057003/01,246
067057003/02,294
067057004,247
067057005,347
067057006,289
067057008,236
067057009,250
067057010,369
067057011,760
067057012,301
067057013,285
067058001,147
067058002,157
067059001/067059004,225
067059002,265
067059003,126
067059005,184
067059006/067059013,245
067059007,307
067059009/067059008,300
067059010/067059012,295
067059011,112
067060001,202
067060002,186
067061001,316
067061002,290
067062001,202
067062002,252
067063001,218
067064001,251
067064002,287
067064003,192
067064004,112
067064005,425
067065001,353
067066001,218
067066002,267
067067001,286
067067002,207
067068001,136
067069001,236
067069002,149
067069003,152
067070001,365
067070002,215
067071001,117
067072001,419
067072002,267
067072003/01,348
067072003/02,405
067072005/067072004,409
067072006,244
067073001,187
067073002,164
067074001,313
067074002/067074003,374
067074004,180
067074005,126
067074007,162
067074008/067074015,235
067074009,200
067074010/067074013,233
067074011,295
067074012/067074006,351
067074014,196
067075001,439
067075002,210
067075003,299
067075004,212
067076001,154
067077001,198
067078001/067078002,272
067079001,367
067079002,314
067079003,283
067079004,476
067080001,186
067081001/067084001/067084002,318
067082001,187
067082002,235
067082003,280
067082004,274
067083001,99
067085001,364
067085002,220
067086001,193
067086002,203
067086003,230
067087001/067087002,97
067088001/067088003,175
067088002/067088006,273
067088004,188
067088005,246
067089001/067089004,324
067089002,352
067089003,308
067089005,383
067089006,194
067090001,177
067090002,248
067090003,200
067091001,201
067091002,189
067092001/01,138
067092001/02,218
067092002/01,155
067092002/02,93
067093001,241
067093002,320
067093003,190
067093004,140
067094001,126
067094002,108
067095001,214
067095002,254
067096001,254
067096002,182
067096003,239
067097001,338
067097002/01,292
067097002/02,238
067097004,341
067097005,177
067097006/067097003,248
067098001,211
067100001,242
067100002/067100003,368
067100004,315
067101001,205
067101002,341
067101003,232
067101004,240
067101005,168
067101007/067101006,350
067101008,308
067101009,191
067101010,326
067101011,358
067101012/01,342
067101012/02,125
067102001/067102006,322
067102002,289
067102003,241
067102004,192
067102005,280
067103001,421
067104001,322
067104002,277
067104003,206
067105001,447
067105002,280
067105003,359
067106001,309
067106002,304
067106003,315
067106004,181
067106005,137
067106006,435
067106007,183
067107001,302
067107002,391
067108001,105
067109001/067109002,184
067110001/067110002,216
067110003,184
067110004,221
067110005,149
067110006,234
067110007,343
067111001,252
067112001,386
067113001,357
067114001,174
067114002,175
067115001,307
067116001,210
067116002,247
067116003,221
067117001,388
067117002,353
067118001,328
067118002,330
067119001,372
067119002,290
067120001,198
067120002,205
067120003,193
067121001,170
067122001,313
067122002/067122007,202
067122003,195
067122004,281
067122005,202
067122006,210
067123001,278
067123002,294
067124001,251
067124002,261
067125001,265
067125002,282
067125003,269
067125004,292
067126001,289
067126002,328
067127001,302
067127002,254
067127003,479
067127004,296
067127005,269
067127006,329
067128001,354
067128002,380
067129001,482
067129002,421
067130001,257
067130002,211
067130003,302
067131001,137
067131002,159
067131003,176
067131004,188
067131005,242
067131006,210
067131007,189
067132001,186
067132002,178
067133001,262
067133002,136
067133003,317
067134001,373
067135001,243
067135002,249
067136001,401
067136002,283
067136003,297
067137001,288
067138001,407
067138002,242
067138003,276
067139001,252
067139002,264
067139003,223
067140001,220
067140002,188
067140003,304
067140004,259
067140005,164
067141001,234
067142001,221
067143001,301
067143002,371
067144001,416
067144002,404
067144003,351
067145001,303
067146001,373
067147001,243
067147002,177
067148001,285
067148002,376
067148003,198
067149001,393
067150001,101
067151001,281
067151002,257
067152001,435
067152002,392
067153001,211
067154001,372
067154002,232
067154003,276
067154004/067154005,233
067154006,173
067154008/067154007,272
067155001,177
067155002,324
067155003,235
067155004,139
067156001,146
067157001,363
067157002,272
067157003,237
067157004,304
067157005/01,195
067157005/02,243
067158001,425
067159001,216
067159002,181
067160001,282
067160002,271
067161001,85
067161002,177
067162001,132
067162002,151
067163001,221
067163002,153
067163003,392
067163004,117
067164001,223
067164002,214
067165001,338
067165004/01/067165002/067165003,408
067165004/02,398
067165005,214
067165006,243
067166001,234
067166002,376
067166003,475
067167001,264
067168001/067171002/067171001,392
067169001,301
067169002,364
067169003,233
067170001,287
067170002,395
067170003,262
067170004,163
067170005,432
067170006,204
067170007,193
067170008,120
067170009,321
067170010,211
067170011,241
067170012,243
067170013,275
067170014/067170015,241
067170016,233
067170018,230
067170019,301
067170020,271
067170021/067170017,217
067170022,418
067170023,253
067170024,230
067170025,209
067170026,149
067170027,223
067172001,296
067173001,252
067173002,211
067173003,241
067174001,153
067175001,456
067175002,338
067176001,241
067176002,427
067176003,322
067176004,204
067176005,129
067176006/067176008,302
067176007,347
067177001,299
067178001,337
067178002,207
067179001,372
067179002,431
067179003/01,307
067179003/02,174
067179004,422
067179005,228
067179006,273
067179007,252
067180001,357
067180002,346
067181001,297
067182001,81
067182002,142
067182003/067182004/067182005,111
067183001,257
067183002,189
067184001,228
067184002,233
067184003,258
067184004,196
067184005,286
067184006,337
067184007,348
067184008,302
067184009,296
067184010,170
067184011,181
067184012,157
067184013,256
067184014,259
067184015/01,276
067184015/02,249
067184016,262
067184017,271
067184018,156
067185001,189
067185002,232
067185003,278
067185004,317
067185005,304
067185006,201
067185007,261
067185008,235
067185009,261
067185010,240
067185011/067185012,301
067186001/067186003/067186004,159
067186002,140
067187001,164
067187002,242
067188001,186
067188002,291
067188003,283
067188004,198
067188005,197
067188006/067188007,261
067188008,159
067188010,329
067188011,136
067188012,210
067188013/067188009,254
067189001,298
067189002,347
067190001,363
067191001,284
067191002,241
067192001/067192006,164
067192002,155
067192003,188
067192004,188
067192005,212
067192007/067192009,222
067192008,124
067193001,80
067194001/067194002,231
067194003/067194005,106
067194004,108
067195001,468
067195002,410
067196001,247
067197001,248
067197002,235
067197003,247
067197004,231
067197005,257
067197006,285
067198001,355
067199001,220
067199002/067199004,126
067199003,120
067200001/067200005,237
067200002/067200003,115
067200004,254
067201001,304
067201002,232
067202001,300
067202002,210
067202003,287
067203001,254
067203002,339
067203003,577
067203004,413
067203005,259
067204001,457
067204002,235
067204003,212
067204004,282
067205001,229
067206001,256
067206002,163
067207001,314
067207002,478
067208001,184
067209001,241
067209002,158
067210001,165
067210002,150
067211001,345
067211002,261
067211003,226
067211004,323
067211005,317
067211006,278
067211007,234
067211008,307
067211009,311
067211010,208
067211011,237
067211012,171
067211013,201
067211014,250
067211015,301
067211016,460
067211017,238
067211018/067211020,608
067211019,375
067211021,261
067211022,206
067211023,190
067211024,248
067212001,259
067212002,216
067212003,248
067212004,344
067212005,138
067212006,235
067212007,172
067212008,203
067212009,286
067212010,145
067212011,151
067212012,227
067212013,187
067212014,177
067212015,142
067212016,131
067212017,208
067212018,115
067212019,210
067212020,130
067213001,235
067213002,239
067213003,417
067213004,452
067213005,277
067213006,247
067213007,230
067213008,206
067214001/067214006,166
067214002/067214005,99
067214003,165
067214004,125
067215001,235
067215002,237
067216001,242
067216002,226
067217001,360
067217002,309
067217003,280
067217004,540
067217005,388
067217006,327
067217007,398
068001001/068001002,326
068001002,405
068001003,405
068001004,395
068001005,262
068001006,218
068001007,264
068001008,174
068001009,299
068001010,285
068001011,207
068001012,322
068001013,399
068001014,291
068001015,312
068001016,313
068001017,205
068001018,371
068001019,174
068001020,301
068001021,327
068001022/068001021,295
068001023,278
068001024,480
068001025,253
068001026,224
068001027,225
068001028,242
068001029,142
068001030,139
068001031,215
068001032,214
068001033,283
068001034,314
068001035,321
068001036,290
068001037/068001036,221
068001038/068001039/068001039,322
068001039,391
068001040,392
068001041,219
068001042,330
068001043,278
068001044,219
068001045,206
068001046,182
068001047,301
068001048,222
068002001,302
068002002,328
068002003,313
068003001,288
068003002,257
068003003,323
068003004,340
068003005,220
068003006/01,235
068003006/02,440
068003006/03,460
068003007,180
068003008,161
068003009,295
068003010,342
068003011,351
068003012,214
068003013,272
068003014,202
068003015,282
068003016,194
068003017,295
068003018,291
068003019,249
068003020,267
068003021,300
068003022,301
068003023,343
068003024,344
068003025,202
068003026,210
068003027,204
068003028,257
068003029,175
068003030,390
068003031,302
068003032,288
068003033,357
068003034,275
068003035,426
068003036,221
068003037,349
068003038,266
068003039,383
068003040,310
068003041,258
068003042,225
068003043,189
068003044,357
068003045,382
068003046,295
068003047,364
068003048,365
068003049,304
068003050,264
068003051,338
068003052,216
068003053,281
068003054,221
068003055,268
068003056,163
068004001,285
068004002,292
068004003,276
068004004,268
068004005,378
068004006,390
068004007,216
068004008,281
068004009,236
068004010,246
068004011,138
068004012,260
068004013,544
068004014,317
068004015,188
068005001/068005003,176
068005002,238
068005004,187
068005005,275
068005006,182
068005007,218
068005008,265
068005009,194
068005010,254
068005011,260
068005012,195
068005013,311
068006001,225
068006002,253
068006003,285
068006004,365
068006005,144
068006006,295
068006007,263
068006008,235
068006009,357
068006010,330
068006011,309
068006012,581
068006013,295
068006014,368
068006015,316
068007001,165
068007002,312
068007003,203
068007004,249
068007005/068007017/068007013,552
068007006,423
068007007,189
068007008,272
068007009,535
068007010,276
068007011,274
068007012,262
068007014,188
068007015,337
068007016,219
068008001,210
068008002,351
068008003,187
068008004,230
068008005,242
068008006,261
068009001,248
068009002,247
068009003,212
068009004,184
068010001,483
068010002,240
068010003,271
068010004,258
068010005,222
068010006,196
068010007,339
068010008,352
068010009,256
068010010,330
068010011,270
068010012,253
068010013,183
068010014,186
068010015,220
068010016,236
068010017,255
068010018,267
068010019,265
068010020,325
068011001,314
068011002,318
068011003,256
068011004,303
068011005,440
068011006,174
068011007,256
068011008,217
068012001/068012002,217
068012003,271
068012004/068012006,404
068012005,231
068012007,293
068012008,401
068012009,217
068012010,191
068012011,275
068012012,409
068013001,288
068013002,255
068013003,218
068013004,248
068013005,184
068013006,230
068013007,359
068013008,235
068014001,232
068014002,187
068014003,196
068014004,144
068014005,201
068014006,182
068014007,196
068014008,191
068014009,187
068015001,327
068015002,297
068015003,254
068015004,216
068015005,282
068015006,171
068015007,288
068015008,290
068015009,386
068015010,311
068015011/01,297
068015011/02,367
068016001/068016003,228
068016002,285
068016004,239
068016005,319
068016006,213
068016007,170
068017001,277
068017002,217
068017003,266
068017004,434
068017005,349
068017006,294
068018001,312
068018002,226
068018003,264
068018004,291
068018005,107
068018006,166
068018007,179
068018008,83
068018009/01,218
068018009/02,161
068018010,275
068018011,161
068018012,344
068018013,362
068018014,271
068018015,188
068019001,198
068019002,236
068019003,195
068019004,218
068019005,196
068019006,187
068019007,785
068020001,298
068020002,307
068020003,306
068020004,240
068020005,222
068020006,168
068020007,305
068020008,196
068020009,201
068020010,189
068020011,314
068020012,178
068020013,155
068020014,153
068021001,537
068021002,364
068021003,282
068021004,153
068021005,224
068021006,329
068021007,232
068021008,251
068021009,214
068021010,180
068021011,375
068022001,314
068022002,336
068022003,381
068022004,539
068022005,93
068022006,185
077001001,214
077001002,311
077001003,191
077001004,218
077001005,310
077002001,267
077002002,340
077002003,263
077003001,208
077003002,312
077004001,228
077004002,587
077004003,306
077004004,331
077004005,212
077005001,188
077005002,255
077005003,242
077006001,101
077006002,92
077007001,299
077007002,297
077007003,175
077007004,329
077008001,219
077008002,277
077009001,196
077010001,227
077010002,234
077011001,121
077011002/077011003/077011006,110
077011004/077011005,188
077012001,295
077012002/077012003,291
077013001,102
077014001,153
077014002,291
077015001,171
077015002,218
077015003,181
077015004,276
077016001,136
077017001,384
077018001,92
077019001,200
077020001/077020008,212
077020002/077020003,287
077020004,259
077020005,170
077020007/077020006,266
077020009,252
077021001,199
077021002,256
077022001,153
077022002,145
077023001,193
077023002,362
077023003,221
077023004,181
077023005,196
077023006,329
077023007,202
077024001,202
077024002,347
077025001,217
077025003/01,329
077025003/02/077025002,449
077025004,378
077025005,318
077025006,277
077026001,267
077027001,136
077027002/077027003,223
077027004,209
077027005/077027006,225
077028001,169
077028002,191
077029001,150
077030001/077030002,211
077030003,230
077030004,278
077031001,187
077031002,317
077032001,159
077033001,264
077033002,291
077033003,250
077034001,242
077034002,318
077034004/077034003,174
077035001,138
077035002,259
077035003,157
077035004,210
077035005/077035008,216
077035006,141
077035007,151
077035009,155
077035010,165
077035011,199
077035012,270
077036001/077036003,121
077036002,101
077036004/077036005/077036006,94
077037001/077133001,225
077038001,212
077038002,192
077039001,212
077039002,232
077040001,129
077040002,106
077040003,92
077040004,168
077040005,106
077040006,186
077040007,212
077041001,152
077041002,222
077042001,199
077042002/077042003/077042004,151
077043001,167
077043002/077043006,144
077043003,227
077043004,143
077043005/077043007,180
077043008,180
077044001,206
077044002,233
077044003,265
077044004,154
077044005,199
077044006,237
077044007,255
077044008,492
077044009,315
077044010,162
077044011,195
077044012,189
077044013,219
077044014,271
077045001/077045002,153
077045003,207
077045004,223
077046001,220
077046002,170
077046003,238
077047001,168
077047002,330
077048001,147
077048002/077048003,113
077049001,191
077049002,211
077049004,266
077049005/01/077049003,416
077049005/02,212
077049006,239
077050001,57
077051001,289
077052001,125
077053001,303
077053002,342
077053003,255
077054001,182
077054002,375
077054003,405
077054004,258
077054005,322
077054006,300
077054007,267
077055001,279
077056001,310
077057001,187
077058001,149
077058002,233
077059001,270
077060001/077060002/077060003,95
077060004,98
077061001/077061003,124
077061002/077061006,129
077061004,190
077061005,168
077062001,201
077062002,175
077063001,204
077064001,198
077065001,203
077065002,130
077065003,166
077065004,201
077065005,320
077065006,209
077065007,75
077065008,240
077065009,127
077066001,288
077066002,208
077066003,198
077067001,236
077067002,265
077067003,176
077068001,263
077068002,394
077068003,195
077069001,338
077069002,201
077070001,153
077070002/077070003,155
077071001/077071002,278
077071004/077071003,243
077072001/077072003,311
077072002,278
077072004,273
077073001/077073002,125
077073003,84
077074001/077074002,163
077074003,127
077074004,191
077075001,183
077075002,103
077075003,94
077075004,85
077075005,227
077075006,159
077075007,111
077076001,216
077076002,160
077076003,183
077077001,241
077077002,185
077078001,150
077078003/077078006,231
077078004/077078005,285
077078007/01,141
077078007/02/077078002/077078007/077078008,328
077078009,134
077079001,193
077080001,158
077081001/077081003,105
077081002,140
077082001,118
077082002,116
077082003,174
077082004,267
077082005,267
077082006,197
077082007,172
077082008,206
077082009,289
077083001,202
077083002,173
077084001,152
077084002,74
077085001,278
077086001,169
077086002,200
077087001,353
077087002,167
077087002/01,273
077087002/02,254
077088001,160
077089001,150
077089002,189
077089003,211
077089004,193
077089005/077089007,145
077089006,168
077089008,270
077089009,318
077089010,305
077089011,216
077089012,181
077089013,220
077089014,222
077089015,160
077089016,160
077089017,183
077089018,229
077090001,249
077090002,177
077090003,198
077091001,367
077091002,265
077092001,272
077092002,218
077092003,295
077092004,223
077092005,247
077092006,284
077092007,420
077092008,389
077093001,144
077093002,367
077093003,218
077093004,264
077094001,236
077095001,264
077096001,127
077096002,254
077096003,313
077097001,217
077097002/077097004,307
077097003/077097005,264
077098001,297
077099001,241
077099002,216
077099003,237
077099004,290
077100001,232
077100002,163
077101001,384
077101002,681
077101003,283
077101005,111
077101006/01,145
077101006/02,211
077101007,270
077101008,329
077101009/01,423
077101009/02,372
077101010,207
077101011,228
077101012,234
077101013,228
077101014,331
077101015,291
077101016,282
077101017/077101004,754
077101018,320
077101019,368
077101020,203
077101021,262
077101022/01,179
077101022/02,187
077101023,293
077101024,159
077102001,218
077102002,286
077102003,386
077102004,221
077102005,254
077102006,138
077102007,319
077102008,274
077102009,326
077102010,170
077102011,357
077102012,142
077102013,208
077102014,159
077102015,227
077102016,516
077102017,99
077102018,119
077102019,214
077102020,373
077102021,106
077102022,140
077102023,153
077102024,237
077102025,265
077102026,383
077102027,309
077102028,275
077102029,283
077102030,182
077102031,247
077102032,251
077102033,459
077102034,211
077102035,184
077102036,199
077102037,213
077102038,493
077102039,224
077102040,239
077102041,198
077102042,230
077103001,201
077103002,252
077103003,211
077103004,208
077104001,145
077104002,87
077104003,154
077104005,138
077104006/077104007,189
077104008/077104004/077104013,301
077104009/077104012,275
077104010,281
077104011,199
077104014,295
077105001,177
077105002,121
077106001,227
077106002/01,225
077106002/02,206
077106003,336
077106004/077106014,270
077106005/077106006,234
077106007,328
077106008,323
077106009,223
077106010,105
077106011,294
077106012/01,151
077106012/02,195
077106013,357
077106015,269
077106016/077106017,224
077106018,188
077106019,237
077106020,278
077107001/077107003,259
077107002,232
077108001/077108005,122
077108002,150
077108003,134
077108004,108
077109001,264
077109002,212
077109003,276
077110001,304
077111001,273
077111002,193
077111003,184
077111004,213
077111005,189
077112001,149
077112002,131
077112003/077112004,142
077113001,234
077114001,381
077114002/077114003,177
077115001,189
077115002,236
077116001,140
077116002,190
077117001,245
077117002,152
077118001,198
077118002,262
077118003,273
077119001,307
077120001,115
077120002,158
077121001,220
077121002,215
077122001,282
077122002,283
077122003,176
077123001,296
077123002,264
077124001,99
077125001/077125002,359
077125003,193
077126001,183
077126002,165
077127001/01,161
077127001/02,149
077127002,90
077127003,208
077127004,318
077127005,246
077127006,326
077127007,156
077128001,110
077128002,135
077128003,97
077128004,336
077128005,280
077128006,253
077128007,361
077128008,234
077128009,126
077128010,168
077128011,247
077128012,122
077128013,62
077128014,94
077128015,331
077128016,268
077128017,155
077128018,191
077128019,134
077128020,174
077128021,198
077128022,154
077129002,231
077129003,313
077129004,276
077129005/077129001,145
077129006,169
077130001,136
077131001,194
077131002/077131003,149
077132001,100
077132002,156
077134001,265
077135001,280
077135002,207
077136001,169
077136002/01,168
077136002/02,356
077136004,315
077136005/077136003,328
077136006,301
077136007/077136008,449
077136009,229
077136010,124
077137001,250
077137002,194
077138001,188
077138002/01,245
077138002/02,328
077138004/077138003,224
077138005,145
077138006,293
077138007,295
077139001,174
077140001,268
077140002,225
077141001,250
077141002,281
077141003,350
077142001,312
077142002,214
077142003,221
077142004,157
077142005,231
077143001,172
077143002,219
077144001,287
077144002,251
077145001/077145003,249
077145002,116
077146001,357
077146002,305
077146003,255
077146004,163
077147001,223
077147002,200
077148001,278
077148002,200
077148003,244
077148004/077148005,226
077148006,327
077148007/01,223
077148007/02,216
077148008,227
077149001/077149002,172
077150001,427
077151001,227
077151002,262
077151003,205
077152001,221
077153001/077153002,269
077153003,218
077153004,168
077153005,181
077154001/077154002,175
077155001,238
077156001/077156002/077156003,239
077157001,146
077157002,217
077157003,183
077157004,211
077158001,235
077158002,248
077159001,155
077159002,142
077160001,234
077160002,141
077160003,252
077160004,397
077160005,198
077160006,167
077160007,267
077160008,226
077160009,218
077160010,220
077160011,269
077160012,253
077160013,204
077160014,255
077160015,273
077160016/01,124
077160016/02,247
077160017,208
077160018,211
077160019,304
077160020,193
077160021,216
077160022,122
077160023,172
077160024,292
077160025,358
077160026,179
077160027,324
077160028,346
077160029/01,140
077160029/02,296
077160030,331
077160031,133
077160032,197
077160033,348
077160034,255
077160035,197
077160036,470
077160037,412
077160038,422
077160039,380
077160040,511
077160041,224
077160042,157
077160043,326
077160044,330
077160045,278
077160046,305
077160047,347
077160048,247
077160049,279
077160050,193
077160051,271
077160052,154
077160053,191
077160054,268
077160055,306
077160056,128
077160057,163
077160058,196
077160059,229
077160060,183
077160061,196
077160062,273
077160063,314
077160064,234
077160065,339
077160066,165
077160067,192
077160068,228
077160069,243
077160070,190
077160071,188
077160072,208
077160073,168
077160074,160
077160075,197
077161001,170
077161002,191
077161003,147
077161004,230
077161005,233
077161006,157
077161007,294
077161008,321
077161009,278
077161010,216
077161011,338
077161012,176
077161013/077161014,241
077161015,159
077161016,194
077161017,266
077161018,198
077161019,268
077161020,143
077161021,339
077161022,222
077161023,130
077161024,149
077161025,190
077161026,226
077161027,131
077161028,211
077161029,140
077161030,146
077162001,243
077162002,243
077163001,382
077163002,280
077163003,208
077164001,169
077164002,207
077165001,115
077165002,105
077165003,85
077165004/077165005,244
077165006,109
077166001,97
077166002,112
077166003,135
077166004,78
087001001,379
087001002,382
087001003,174
087001004,477
087001005,325
087001006,338
087001007,511
087001008,338
087001009,259
087001010,462
087001011,201
087001012/01,321
087001012/02,225
087001013,156
087002001,461
087002002,146
087002003,311
087002004,204
087002005,152
087002006,324
087002007,252
087002008,273
087002009,261
087002010,249
087002011,209
087002012,281
087003001,223
087004001,257
087004002,298
087004003,280
087004004,410
087005001,450
087005002,210
087006001,241
087006002,427
087006003,473
087006004,143
087006005,305
087007001,343
087007002,237
087008001,305
087008002,511
087008003,297
087008004,206
087008005/02,378
087008006,393
087009001/01,198
087009001/02,293
087009002,298
087009003,187
087009004,257
087010001,472
087010002,414
087010003,275
087010004,330
087010005,322
087011001,786
087011002,371
087011003,333
087011004,319
087011005,426
087011006,324
087012001,321
087013001,172
087014001,405
087014002,214
087014003,295
087014004,300
087014005,538
087014006,362
087014007,417
087014008,382
087014009,448
087014010,327
087014011,292
087014012,365
087014013,240
087014014,276
087014015,230
087015001/01,193
087015001/02,228
087016001,279
087016002/01,177
087016002/02,421
087016003,318
087016004,359
087017001,317
087017002,285
087017003,371
087017004,316
087017005,408
087017006,648
087018001,379
087018002,260
087018003,279
087018004,382
087018005,358
087018006,385
087019001,386
087019002,333
087019003,462
087019004,375
087019005,298
087020001,304
087021001,261
087021002,383
087022001,294
087022002,198
087022003,241
087022004,251
087022005,442
087022006,427
087023001/01,229
087023001/02,160
087023002,338
087023003,401
087023004,469
087023005,330
087023006,269
087023007,345
087023008,307
087023009/01,223
087023009/02,303
087023010,271
087023011,357
087023012,395
087023013,299
087023014,298
087023015,270
087023016,264
087023017,304
087023018,405
087023019,367
087023020,253
087023021,270
087023022,478
087023023,209
087023024,259
087023025,323
087023026,255
087023027,260
087023028,228
087023029,255
087023030,292
087023031,262
087023032,299
087023033,197
087023034,199
087023035,236
087023036,321
087023037,227
087023038,220
087023039,324
087023040,228
087023041,326
087023042,336
087023043,299
087023044/01,380
087023044/02,199
087023045,336
087023046,272
087023047,355
087023048,393
087023049,308
087023050/01,329
087023050/02,334
087024001,246
087024002,308
087025001,269
087025002,345
087025003,356
087025004,534
087025005,241
087025006/01,280
087025006/02,326
087025007,431
087025008,365
087025009,388
087025010,283
087025011,299
087025012,228
087025013,256
087025014,398
087025015,245
087025016,284
087025017,160
087025018,261
087025019,324
087025020,162
087025021,314
087025022,229
087025023,275
087025024,158
087025025,363
087025026,170
087025027,700
087025028,283
087026001,318
087026002,394
087026003,503
087026004,433
087027001,490
087028001,429
087028002,428
087029001,452
087029002,199
087029003/01,212
087029003/02,303
087029004,321
087029005,243
087029006,297
087029007,267
087029008,396
087029009,349
087029010/01,250
087029010/02,273
087029011,120
087029012,297
087029013,402
087029014,449
087029015,269
087029016,303
087029017,260
087029018,287
087029019,189
087029020,251
087029021,263
087030001,283
087030002,290
087030003,287
087031001/01/087031001/087031007,208
087031001/02,212
087031002,417
087031003,297
087031004/01,307
087031004/02,201
087031005,237
087031006,331
087031008,358
087031009,254
087031010,269
087032001,269
087033001,480
087033002,381
087033003,368
087033004,265
087033005,238
087033006,284
087033007,422
087033008,406
087034001,369
087034002,350
087034003,269
087034004,378
087034005,232
087034006,318
087034007,217
087034008,249
087034009,407
087034010,344
087034011,305
087034012,409
087034013,206
087034014,283
087034015,220
087034016,171
087034017,187
087034018,274
087034019,179
087034020,186
087034021,138
087034022,188
087034023,167
087034024,293
087034025,222
087034026,178
087034027,181
087034028,164
087034029,219
087034030,224
087034031,347
087035001,344
087035002,460
087036001,227
087036002,234
087037001,504
087038001,462
087038002,184
087039001,456
087040001,328
087040002,235
087040003,465
087041001,324
087041002,233
087041003,246
087042001,254
087042002/01,197
087042002/02,196
087043001/087043002,479
087044001,230
087045001,198
087046001/01,226
087046001/02,361
087047001/01,548
087047001/02,287
087047002/01,310
087047002/02,222
087047003/01,229
087047003/02,280
087047003/03,282
087047003/04,242
087047004,450
087047005/01,244
087047005/02,250
087047006,299
087047007,223
087047008,440
087047009,305
087047010,286
087047011,311
087047012,193
087047013,239
087047014,391
087047015,249
087047016,305
087047017,412
087047018,253
087047019,383
087047020,359
087047021,353
087047022,319
087047023/087047024,232
087048001,267
087048002,241
087048003,337
087048004,342
087048005,263
087048006,220
087048007,336
087048008,351
087048009,311
087048010,237
087048011,268
087048012,271
087048013,251
087049001,400
087049002,336
087050001,331
087050002,564
087050003,314
087050004,326
087050005,390
087050006,474
087050007,537
087050008,306
087050009,333
087050010,322
087050011,195
087050012,280
087050013,269
087050014,403
087050015,330
087050016,270
087050017,386
087050018,246
087050019,453
087050020,537
087050021,230
087050022,249
087050023,214
087050024,243
087050025/01,458
087050025/02,400
087050026,152
087050027,213
087050028,425
087050029,194
087050030,443
087050031,362
087050032/01,308
087050032/02,214
087050032/03,216
087051001,267
087051002,174
087052001,288
087052002,260
087052003,355
087052004,630
087052005,254
087052006,212
087052007,332
087052008,131
087052009,263
087052010,352
087052011,293
087052012/01,175
087052012/02,273
087052013,427
087052014,437
087052015,252
087052016,426
087052017,205
087053001,431
087054001/01,161
087054001/02,224
087055001,333
087055002,322
087055003,267
087055004,452
087055005,432
087055006,345
087055007/01,260
087055007/02,296
087056002,228
087056003,516
087056004,310
087056005/01,328
087056005/02,196
087056005/03,188
087056005/04/087056001,197
087056006,261
087057001,371
087057002,547
087058001,435
087058002,338
087059001,309
087059002,389
087060001,262
087060002,376
087061001,419
087061002,422
087062001,280
087062002,236
087062003,474
087064001,351
087064002,269
087064003,213
087064004,438
087064005,261
087064006,312
087064007,274
087064008,311
087064009/01,280
087064009/02,319
087064009/03,375
087064010,343
087064011,367
087064012,239
087064013,370
087064014,213
087064015,365
087064016,292
087064017,244
087064018,383
087064019,253
087064020,226
087064021,326
087064022,290
087064023,379
087064024,289
087064025,265
087064026,369
087064027,340
087064028,220
087064029,235
087064030,287
087064031,229
087064032,374
087064033,186
087064034,352
087064035/01,219
087064035/02,241
087064035/03,358
087064036,279
087064037,195
087064038,258
087064039,197
087064040,363
087064041,322
087064042,266
087064043,311
087064044,564
087064045,214
087064046,294
087064047,269
087064048,210
087064049,200
087064050,308
087064051/01,291
087064051/02,406
087064052,151
087065001,201
087066001,268
087066002,210
087066003,287
087066004,374
087066005,421
087066006/01,422
087066006/02,244
087066007,261
087066008,328
087066009,401
087066010,334
087066011,213
087066012,275
087066013,339
087066014,247
087066015,334
087066016,254
087066017,255
087066018,372
087066019,339
087066020,322
087066021,195
087066022,201
087066023,302
087066024/01,248
087066024/02,340
087066024/03,304
087066024/04,310
087066025,257
087066026,352
087066027,299
087066028,282
087066029/01,270
087066029/02,382
087066030,267
087066031,263
087066032,319
087066034,392
087066035,334
087066036,246
087066037/087066038,566
087066039,265
087066040,479
087066041,360
087066042,327
087066043/01,311
087066043/02,453
087066044,219
087066045/01,250
087066045/02,456
087066046/01,503
087066046/02,357
087066046/03,271
087066046/04,342
087066047/01,306
087066047/02,192
087066048,351
087066049,658
087067001,200
087067002,248
087067003,374
087067004,220
087067005,415
087067006,262
087067007,367
087067008/01,327
087067008/02,236
087067009,157
087067010,175
087067011,178
087067012,225
087067013/01,381
087067013/02,216
087067014,179
087067015/01,254
087067015/02,232
087067015/03,297
087067016,315
087067017,371
087067018,320
087068001,502
087069001,459
087069002,271
087069003,331
087069004,265
087069005,254
087069006/01,269
087069006/02,417
087069007,369
087069008/01,354
087069008/02,305
087069008/03,153
087069009,226
087069010/01,135
087069010/02,188
087069011,305
087069012,311
087069013,364
087069014,469
087069015,289
087069016/01,289
087069016/02,245
087069017,288
087069018,283
087069019,340
087069020,236
087069021,416
087069022,307
087069023,353
087069024,204
087069025,270
087069026,266
087069027,229
087069028,277
087069029,261
087069030,326
087069031,248
087069032,202
087069033,443
087069034,255
087069035,212
087069036,350
087069037,182
087069038,324
087069039,263
087069040,281
087069041,226
087069042,259
087069043,441
087069044,258
087069045,229
087069046,193
087069047,187
087069048,480
087069049,372
087069050,378
087070001,457
087070002,228
087070003/01,272
087070003/02,410
087070004/01,153
087070004/02,392
087070005,290
087070006,212
087070007,393
087070008,215
087070009,329
087071001,405
087071002,444
087071003,434
087071004,337
087071005,411
087071006,420
087071007,359
087071008,340
087071009,292
087071010,290
087071011,328
087071012,392
087071013,333
087071014,309
087071015,417
087071016,392
087071017,351
087071018/01,231
087071018/02,207
087071019/01,132
087071019/02,346
087071020,365
087071021,327
087071022,502
087071023/01,242
087071023/02,325
087071023/03,301
087071023/04,383
087071023/05,219
087071024,334
087071025,248
087071026,258
087071027,242
087071028/01,316
087071028/02,324
087071029/01,366
087071029/02,333
087071030,421
087071031,260
087071032,356
087071033,235
087071034,387
087071035/01,462
087071035/02,405
087071036,427
087071037,211
087071038,263
087071039,337
087071040,231
087071041,209
087071042,563
087071043,156
087071044,208
087071045,417
087071046,406
087071047,334
087071048,277
087071049,171
087071050,205
087071051,126
087071052,314
087071053,281
087071054/01,342
087071054/02,304
087071054/03,253
087071054/04,271
087071055,275
087071056,461
087071057/01,351
087071057/02,257
087071057/03,363
087071058,243
087071059/01,257
087071059/02,329
087071059/03,349
087071059/04,278
087071060,261
087071061,294
087071062,248
087071063,259
087071064,278
087071065,161
087071066,168
087071067/01,178
087071067/02,209
087072001,243
087072002,249
087072003,375
087073001,227
087073002,308
087073003,484
087074001,271
087074002,428
087074003,254
087074004,243
087075001,238
087075002,502
087075003,303
087076001,432
087076002,414
087077001,337
087078001,166
087079001,389
087079002,243
087079003/01,311
087079003/02,223
087079004,246
087079005,203
087079006,252
087079007,230
087079008,294
087079009,249
087079010,482
087080001,306
087080002,377
087081001,473
087081002,362
087081003,340
087082001,357
087082002,305
087082003,186
087082004/01,556
087082004/02,194
087082005,236
087082006,286
087082007,224
087083001,345
087083002,372
087084001/01,258
087084001/02,343
087084002,266
087084003/01,439
087084003/02,291
087084004,422
087084005,494
087085001,330
087085002,354
087085003,306
087086001,246
087086002,342
087086003,405
087086004,261
087087001,332
087087002,498
087088001,258
087088002,308
087089001,352
087089002,402
087089003,226
087089004,245
087090001,241
087090002,201
087090003,195
087090004,157
087090005,145
087090006,340
087090007,168
087090008,207
087090009,193
087090010,243
087090011,297
087090012,302
087090013,277
087090014,262
087090015,199
087090016,256
087090017,219
087090018,314
097001001,254
097001002,223
097002001,247
097002002,277
097002003,243
097002004,208
097003001,404
097004001,270
097004002,247
097005001,390
097006001,348
097007001,327
097008001,461
097009001,239
097010001,244
097010002,184
097011001,224
097011002,247
097011003,295
097011004,189
097011005,282
097011006,350
097012001,221
097013001,122
097014001,499
097014002,391
097014003,273
097015001,155
097016001,291
097017001,148
097018001,305
097018002,312
097019001,200
097019002,333
097019003,425
097019004,265
097019005,709
097020001,407
097020002,316
097020003,250
097020004,172
097020005,231
097020006,160
097020007,213
097020008,220
097021001,156
097022001,396
097022002,236
097022003,235
097022004,217
097022005,213
097022007,296
097022008,217
097022009/097022006,331
097022010,256
097023001,160
097024001,272
097024002,484
097025001,417
097025002,278
097025003/01,298
097025003/02/097025004,295
097026001,264
097027001,347
097028001,467
097029001,243
097029002,289
097030001,280
097031001,226
097031002,238
097032001,273
097032002,252
097033001,212
097033002,247
097033003,281
097033004,261
097034001,380
097034002,295
097035001,460
097036001,265
097037001,235
097038001,185
097038002,345
097039001,341
097040001,336
097041001,331
097041002,334
097041003,197
097041004,213
097042001,267
097043001,278
097043002,396
097043003/01,132
097043003/02,183
097044001,361
097045001,311
097046001/097046002,224
097046003,317
097047001,358
097047002,351
097047003,277
097047004,319
097047005,251
097048001,236
097048002,314
097048003,229
097048004,224
097048005,166
097048006,191
097048007,335
097048008,165
097049001,289
097049002,325
097049003,289
097050001,171
097050002,196
097050003,167
097050004,165
097050005,150
097051001,437
097051002,255
097051003,263
097052001,286
097053001/01,265
097053001/02,162
097053002,278
097053003,172
097054001,291
097054002,390
097055001,214
097056001,401
097057001,292
097057002,329
097058001,393
097058002,199
097058003,374
097058004,349
097058005,274
097058006,283
097058007,303
097058008,315
097058009,404
097058010,213
097058011,188
097058012,215
097058013,269
097058014,207
097058015,388
097058016,414
097058017,431
097058018,268
097058019,279
097059001,288
097060001,399
097061001,214
097061002,366
097061003,337
097061004,350
097061005,452
097061006,276
097061007,222
097061008,190
097061009,243
097061010,287
097061011,162
097061012,115
097061013,208
097061014,150
097061015,151
097061016,371
097061017,167
097061018,246
097061019,175
097061020,284
097061021,238
097061022,242
097061023,204
097062001,300
097062002,176
097062003,187
097062004,121
097062005,311
097062006,283
097062007,218
097062008/097062009,455
097062010/097062016,230
097062011,320
097062012,243
097062013,434
097062014,237
097062015,140
097062017,150
097062018,313
097063001,408
097063002,253
097063003,429
097063004,329
097063005,292
097063006,307
097063007,213
097063008,207
097063009,266
097063010,372
097063011,217
097063012,372
097063013,257
097063014,297
097063015,430
097063016,275
097063017,327
097063018,300
097063019,323
097063020,310
097063021,206
097063022,284
097063023,231
097063024,259
097063025,317
097063026,243
097063027,223
097063028,252
097063029,218
097063030,316
097063031,223
097063032,249
097063033,313
097063034,234
097063035,278
097063036,219
097063037,377
097063038,230
097063039,385
097063040,264
097063041,355
097063042,216
097063043,298
097063044,569
097063045,312
097063046,420
097063047,324
097063048,185
097063049,296
097063050,177
097063051,285
097063052,533
097063053,443
097063054,227
097063055,406
097063056/01,283
097063056/02,269
097063057,199
097063058,233
097063059,225
097063060,371
097063061,231
097063062,241
097064001,350
097064002,359
097065001,223
097065003/01,210
097065003/02/097065002,270
097066001,237
097067001,252
097067002,219
097068001,264
097068002,256
097068003,187
097069001,196
097069002,231
097070001,299
097070002,261
097071001,188
097072001,369
097072002,174
097073001,287
097074001,428
097075001,217
097076001,108
097076003,739
097076004/097076002,227
097076005,237
097077001,499
097078001,169
097079001,332
097079002,293
097080001,255
097080002,231
097081001,246
097081002,308
097081003,214
097082001,483
097082002,191
097082003,389
097083001,230
097083002,244
097083003,248
097083004,253
097083005,227
097083006,260
097083007,310
097083008,230
097084001,202
097085001/097085005,293
097085002,492
097085003,390
097085004,326
097086001,261
097086002,366
097086003,275
097086004,235
097087001,236
097087002,288
097088001,287
097089001,275
097089002,283
097090001,211
097091001,250
097091002,189
097091003,269
097091004/01,413
097091004/02/228004002,261
097092001,348
097092003/097092002,356
097093001,395
097093002,406
097094001,174
097095001,257
097095002,244
097096002,267
097096003/01,339
097096003/02/097096001,323
097097001,309
097097002,298
097098001/097098003,496
097098002,225
097099001,249
097099002,219
097100001,296
097100002,313
097100003,256
097101001,358
097101002,242
097101003,313
097101004,241
097101005,159
097101006,342
097101007,154
097101008,245
097101009,288
097102001,284
097102002,235
097103001,217
097103002,258
097104001,307
097105001,296
097105002,250
097106001/097106002,230
097107001,250
097108001,322
097109001,307
097110001,305
097110002,366
097110003,387
097111001,257
097111002,510
097111003,242
097111004,129
097111005,315
097112001,224
097112002,229
097113001/097113002,366
107001001,187
107001002,192
107001003,324
107001004,202
107001005,233
107001006,313
107001007,274
107001008,224
107001009,235
107001010,379
107001011,173
107001012,243
107002001,377
107003001,292
107004001,369
107005001,408
107006001/01,184
107006001/02,411
107006002,253
107007001/107007003,376
107007002,462
107008001,437
107009001,285
107009002,435
107009003,394
107009004,406
107010001/107010002,223
107011001,398
107012001,399
107012002,312
107013001,203
107014001/01,265
107014001/02,273
107014002,298
107014003,192
107014004,168
107014005,331
107015001/01,303
107015002,279
107015003,378
107015004,233
107016001,221
107016002,297
107017001,338
107018002,374
107018003/01,304
107018003/02/107018001,422
107018004,255
107018005,175
107018006,267
107019001,172
107019002,230
107019003,236
107019004,211
107019005,163
107020001/107022001,328
107021001,108
107023001,361
107024001,169
107025001,423
107026001,381
107026002,454
107027001,372
107028001,313
107028002,346
107028003,295
107029001,471
107029002,248
107029003,404
107029003/107029005,232
107029004/01,263
107029004/02,354
107029005,275
107029006,176
107029007,330
107030001,243
107031001,381
107031002,312
107032001,215
107033001,180
107034001,328
107035001,360
107036001,362
107037001,151
107038001,269
107039001/01,190
107039001/02,198
107039002,460
107039003,379
107039004,219
107039005,466
107040001,273
107041001,244
107041002,242
107042001,275
107042002,300
107042003,269
107043001,284
107044001,128
107044002,259
107044003,205
107044004,178
107044005,312
107044006,301
107045001,275
107046001,283
107046002/01,196
107046002/02,398
107046002/03,237
107046003,224
107047001,237
107047002,192
107048001,208
107049001,183
107050001,264
107051001,264
107052001,300
107052002,260
107052003,263
107052004,280
107052005,524
107052006,476
107052007,352
107052008,185
107052009,270
107052010,225
107052011,496
107052012,302
107052013,289
107052014,274
107052015,260
107052016,324
107052017,250
107053001,388
107054001,532
107055001,141
107056001,293
107056002,334
107057001,297
107058001,255
107058002,201
107059001/01,225
107059001/02,133
107060001,339
107060002,260
107061001,305
107062001,325
107063001,224
107064001,296
107065001,309
107066001,329
107067001,148
107068001,420
107069001,149
107070001,141
107071001,189
107071002/107071003,275
107071004,238
107072001,228
107072002,189
107072003,252
107072004,258
107072005,329
107072006,176
107072007,292
107072008,281
107072009,297
107072010,288
107072011,317
107072012,265
107073001,403
107073002,232
107073003,305
107073004,263
107073005,145
107073006,208
107073007,166
107073008,398
107073009,226
107073010,335
107074001,410
107075001,91
107076001,330
107077001,257
107077002,256
107078002,320
107078003,422
107078004,353
107078005/107078011,336
107078006,313
107078007,333
107078008,355
107078009/107078001,330
107078010,347
107078012,201
107078013,282
107078014,349
107078015,469
107078016/107078027,332
107078017,243
107078018,286
107078019,201
107078020,366
107078021,259
107078022,302
107078023/107078024,477
107078025,249
107078026,122
107078028,406
107078029,206
107079001/01,278
107079002/107079001/107079007,340
107079003/01,343
107079003/02,257
107079004/01,288
107079004/02,251
107079005,385
107079006,245
107079007,356
107079008,310
107079009,202
107079010,321
107079011,295
107079012,241
107079013,372
107079014,381
107079015,241
107079016,291
107079017,181
107079018,294
107079019/01,438
107079019/02,319
107079020,220
107079021,227
107079022,219
107079023,1456
107079024,270
107079025,213
107079026,304
107079027,288
107079028,343
107079029,242
107079030,262
107079031,301
107079032,420
107079033,383
107079034,447
107079035,456
107079036,399
107079037,393
107079038,262
107079039,422
107079040,414
107079041,337
107079042,284
107079043,263
107079044,240
107079045,293
107079046,282
107079047,225
107079048,182
107079049,255
107079050/01,203
107079050/02,218
107080001,203
107080002,131
107080003,226
107080004,186
107080005,246
107080006,206
107080007,292
107080008,204
107080009,225
107080010,165
107080011,226
107080012,185
107080013,439
107080014,318
107080015,294
107080016,227
107080017,158
107081001,495
107082001,287
107083001,208
107083002,163
107083003,254
107083004,299
107083005,393
107084001/01,259
107084001/02/107084002,345
107085001,307
107086001,442
107087001,464
107088001,306
107088002,298
107089001,297
107089002,380
107089003,324
107090001,316
107091001,270
107091002,283
107091003,112
107091004,225
107091005,229
107091006,317
107091007,173
107091008,303
107092001,405
107093001,372
107093002,292
107094001,366
107095001,175
107096001,284
107097001,392
107098001,192
117001001,82
117002001/117003001,232
117004001,161
117004002,160
117005001/117064001,233
117006001,249
117007001,123
117008001,196
117009001/117009005/117009002,391
117009003,248
117009004,400
117009007/117009006,278
117010001,152
117011001,336
117012001,179
117012002,118
117013001,274
117014001,154
117015002,208
117015003,189
117015004,113
117015005,69
117015006,230
117015007,341
117015008/117015018,211
117015009,145
117015010/117015017,249
117015011,186
117015012,265
117015013/01,205
117015013/02/117015001,252
117015014/117015021,383
117015015,359
117015016,256
117015019,213
117015020,181
117015022,390
117016001,160
117016002,142
117017001,290
117017002,176
117017003,163
117018001,184
117019001,237
117020001,269
117021001,153
117022001,193
117022002,193
117023001,138
117023002,172
117024001,148
117024002,173
117025001,247
117026001,167
117027002,136
117027003,141
117027004/117027001,263
117027005,245
117027006,299
117027007,213
117027008,187
117027009,230
117028001,223
117029001,287
117029002,175
117029003/117054001,156
117030001,248
117030002,193
117030003/117030001/117030005,271
117030004,129
117030005,169
117031001/117034001,167
117032001,178
117033001,153
117035001,199
117035003,111
117035004,185
117035005,203
117035006,237
117035007,154
117035008/01,350
117035008/02/117035002,193
117036001,268
117036002,289
117036003,183
117037001,356
117038001,222
117038002,147
117039001/117039003,220
117039002,180
117039003,186
117041001,156
117042001,181
117043001,237
117044001,283
117045001,161
117046001,289
117047001,308
117048001,199
117048002,161
117049001/117076001,372
117050001,235
117050002,177
117050003,184
117050004,207
117051001,199
117052001,380
117052002/117052003,238
117053001,175
117053002,191
117055001,128
117056001,182
117057001,255
117058001,137
117058002,305
117058003,145
117058004,254
117058005,195
117059001,201
117059002,193
117059003/117059006,257
117059004,230
117059005,214
117059007,285
117060001,206
117061001,205
117061002,239
117062001,150
117062002,196
117063001,397
117063003,159
117063004,128
117063005,302
117063006,208
117063007,200
117063008,112
117063009/117063002,280
117063010,115
117063011,163
117065001,217
117066001,183
117066003/117066005,372
117066004/117066002,290
117066006/117066008,250
117066007,222
117067001,186
117068001,299
117069001,98
117070001/117070002,466
117071001,243
117072001,295
117072002,330
117072003/117072004,207
117073001,275
117074001,196
117074002,210
117075001,131
117077001,206
117077002/11707703,146
117077003/117077004,147
117077004,256
117078001,119
117078002,119
127001001,251
127001002,172
127001003,227
127001004,96
127001005,166
127001006,304
127001007,155
127001008,284
127001009,154
127001010,230
127001011,276
127001012,314
127002001,411
127003001,304
127003002,294
127003003,235
127003004,347
127003005,187
127004001,321
127004002,296
127005001,148
127005002,401
127005003,177
127005004,255
127005005/127005007,606
127005006,247
127005008,391
127006001,341
127007001,295
127007002,287
127007003,273
127007004,182
127008001,166
127008002,204
127009001,355
127009002,271
127010001,207
127010002,351
127010003,374
127010004,300
127011001,216
127011002,186
127012001,252
127013001,272
127013002,400
127013003,298
127014001,386
127015001,340
127015002,166
127016001,203
127016002,218
127017001,386
127017002,431
127017003,611
127017004,304
127017005,200
127018001,372
127018002,201
127018003,228
127018004,277
127018005,324
127018006,318
127018007,243
127018008,238
127018009,163
127018010,346
127018011,331
127018012,330
127018013,265
127018014,405
127018015,303
127018016,346
127018017,232
127018018,265
127018019,279
127018020,307
127018021,234
127018022,330
127018023,215
127018024,232
127018025,230
127018026,348
127018027,327
127018028/01,246
127018028/02,330
127018029,262
127018030,199
127018031,168
127018032,262
127018033,429
127018034,246
127018035,265
127018036,273
127018037,322
127018038,355
127018039,304
127018040,343
127018041,224
127018042,255
127018043,383
127018044,220
127018045/01,819
127018045/02,224
127018046,293
127018047,194
127018048,330
127018049,255
127018050,364
127018051,252
127018052,377
127018053,223
127018054,254
127018055,202
127018056,334
127018057,324
127018058,365
127018059,293
127018060,208
127018061,778
127018062,282
127018063,248
127019001,296
127020001/127020003,322
127020002,337
127021001,224
127021002,249
127022001,330
127023001,368
127023002,355
127023003,224
127024001,281
127024002,215
127025001,336
127026001,336
127026002,450
127026003,217
127026004,223
127026005,254
127026006,257
127026007,341
127026008,249
127026009,247
127026010,178
127026011,293
127026012,473
127026013,290
127026014,248
127026015,235
127026016/01,272
127026016/02,500
127026017,496
127026018,221
127026019,219
127026020/01,241
127026020/02,175
127026021,344
127026022,175
127026023,249
127026024,325
127026025,316
127026026,388
127026027,211
127026028,262
127026029,371
127026030,267
127026031,246
127026032,516
127026033,350
127026034,303
127026035,384
127026036,233
127026037,315
127026038,510
127026039,290
127026040,371
127026041/01,265
127026041/02,362
127026042,477
127026043/01,347
127026043/02,398
127026044,313
127026045,428
127026046,236
127026047/01,266
127026047/02,269
127026048,338
127027001,284
127027002,233
127027003,296
127027004/127027005,467
127027006,205
127027007,369
127027008,348
127027009,333
127027010,413
127027011/01,212
127027011/02,217
127027012,304
127027013,245
127027014,331
127027015,256
127028001,263
127028002,154
127029001,142
127030001,230
127030002/01,231
127030002/02/127030004,295
127030003,237
127031001/01,296
127031001/02/127031005,313
127031002,258
127031003,260
127031004,333
127032001,248
127032002,405
127032003,308
127032004,333
127033001,332
127034001,193
127034002,207
127035001,322
127035002,254
127036001/01,206
127036001/02,229
127036002,292
127036003,237
127036004,446
127036005,365
127036006,301
127036007,242
127037001,268
127037002,240
127037003,253
127038001,388
127039001,393
127039002,363
127039003,284
127039004,214
127039005,170
127040001,327
127040002,331
127041001,383
127041002,172
127041003,389
127041004,217
127041005,420
127041006,327
127041007,272
127041008,198
127041009,328
127041010,276
127041011,347
127041012,278
127042001,190
127042002,206
127043001,260
127043002,200
127044001,286
127044002,319
127044003,256
127044004,319
127044005,254
127044006,213
127044007,346
127045001,264
127046001,353
127047001,323
127047002,249
127047003,191
127047004,292
127048001,244
127048002,291
127049001,224
127049002,245
127050001,258
127051001,463
127052001,226
127052002,235
127053001,441
127053002,392
127054001,316
127054002,234
127054003,375
127054004,374
127054005,253
127054006,379
127055001,216
127055002,192
127056001,176
127056002,257
127057001,375
127058001,273
127058002,192
127058003,236
127058004,317
127058005,334
127059001,266
127060001,285
127060002,348
127060003,283
127061001,127
127061002,226
127061003,156
127061004,419
127062001,273
127062002,304
127063001,296
127063002,288
127063003,346
127064001,263
127064002,260
127065001,67
127066001,219
127066002,228
127066003,251
127067001,326
127068001,314
127068002,270
127068003,266
127069001,342
127069002,261
127069003,381
127069004,356
127070001,191
127070002,149
127071001,230
127072001/01,129
127072001/02,269
127072002,190
127073001,317
127074001,263
127075001,445
127075002,95
127076001,249
127076002,225
127077001,204
127077002,360
127077003,155
127078001,256
127078002,190
127079001,374
127079002,415
127079003,451
127080001,282
127080002,279
127080003,153
127080004,284
127080005,209
127081001,273
127081002,280
127082001,324
127082002,300
127082003,229
127082004,398
127082005,297
127083001,309
127084002/127084001,266
127084003,356
127084004,348
127084005,326
127085001,350
127086001,270
127087001,423
127087002,416
127088001,393
127088002/01,138
127088002/02,157
127089001,210
127089002,232
127090001,193
127090002,197
127090003,311
127090004/127090005,301
127090006,145
127091001,314
127092001,231
127093001,315
127094001,227
127094002,304
127094003/01,156
127094003/02,253
127094004,315
127094005,274
127094006,155
127094007,168
127094008/127094009,161
127094010/01,220
127094010/02,156
127095001,190
127095002,178
127096001,188
127096002,210
127097001,287
127097002,220
127097003,404
127098001,280
127098002,281
127099001,304
127099002,308
127100001,226
127100002/01,188
127100002/02,197
127101001,235
127101002,306
127102001,253
127102002,324
127102003,207
127103001,219
127103002,204
127103003,229
127103004,266
127104001,241
127105001,374
127105002,240
127105003,196
127105004,307
127105005,283
127105006,288
127105007,217
127105008,166
127105009,351
127105010,255
127105011,252
127105012,318
127105013,223
127105014,219
127105015,252
127105016,182
127105017,248
127105018,212
127105019,256
127105020,356
127105021,172
127105022,247
127105023,224
127105024,179
127105025,281
127105026,212
127105027,148
127105028,185
127105029,186
127105030,113
127105032,222
127106001,172
127106002,286
127106003,267
127106004,399
127106005,395
127106006,248
127106007,448
127107001,277
127107002,202
127108001,153
127108002,202
127108003,309
127109001,250
127109002,300
127110001,129
127111001,377
127111002,250
127111003,364
127111004,269
127112001,234
127112002,258
127113001,383
127114001,234
127114002,238
127114003,242
127115002/01/127115001,443
127115002/02,119
127115003,445
127115004,213
127115005,228
127115006,250
127115008/127115007,517
127115009,276
127116001,279
127116002,292
127116003,339
127116004,227
127116005,160
127116006,229
127116007,216
127116008,321
127116009,227
127116010,232
127116011,223
127116012,165
127116013,168
127116014,242
127116015,264
127116016,143
127116017,292
127116018,330
127116019,304
127116020,335
127116021,254
127116022,360
127117001/01,141
127117001/02,209
127117002,337
127117003,258
127117004,174
127118001,494
127118002,264
127118003,346
127119001,222
127120001,226
127120002,146
127120003,416
127120004,245
127120005,218
127120006,239
127121001,322
127121002,176
127122001,170
127122002,145
127123001/127123006,177
127123002,535
127123003,222
127123004,261
127123005,213
127124001,307
127125001,315
127125002,186
127125003/01,299
127125003/02,137
127126001,356
127126002,245
127127001,272
127128001,337
127129001,289
127130001,222
127130002,336
127130003,362
127130004,213
127130005,206
127130006,241
127131001,260
127131002,150
127131003,200
127131004,312
127132001,269
127132002,273
127133001,278
127133002,310
127134001,338
127134002,315
127134003,385
127135001,341
127135002,353
127136001,324
127136002,330
128001001,262
128001002,305
128001003,286
128001004,279
128001005,233
128001006/01/128025003,269
128001006/02,175
128001007,253
128001008,413
128001009,351
128001010,170
128001011,228
128001012,257
128001013,357
128001014,270
128001015,218
128001016,214
128001017,355
128002001,164
128002002,285
128002003,391
128002004,251
128002005,121
128002006,290
128002007,287
128002008,292
128002009,194
128002010,257
128002011,275
128003001,239
128003002,177
128003003,254
128004001,161
128004002,187
128004003,335
128004004,197
128004005,224
128004006,161
128004007,212
128005001,184
128005002,184
128005003,248
128005004,180
128005005,191
128005006,346
128005007,173
128005008,236
128005009,196
128005010,190
128005011,238
128006001,280
128006002,153
128006003,193
128006004,192
128006005,264
128006006,271
128007001,288
128007002,221
128007003,257
128007004,274
128007005,189
128007006,207
128007007,318
128007008,341
128007009,179
128007010,282
128007012,287
128007013,187
128008001,240
128008002,215
128008003,253
128008004,264
128008005,153
128009001,175
128009002,205
128009003/128009001,169
128010001,306
128010002,244
128010003,309
128010004,241
128010005,329
128011001,235
128011002,240
128011003,332
128011004,171
128011005,280
128011006,266
128011007,236
128011008,303
128012001,171
128012002,219
128012003,256
128012004,198
128012005,238
128012006,231
128012007,197
128012008,170
128013001,195
128013002,270
128013003/01,262
128013003/02,166
128014001,252
128014002,230
128014003,175
128014004,295
128014005/128014006,323
128014007,209
128014008,338
128014009,295
128014010,450
128014011,513
128015001,258
128015002,160
128015003,235
128015004,374
128015005,228
128016001,242
128016002,260
128016003,148
128016004,225
128016005,246
128017001,221
128017002,307
128017003,274
128018001,196
128018002,336
128018003,233
128018004,263
128019001,220
128019002,175
128019003,253
128019004,253
128019005,172
128019006,359
128020001,118
128020002,141
128020003,348
128020004,132
128021001,187
128021002,199
128021003,255
128022001,275
128022002,311
128022003,215
128022004,183
128022005,234
128023001,242
128023002,313
128024001,168
128024002,237
128024004,169
128024005/128024003,173
128025001,201
128025002,141
128025004,166
128025005,261
128026001,228
128026002,275
128027001,359
128027002,267
128027003,202
128027004,199
128027005,183
128027006,245
128028001,229
128028002,272
128028003,227
128028004,162
128029001,241
128029002,255
128029003,220
128029004,206
128029005,236
128029006,313
128029007,296
128029008,211
128029009,275
128030001,238
128030002,224
128030003,238
128030004,183
128030005,178
128031001,201
128031002,211
128031003,81
128031004,154
128032001,377
128032002,231
128032003,231
128032004,220
128032005,225
128032006,300
128032007,264
128033001,191
128033002,318
128033003/01,288
128033003/02,208
128033003/03,134
128033004,160
128034001,188
128034002,213
128034003,248
128034004,286
128034005/128034006,307
128035001,337
128035002,247
128035003,273
128035004,226
128035005,259
128035006,309
128036001,276
128036002,271
128036003,335
128036004,227
128036005,284
128036006,238
128036007,273
128036008,303
128036009,244
128036010,197
128036011,214
128036012,294
128036013,366
128036014,255
128037001,323
128037002,164
128037003,501
137001001,182
137001002,169
137002001,351
137002002,336
137003001,262
137003002,218
137004001,234
137004002,283
137004003,213
137005001,261
137005002,248
137006001,395
137006002,253
137007001,176
137007002,289
137007003,157
137008001,233
137008002,297
137009001,244
137009002,277
137009003,253
137009004,228
137009005,216
137009006,482
137009007,211
137009008,271
137009009,241
137009010,202
137009011,179
137009012,166
137010001,237
137011001,245
137011002,216
137011003,230
137011004,210
137012001,225
137013001,229
137013002,366
137013003,189
137013004/137013002,151
137013005,250
137013006,177
137013007,181
137013008,230
137013009,429
137014001,278
137015001,204
137015002,249
137015003,198
137016001,256
137016002,225
137016003,237
137017001,169
137017002,256
137017003,342
137018001,250
137018002,335
137019001,397
137020001,224
137020002,196
137021001,153
137021002,173
137022001,260
137023001,145
137024001,188
137025001,218
137025002,198
137026001,208
137026002,280
137027001,357
137027002/01,197
137027002/02,201
137027003/137027004,359
137027005,267
137027006,301
137028001,129
137029001/137029010,278
137029002/137029005/137029010,158
137029003,336
137029004,301
137029005/137029006,368
137029007,223
137029008,247
137029009,290
137029010,276
137030001/137052001,200
137031001,2777
137031002,289
137032001,346
137032002,265
137033001,366
137034001,307
137035001,237
137035002,408
137035005/01/137035003/137035004,210
137035005/02,413
137036001/01,177
137036001/02,168
137036002,188
137036004,202
137036005/01,206
137036005/02/137036003,220
137037001,255
137037002,277
137037003,198
137038001,240
137038002,247
137039001,298
137040001,188
137041001,185
137041002,194
137042001,140
137043001,159
137043002,240
137043003,306
137043004,139
137043005,204
137043006,332
137043007,392
137043008,250
137043009,178
137043010,259
137043011,230
137043012/01,273
137043012/02,243
137043013,296
137043014,141
137043015,145
137043016,256
137044001/137044003,304
137044002,312
137044004,292
137044005,212
137045001,221
137045002,267
137045003,381
137045004,224
137045005,200
137045006,317
137045007,332
137045008,238
137045009,289
137045010,255
137045011,215
137045012,379
137045013,201
137045014,283
137045015,292
137045016,323
137045017,265
137045018,362
137045019,236
137045020,201
137045021,204
137045022,165
137045023,323
137046001,367
137047001,210
137048001,238
137049001,277
137049002,193
137049003,332
137050001,157
137050002,150
137051001,320
137053001,287
137053002/137053003/137053005,213
137053003,130
137053004,355
137054001,273
137054002,153
137054003/137054006,310
137054004,301
137054005/137054004,337
137054006,122
137054007,204
137055002/137055001,266
147001001,390
147001002,381
147001003,261
147001004,245
147001005,203
147001006,255
147001007,362
147001008,295
147001009,317
147001010,300
147002001,256
147002002/01,287
147002002/02,376
147002003,517
147002004,435
147002005,167
147002006,473
147002007,326
147002008,268
147002009,288
147002010,171
147002011,151
147002012,274
147002013,350
147002014,380
147002015,348
147002016,195
147002017,216
147003001,317
147003002,250
147003003,256
147003004,490
147003005,286
147003006,269
147003007,404
147004001,268
147004002,226
147004003,258
147005001,254
147005003,453
147005004,293
147005005,260
147005006/147005007,280
147005009,242
147005010/147005008/147005002,438
147006001,390
147006002,276
147006003,213
147006004,214
147006005,260
147006006,235
147006007,294
147007001,345
147007002,366
147007003,381
147008001,378
147008002,199
147008003,357
147008004,455
147008005,226
147008006,223
147008007,183
147008008,304
147008009,256
147008010,220
147008011,399
147008012,355
147008013,274
147008014,329
147008015,223
147009001,426
147009002,324
147009003,421
147009004,254
147009005,203
147009006,411
147009007,251
147009008,374
147009009,195
147009010,380
147009011,207
147010001,403
147010002,308
147011001/01,239
147011001/02,178
147011002,401
147011003,228
147011004,180
147011005,417
147011006,217
147012001,383
147012002,242
147012003,250
147013001/147013002,423
147013003,220
147014001,215
147014002,284
147014003,345
147014004,271
147014005,226
147014006,245
147014007,171
147014008,173
147014009,160
147014010,273
147014011,233
147014012,227
147014013,244
147014014,142
147014015,173
147014016,253
147014017,328
147014018,347
147014019,390
147014020,246
147014021,298
147014022,262
147014023,608
147014024,223
147014025,340
147014026,165
147014027,188
147014028,222
147014029,207
147014030,283
147014031,339
147014032,287
147014033,170
147014034,164
147014035,145
147014036,150
147014037,220
147014038,225
147014039,246
147014040,251
147014041,294
147014042,200
147014043,338
147014044,236
147015001,271
147015002,408
147016001,497
147016002,263
147016003,312
147016004,367
147016005,230
147016006,320
147016007,375
147017001,301
147017002,298
147017003,361
147017004,189
147017005,266
147018001,154
147018002,281
147018003,292
147018004/01,153
147018004/02,149
147018005,262
147018006,214
147019001,317
147019002,279
147019003,272
147019004,331
147019005,257
147019006,488
147019007,196
147019008,370
147019009,277
147019010,272
147019011,368
147019012,257
147019013,316
147019014,344
147019015,328
147019016,323
147019017,238
147019018,273
147019019,468
147019020/01,269
147019020/02,206
147019021,296
147019022,355
147019023,216
147019024,301
147019025,461
147019026,209
147019027,197
147019028,421
147019029,498
147019030/01,402
147019030/02/147019030/147019031,493
147019032,194
147019033/01,332
147019033/02,253
147019034,224
147019035,228
147019036,256
147019037,363
147019038,364
147019039,247
147019040,340
147019041,209
147019042,215
147019043,172
147019044,269
147019045,220
147019046,313
147019047,253
147019048,253
147019049,343
147019050,411
147019051,245
147019052,420
147019053,322
147019054,156
147019055/01,412
147019055/02/147019055/147019067/147019058,399
147019056,362
147019057,272
147019059,344
147019060,181
147019061,253
147019062/01,280
147019062/02,244
147019063,286
147019064,264
147019065,293
147019066,242
147019068,266
147019069,295
147020001,166
147020002,158
147020003,206
147020004,229
147020005,282
147020006,189
147020007,274
147020008,208
147021001,439
147021002,453
147021003,444
147021005,171
147021006,264
147021007,220
147021008/01/147021004,235
147021008/02,142
147021008/03,212
147021009,381
147021010,309
147022001,325
147022002,402
147022003,307
147023001,241
147023002,295
147023003,250
147023004,279
147024001,226
147024002,306
147024003,371
147024004,347
147025001,304
147025002,296
147025003/01,140
147025003/02,197
147025004,253
147025005/147025009,534
147025006,293
147025007,141
147025008/01,683
147025008/02,346
147025008/03,323
147025010,688
147025011,436
147025012,461
147025013,297
147025014,208
147025015,155
147025016,309
147025017,227
147025018,228
147025019,238
147025020,505
147025021/01,312
147025021/02,340
147025022,237
147025023,269
147025024/01,375
147025024/02,233
147025025,273
147026001,231
147026002,440
147026003,465
147026004,185
147027001,283
147027002,264
147027003,375
147028001,200
147028002,368
147028003,238
147028004,212
147028005,350
147028006,267
147029001,267
147029002,239
147029003,374
147030001,431
147030002,294
147030003,364
147030004,356
147031001,364
147031002,283
147031003,247
147031004,529
147031005,447
147032001,272
147032002,322
147032003,294
147032004,415
147032005,181
147033001,444
147033002,334
147033003,282
147034001,268
147034002,374
147034003,354
147034004,364
147034005/01,238
147034005/02,284
147034006,240
147034007,323
147034008,189
147034009,292
147034010,340
147034011,230
147034012,296
147034013,306
147034014,193
147034015,163
147034016,241
147034017,279
147034018,134
147034019,156
147034020,172
147034021,237
147034022,275
147034023,173
147034024,198
147034025,230
147035001,465
147035002,315
147035003,292
147035004,287
147035005,457
147035006,265
147035007,218
147035008,389
147035009,277
147035010,230
147035011/01,299
147035011/02,407
147035012,538
147035013,443
147035014,339
147035015,466
147035016,473
147035017,412
147035018,445
147035019,288
147035020,264
147035021,321
147035022,372
147035023/01,207
147035023/02,402
147035024,398
147035025/01,257
147035025/02,215
147035026,254
147035027,273
147035028,297
147035029,386
147036001,303
147036002,374
147037001,470
147037002,305
147037003,294
147038001,333
147038003,344
147038004,381
147038005,349
147038007/01/147038006,389
147038007/02,370
147038008,150
147038009,411
147038010/01,308
147038010/02,103
147038010/03/147038002,320
147038011,249
147038012,296
147039001,155
147039002,281
147039003,356
147039004,286
147039005,262
147039006,254
147039007,215
147039008,204
147039009,239
147039010,280
147039011,390
147039012,283
147039013,252
147039014,277
147039015,290
147039016,203
147040001,225
147040002,148
147040003,174
147040004,274
147040005,215
147040006,290
147040007,311
147040008,159
147040009,204
147040010,173
147040011,207
147041001,222
147041002,151
147041003,116
147041004,223
147041005,227
147041006,319
147042001,276
147042002,320
147042003,274
147042004,201
147042005/01,213
147042005/02,169
147042006,310
147042007,312
147042008,253
147042009,222
147042010,176
147042011,283
147042012,137
147042013/01,237
147042013/02,234
147042014,141
147042015,190
147042016,200
147042017,219
147042018,242
147042019,319
147042020,255
147042021,359
147042022,270
147042023,183
147042024,172
147042025,269
147042026,266
147043001,357
147043002,392
147043003,297
147043004,316
147043005,233
147043006,311
147043007,382
147043008,458
147043009,274
147043010,366
147043011,248
147043012,331
147043013,233
147043014,427
147043015,318
147043016,334
147043017,246
147043018,495
147043019,349
147043020,208
147043021,179
157001001,174
157001002,156
157001003,199
157001004/157001005,168
157001006,101
157002001,137
157002002,108
157002003,200
157002004,178
157002005,277
157003001,396
157003002,257
157003003,206
157003004,211
157004001,110
157005001,177
157005002,181
157005003,292
157006001,236
157006002,131
157007001/157007005,142
157007002,176
157007003,130
157007004,281
157007006,152
157008001/157008003,107
157008002,248
157008004,195
157008005,220
157008006,244
157009001,365
157010001,209
157010002,209
157010003,216
157010004,320
157011002,312
157011003/157011001/157011005,281
157011004/01,311
157011004/02,288
157011004/03,186
157011006,391
157011007,198
157011008,291
157011009,332
157011010,235
157011011,271
157012001,227
157012002,151
157013001,273
157014001,173
157014002,184
157014003,193
157014004,306
157014005,142
157014006,251
157014007,221
157014008,191
157015001,214
157015002,211
157015003,438
157015004,386
157015005,276
157015006,234
157015008/01/157015007,243
157015008/02,262
157015009,209
157015010,197
157015011,210
157015012,319
157016001,312
157016002,243
157016003,288
157016004,154
157016005,162
157016006,136
157016007,126
157016008,345
157016009,189
157016010,160
157016011,224
157016012,129
157016013/157016014,197
157016015,175
157016016,172
157016017,165
157016018,146
157016019,147
157016020,275
157016021,222
157016022,279
157017001,262
157017002,185
157017003,174
157018001,204
157018002,138
157019001,121
157019002,114
157020001,225
157020002,224
157020003,246
157020004,222
157021002,204
157021003/157021001,287
157021004,198
157021005,282
157021006,354
157021007,287
157021008,139
157021009,203
157021010,265
157021011,327
157021012,152
157021013,318
157021014,247
157021015,287
157021016,102
157021017/157021018,184
157021019,282
157022001/157022002,184
157022003,220
157022004,181
157023001,118
157023002,167
157024001/157024004,170
157024002/157024003,162
157025001,193
157025002,224
157025003,289
157025004,310
157025005,240
157025006,101
157025007,331
157025008,413
157025009,262
157025010,445
157025011,152
157025012,312
157025013,134
157025014,125
157026001,308
157026002,332
157027001,194
157027002,285
157028001,184
157028002,163
157029001,238
157030001,328
157030002,292
157031001/157031002,344
157031003,164
157032001,99
157033001,213
157033002,179
157033003,172
157033004,212
157034001/157034002,150
157035001,289
157035002,138
157035003,255
157035004,211
157035005,191
157036001,203
157036002,290
157036003/157036009,283
157036004,218
157036005,325
157036006,317
157036007,243
157036008,264
157037001,325
157038001,149
157038002,164
157038003,180
157038004,162
157039001/01,149
157039001/02,164
157039002,352
157039003,556
157039004,286
157039005,457
157040001,71
157041002/157041004/157041003/157041001/157129002/157129001,159
157042001,205
157042002,161
157043001,212
157043002,241
157044001,220
157044002,222
157045001,158
157045002,208
157046001,176
157046002,173
157047001,204
157047002,232
157047003,212
157047004,248
157048001,261
157048002,188
157048003,252
157048004,236
157048005,132
157048006,427
157048007,268
157048008,288
157048009/01,228
157048009/02,188
157048010,214
157048011,219
157048012,265
157048013,185
157048014,216
157048015,434
157048016,234
157048017,232
157048018,251
157048019,292
157048020,213
157048021,228
157048022,298
157048023,164
157048024,242
157048025,228
157048026,181
157048027,279
157048028,372
157048029,296
157048030,424
157049001,395
157049002,226
157049003,165
157049004,246
157049005,125
157049006,175
157049007,240
157049008,223
157049009,195
157049010,243
157049011,321
157049012,233
157049013,249
157049014,279
157049015,304
157049016,291
157049017,246
157049018,185
157049019,153
157049020,240
157049021,321
157049022,294
157049023,254
157049024,202
157049025,299
157049026,146
157049027,159
157049028,226
157050001,194
157051001,329
157051002,231
157051003/01,155
157051003/02,262
157051004,207
157051005,171
157051006,369
157051007,271
157051008/01,278
157051008/02,208
157051009,222
157051010,372
157051011,132
157051012,216
157051013,319
157051014,325
157051015,252
157051016,193
157051018/157051017,228
157052001,328
157052002,290
157053001,272
157053002,382
157053003,294
157054001,165
157055001,184
157055002,311
157055003,284
157056001,152
157056002,135
157056003,147
157057001,223
157057002,366
157057003,206
157057004,199
157058001,202
157058002,181
157058003,128
157059001,306
157060001/157060002,234
157060003,155
157060004,164
157060005,159
157061001,212
157061002,243
157062001,180
157063001,194
157063002,210
157063003/157063004/157063005,295
157064001,305
157064002,295
157065001,331
157065002,249
157065003,282
157065005/157065004,243
157066002,231
157066003/157066001,279
157066004,185
157066005,175
157067001,151
157067002,206
157068001,167
157068002,174
157068003,142
157069001,166
157069002,196
157069004/157069003,253
157069005,362
157069006,192
157070001,280
157070002,211
157071001,202
157072001/157072005,207
157072002,224
157072003,232
157072004,108
157073001,205
157073002,178
157074001/157074002,82
157074003/157074005/157074006/157074004,245
157074008/157074007,265
157075001,182
157076001/157076002,331
157077001/157077002,112
157078001,334
157078002,222
157079001,237
157079002,236
157080001,209
157081001,179
157081002,137
157081003,183
157082001/157136001,87
157083001,257
157084001,130
157085001,203
157085002,207
157085003,231
157085004,226
157086001,168
157086002,191
157086003,128
157086004,172
157087001,192
157087002,233
157087003,212
157087004,245
157087005,197
157088001,170
157088002,135
157088003,198
157088004,243
157088005,165
157088006,157
157089001,230
157089002,225
157090001,133
157090002,193
157090003,157
157090004,193
157091001,242
157092001,250
157093001,109
157094001,204
157094002,435
157094003,218
157095001,102
157096001,180
157096002/157096004,317
157096003,260
157096005/157096002,204
157097001,196
157097002/157097009,171
157097003,157
157097004,214
157097006,185
157097007/157097005,299
157097008,103
157098001,276
157098002,242
157099001,216
157099002,175
157099003,159
157099004,137
157100001,308
157100002,378
157101001,251
157101002,230
157101003,201
157101004,332
157102001/157102008,196
157102002,309
157102003,234
157102004,233
157102005,199
157102006,219
157102007/157102009,226
157103001,159
157103002,141
157103003,153
157103004,207
157104001,190
157104002,171
157104003,108
157104004,106
157105001/01,284
157105001/02,138
157105002,277
157105003/157105008/157105004,222
157105005,182
157105006,165
157105007,172
157105009,186
157106001,161
157106002,182
157106003,324
157107001,203
157107002,246
157107003,198
157107004,170
157108001/157108005,227
157108002,197
157108003,178
157108004,193
157108006,209
157109001,169
157109002,246
157109003,181
157109004/157109005,203
157110001/157110002,188
157110003,126
157111001,178
157111002,228
157111003,224
157111004,138
157112001,100
157112002,96
157112003,110
157113001,137
157113002,199
157113003,124
157114001,114
157115001,167
157115002,156
157116001,242
157116002,159
157116003/157116005,203
157116004,164
157116006,174
157116007,175
157117001,418
157117002,312
157117003,261
157118001,201
157118002,236
157119001,173
157119002,189
157119003,179
157120001,337
157120002,147
157120003,214
157120004,198
157120005,202
157120006,202
157121001,146
157121002,103
157122001/157122002,223
157123001,153
157123002,219
157124001,179
157124002,262
157124003,205
157124004,233
157125001,157
157125002,201
157125003,196
157126001/157126005,369
157126002,242
157126003,276
157126004,247
157126006,184
157127001/157127007,225
157127002/157127005/157127006,315
157127003/157127004,259
157128001,109
157128002,104
157130001,297
157130002,215
157131001,315
157131002,288
157132001,226
157132002,160
157132003,110
157132004,88
157132005,111
157133001,248
157134001,202
157134002,241
157135001,232
157135002,277
157137001,229
157137002,193
157137003,174
157137004,251
157137005,175
157137006,189
157138001,269
157138002,256
157139002,162
157139004/157139005/157139006,232
157139007,187
157139008,148
157139009/157139010/157139001/157139003,239
157140001,220
157140002,181
157140003,147
157140004,159
157140005,310
157140006,225
157141001,213
157141002,231
157141003,200
157141004,186
157141005,142
157141006,207
157142001,157
157143001,157
157143002,274
157143003,216
157144001,224
157144002,232
157144003,172
157144004,245
157144005,297
157144006,239
157144007,230
157144008,227
157144009,108
157144010,122
157144011,173
157144012/157144014,214
157144013,146
157145001,187
157146001,140
157146002,238
157147001,321
157147002,143
157148001,249
157148002,255
157148003,209
157148004,296
157148005,136
157148006,230
157148007,180
157148008,169
157149001,208
157149002,142
157150001/157150006,222
157150002/157150004,669
157150003,290
157150005,379
157151001,112
157151002,231
157151003,170
157152001,174
157152002,462
157152004,209
157152005,186
157152006,172
157152007,237
157152008/157152009/157152003,299
157153001,279
157153002,486
157153003,128
157153004,195
157153005,194
157153006,287
157153007,217
157153008,177
157153009,260
157153010,201
157153011,236
157153012,159
157153013,281
157153014,197
157153015,192
157153016,185
157153017,104
157153018,244
157153019,608
157153020,160
157153021,278
157153022,169
157153023,177
157153024,411
157153025,156
157153026/157153027.,271
157154001,190
157154002,200
157154003,164
157154004,120
157154005,119
157154006,400
157154007,210
157154008,153
157154009,238
157154010,160
157154011,236
157154012,226
167001001,247
167001002,222
167001003,213
167002001,325
167002002,360
167002003,331
167002004,352
167002005,361
167002006,280
167002007,354
167003001,253
167003002,370
167003003,259
167003004,232
167003005/01,170
167003005/02,172
167003006,323
167003007,340
167004001,263
167004002,291
167004003,288
167004004,295
167005001,234
167005002/167005004,279
167005003,364
167006001,268
167006002,297
167006003,268
167006004,334
167006005,280
167006006,201
167006007,338
167006008,163
167006009,414
167006010,208
167007001,220
167008001,567
167009001,334
167009002,476
167010001,256
167010002,387
167011001,412
167011002,411
167011003,354
167012001,324
167013001,281
167014001,207
167014002,250
167015001,229
167015002,211
167016001,277
167016002,236
167017001,236
167017002,304
167017003,374
167017004,326
167017005,445
167017006,319
167017007,243
167018001,265
167018002,263
167018003,279
167018004,227
167019001,235
167019002,317
167020001,516
167021001,372
167021002,218
167022001,377
167023001,417
167024001,418
167024002/01,184
167024002/02,182
167024003,499
167025001/01,292
167025001/02,543
167025001/03,536
167025002,308
167025003,365
167025004,268
167025005/01,378
167025005/02,351
167025005/03,400
167025005/04,277
167025005/05,309
167025006,308
167025007,229
167025008,207
167025009,233
167025010,232
167025011,328
167025012,347
167025013,232
167025014,216
167025015,211
167025016,266
167025017,488
167025018,384
167025019,293
167025020,422
167025021,223
167025022,511
167025023,512
167025024,276
167025025,280
167025026,227
167025027,219
167025028,398
167025029,360
167025030/01,353
167025030/02,276
167025030/03,276
167025031,669
167025032,597
167025033,224
167025034,393
167026001,366
167026002,301
167026003,348
167026004,296
167026005,314
167026006,379
167027001,261
167027002,184
167027003,176
167027004/167027005,423
167027005/167027006,332
167028001/167028013,327
167028002,439
167028003,244
167028004,381
167028005,340
167028006,196
167028007,242
167028008/01,251
167028008/02,311
167028009,278
167028010,236
167028011,437
167028012,349
167028014,459
167028015,222
167028016,402
167028017,342
167028018,376
167028019,418
167029001,400
167029002,222
167029003,260
167029004,325
167029005/01,292
167029005/02,637
167029005/03/01/167029005/01,287
167029005/03/02,281
167029005/04,234
167029006/167029007/167029028,369
167029008,260
167029009,420
167029010,340
167029011,252
167029012,481
167029013,311
167029014/01,305
167029014/02,117
167029015,496
167029016,411
167029017,287
167029018,308
167029019,324
167029020,370
167029021,369
167029022,236
167029023,407
167029024,512
167029025,321
167029026,275
167029027/01,254
167029027/02,335
167030001,333
167030002,226
167030003,321
167030004,315
167030005,723
167030006,218
167030008,376
167030009,361
167030010,381
167030011/01,384
167030011/02,324
167030011/03,274
167030011/04,336
167030012,449
167030013,281
167030014,241
167030015,188
167030016/01,491
167030016/02,239
167030017,436
167030018/01,422
167030018/02/167030007,362
167030019,269
167030020,312
167030021,255
167031001,416
167031002,304
167031003,345
167032001/167032002/167032003,256
167032004,262
167032005,273
167033001,458
167034001,291
167034002,404
167035001,450
167035002/167035005,464
167035003/167035004,346
167036001,277
167036002,306
167037001,473
167037002,271
167037003,291
167037004,429
167037005,234
167037006,419
167037007/01,262
167037007/02,295
167037007/03,335
167037008,264
167037009,346
167037010,481
167037011,308
167037012/167037013,450
167038001,341
167038002,396
167038005,187
167038006,135
167038007,300
167038008/01,476
167038008/02/167038011,140
167038009,225
167038010,382
167038012,1190
167038013,400
167038014,439
167038015,392
167038016,502
167038017,360
167038018,142
167038019,371
167038020,287
167038021,368
167038022,208
167038023,425
167038024,454
167038025,362
167038026,389
167038027,296
167038028,276
167038029,331
167038030/01,259
167038030/02,247
167038030/03,253
167038031/01,179
167038031/02,241
167038031/03,188
167038032,360
167039001,335
167039002,417
167039003,299
167039004,313
167039005,244
167039006,255
167039007,382
167039008,492
167039009,210
167039010,351
167039011,403
167039012,457
167039013,350
167039014,256
167039015,216
167040001,171
167040002,440
167040003,137
167040004,207
167040005,163
167040006,199
167040007,262
167040008,342
167040009,298
167041001,159
167041002,353
167041003,475
167041004,425
167041005,246
167041006,295
167041007,310
167042001,263
167042002,290
167042003,279
167042004,470
167042005,392
167042005/01,266
167042005/02,256
167042006,338
167042007,263
167042008,281
167042009,309
167042010,292
167042011,365
167043001,576
167044001,408
167045001,348
167045004/01,391
167045004/02/167045003/167045002,276
167045005,348
167046001,380
167046002,304
167046003,341
167046004,301
167046005,288
167046006,250
167046007,177
167046008,256
167047001,315
167048001,224
167048002,208
167048003,296
167048004,289
167048005,274
167049001,246
167049002/167049003,174
167050001,313
167050002,292
167050003,337
167050004,341
167051001,273
167051002,322
167052001,240
167052002,255
167052003,362
167053001,436
167053002,274
167053003,289
167053004,201
167053005/01,344
167053005/02,335
167054001,459
167054002,425
167054003,325
167054004,327
167054005,371
167055001,444
167056001,211
167057001,347
167057002,349
167058001,211
167058002,260
167059001,270
167059002,225
167060001,334
167060002,458
167061001,293
167061002,280
167062001,276
167063001,213
167063002,210
167064001/167064002,345
167064003,305
167065001,442
167065002,168
167065003,253
167065004,189
167065005,284
167065006,417
167065007/01,516
167065007/02,451
167065008/01,326
167065008/02,388
167065009,210
167065010,206
167065011,213
167065012,421
167065013,299
167065014,257
167065015,435
167065016,257
167065017,292
167065018,222
167065019,421
167065020,525
167065021,343
167065022,464
167065023/01,302
167065023/02,243
167065024,419
167065025,383
167065026,491
167065027,228
167065028,220
167065029,208
167065030,406
167065031,285
167065032,405
167065033,470
167065034,215
167065035,255
167065036,225
167065037,311
167065038,606
167065039,490
167065040,308
167065041,356
167065042,375
167065043,233
167065044,313
167065045,355
167065046,291
167065047,193
167065048,376
167065049,405
167065050,326
167065051,271
167065052,496
167065053,266
167065054,393
167065055,335
167065056,415
167065057,369
167065058,425
167065059,149
167065060,240
167065061,292
167065062,297
167065063,293
167065064,316
167065065,489
167065066,452
167065067/01,378
167065067/02,342
167065068,540
167065069,541
167065070,203
167065071/01,344
167065071/02,373
167065072,639
167065073/01,435
167065073/02,371
167065074/01,284
167065074/02,312
167065075,510
167065076,229
167065077,171
167065078,190
167065079,181
167065080,415
167065081,213
167065082,349
167065083,333
167065084/01,205
167065084/02,353
167065084/03,470
167065085,369
167066001,199
167066002,167
167066003,411
167066004,242
167066005,288
167066006,320
167066007,138
167066008,211
167066009,276
167066010,255
167066011,199
167066012,209
167066013,298
167066014,250
167066015,136
167066016,215
167067001,229
167067002,218
167068001,284
167068002,314
167068003,434
167069001,216
167069002,202
167069003,404
167070002,380
167070003,266
167070004,395
167070005/01/167070001,310
167070005/02,271
167070006,162
167070007,219
167070008,149
167070009,181
167071001,284
167071002,239
167071003,236
167071004,241
167071005,260
167072001,193
167073001,279
167073002,238
167074001,301
167074002,286
167074003,519
167075001,322
167075002,377
167076001,327
167076002,300
167076003,468
167077001,383
167077003/167077002,520
167077004/01,462
167077004/02,295
167078001,367
167078002,555
167078003,412
167078004,483
167078005,395
167078006,239
167078007,340
167078008,478
167078009,537
167078010,238
167078011,318
167078012,460
167078013,482
167078014,374
167078015,285
167078016,279
167078017/01,338
167078017/02,362
167078018,364
167078019,308
167078020,418
167078021,318
167078022,405
167078023,368
167078024,289
167078025,606
167078026,465
167078027,390
167078028,435
167078029,348
167078030,238
167079001/01,411
167079001/02,202
167079002,465
167079003,287
167079004,500
167080001,386
167080002,311
167080003,321
167080004,334
167080005,321
167081001,318
167081002,318
167081003,376
167081004/167081006,271
167081005,433
167081007,220
167082001/167082039,248
167082002,409
167082003,244
167082004,369
167082005/01,256
167082005/02,318
167082006/01,531
167082006/02,286
167082006/03,285
167082007,501
167082008/01,343
167082008/02,292
167082008/03,319
167082009,441
167082010,329
167082011,260
167082012,189
167082013,230
167082014,375
167082015,207
167082016,162
167082017,255
167082018,442
167082019,364
167082020,624
167082021/01,310
167082021/02,413
167082021/03,232
167082022,407
167082023,201
167082024,300
167082025,240
167082026,179
167082027,224
167082028,480
167082029,257
167082030/01,207
167082030/02,324
167082031,266
167082032,572
167082033,473
167082034,297
167082035,223
167082036/01,390
167082036/02,338
167082036/03,536
167082036/04,511
167082037,316
167082038,428
167083001,297
167083002,454
167084001,427
167085001,367
167085002,341
167085003/01,419
167085003/02,244
167085004,273
167085005/01,275
167085005/02,328
167085006,475
167085007,256
167085008,510
167085009,308
167085010,411
167085011,315
167085012,278
167085013,380
167085014,291
167086001,241
167087001/01,339
167087001/02,265
167087002,343
167087003,223
167087004,283
167088001,511
167088002,282
167088003,298
167088004,375
167089001,248
167089002,420
167089003,314
167090001,310
167090002,420
167090003,222
167090004,278
167090005,305
167090006,306
167090007,278
167090008,190
167090009,396
167090010,313
167090011,272
167090012,238
167090013,324
167090014,291
167090015,379
167090016,551
167090017,344
167090018,515
167090019,332
167090020,407
167090021,235
167090022/01,289
167090022/02,166
167090022/03,428
167090023,185
167090024,310
167090025,341
167090026,314
167090027,262
167091001,169
167091002,314
167091003,223
167091004,176
167091005,243
167091006,258
167092001,344
177001001,318
177002001,332
177002002,355
177002003,298
177002004,293
177003001,317
177003002,255
177004001,188
177004002,203
177005001,283
177005002,260
177005003,341
177005004,241
177005005,468
177006001,155
177006003/177006002,163
177007001,364
177007002,109
177007003,528
177008001,302
177008002,182
177008003,251
177008004,377
177008005,459
177009001,272
177010001,388
177010002,391
177011001,318
177012001,248
177012002,307
177012003,276
177013001,297
177013002,247
177014001,205
177014002,285
177014003,225
177015001,378
177016001,412
177016002,195
177016003,328
177016004,574
177016005,368
177016006,192
177016007,332
177016008,211
177016009,367
177016010,328
177016011,212
177016012,180
177016013,230
177016014,362
177017001,404
177017002,175
177017003,186
177017004,210
177017005,128
177017006,165
177017007,161
177017008,251
177017009,168
177017010,175
177017011,308
177018001,260
177018002,143
177018003,173
177018004,110
177018005,125
177018006,203
177019001,333
177019002,445
177019003,210
177019004,258
177019005,296
177019006,236
177019007,214
177019008,281
177019009,223
177019010,305
177019011,237
177019012,447
177019013,208
177019014,255
177020001,195
177020002,211
177020003,191
177020004,416
177021001,210
177021002,181
177021003,357
177022001,258
177022002,259
177023001/177023003,354
177023002,233
177023004,270
177023005,247
177023006,230
177023007,278
177024001/177024006,241
177024002,222
177024003,175
177024004/177024006,279
177024005,210
177025001,243
177025002,198
177025003,351
177026001,273
177026002,254
177027001,323
177028001,352
177028002,353
177029001,293
177029002,287
177029003,308
177029004/01,193
177029004/02,161
177030001,453
177030002,374
177031001,242
177031002,170
177031003,317
177032001,217
177032002,233
177032003,302
177033001,292
177034001,350
177034002,354
177035001,190
177036001,291
177036002,280
177037001,211
177037002,304
177038001,224
177038002,261
177038003,257
177039001,357
177039002,359
177040001,136
177041001,320
177041002,175
177041003,148
177041004,426
177042001,286
177042002,234
177042003,290
177042004,348
177043001,314
177043002,234
177044001,341
177044002,222
177044003,256
177045001,270
177045002,286
177046001,252
177046002/177046004,269
177046003,443
177047001,236
177047002,245
177048001,361
177048002,164
177048003,416
177048004,241
177049001,155
177049002,175
177050001,228
177050002,386
177051001/177051002,219
177052001,275
177052002,233
177053001,312
177053002,357
177054001,348
177054002,368
177055001,281
177055002,295
177056001,230
177056002,205
177057001,364
177057002,322
177058001,175
177058002/177058003,143
177058003,398
177058004,176
177058005,207
177058006/177058020,277
177058007,455
177058008,358
177058009,227
177058010,249
177058011,242
177058012,194
177058013,365
177058014,233
177058015/01,458
177058015/02,196
177058016,214
177058017,348
177058018,229
177058019,174
177058021,481
177058022,175
177058023,198
177058024,239
177059001,214
177059002,230
177059003,263
177059004,183
177059005,202
177059006,301
177059007/177059008,207
177059009,138
177059010,192
177059011,355
177060001,380
177061001,325
177061002,241
177061003,176
177061004,176
177062001,238
177062002,214
177062003,272
177062004,250
177063001,240
177063002,207
177064001,276
177064002,496
177064003,244
177064004,192
177065001,248
177066001,339
177066002,344
177067001,187
177067002,203
177068001,324
177068002,295
177068003,389
177069001,266
177069002,277
177069003,362
177070001,238
177070002,212
177070003,208
187001001,187
187001002,184
187002001/187038001,495
187003001,185
187004001,215
187004002,332
187004003,316
187004004,525
187005001,356
187005002,303
187006001,216
187006002,525
187007001,313
187007002,339
187008001,407
187009001,279
187009002,308
187009003,185
187009004,358
187009005,201
187009006,284
187009007,268
187009008,332
187010001,170
187011001,353
187012001/187012005,314
187012002,191
187012003,321
187012004/01,251
187012004/02,223
187013001,209
187013002,224
187013003,234
187013004,257
187013005,327
187013006,286
187013007,370
187013008,442
187013009,231
187013010,142
187013011,161
187013012,207
187013013,264
187013014,262
187013015,394
187013016,204
187013017,194
187013018,318
187014001,515
187014002,274
187014003,352
187015001,121
187016001,200
187017001,316
187017002,340
187017003,392
187017004/01,183
187017004/02,282
187017005,188
187018001,450
187018002,199
187018003,327
187018004,361
187018005,230
187018006,228
187018007,241
187018008,222
187018009,243
187018010,199
187018011,133
187018012,393
187018013,229
187018014,376
187018015,398
187019001,380
187019002,274
187019003,390
187020001,424
187020002,401
187021001,345
187022001,245
187022002,263
187023001,419
187023002,308
187024001,330
187024002,240
187025001,410
187025002,214
187025003,160
187026001,201
187026002/01/187026003,396
187026002/02,173
187026004,260
187026005,262
187026006,327
187027001,334
187028001,276
187029001,297
187030001,284
187030002,259
187031001,361
187032001,454
187033001,385
187034001,281
187034002,254
187034003,263
187035001/01,222
187035001/02,186
187035002,482
187036001,376
187036002,237
187036003,355
187036004,201
187036005,319
187036006,383
187036007,332
187036008,457
187036009,303
187036010,266
187036011,231
187036012,365
187036013,437
187036014,227
187036015,305
187036016,262
187036017,281
187036018,313
187036019,265
187036020,296
187036021,198
187036022,461
187036023,303
187036024/01,188
187036024/02,251
187037001,153
187039001,220
187039002,295
187040001,146
187040002,250
187040003,186
187040004,192
187040005,219
187040006,288
187041001,340
187041002,248
187042001,468
187042002,321
187042004/187042003,280
187042005,392
187042006/187042002,198
187043001,291
187044001,366
187045001,331
187045002,259
187046001,369
187047001,184
187047002,209
187048001,448
187049001,398
187050001,184
187050002,309
187050003,206
187050004,293
187050005,251
187050006,243
187051001,317
187051002,236
187052001/01,228
187052001/02,167
187052002,420
187052003,323
187052004,183
187053001,271
187054001,473
187054002,298
187055001,276
187056001,150
187056002/01,176
187056002/02,270
187057001,223
187058001,198
187059001,356
187060001,161
187061001/01,174
187061001/02,179
187062001,308
187062002,240
187063001,369
187063002,245
187063003,278
187064001,268
187065001,263
187066001,277
187066002,388
187067001,229
187067002,399
187068001,161
187069001,485
187069002/187069008,256
187069003,212
187069004,251
187069005,345
187069006,318
187069008/187069007,384
187069009,340
187070001,390
187070002,363
187071001/01,131
187071001/02,152
187071001/03,145
187072001/01,277
187072001/02,183
187073001,228
187073002,233
187074001,159
187075001,264
187075002,238
187075003,264
187075004,416
187075005,331
187076001,257
187076002,240
187077001/01,105
187077001/02,167
187078001,363
187079001,183
187079002,178
187079003,156
187079004,204
187079005,320
187080001,482
187080002,340
187081001,490
187081002,231
187082001,215
187083001,300
187084001,255
187084002,212
187085001,108
187086001,285
187086002,226
187086003,221
187086004/01,120
187086004/02,185
187086005,362
187086006,234
187086007/01,179
187086007/02,362
187086008,411
187086009,393
187086010,351
187086011,226
187087001,341
187087002,300
187087003,303
187087004,297
187087005,328
187087006,294
187087007,271
187087008,464
187087009,397
187087010,204
187087011,183
187087012,438
187087013,200
187087014,372
187087015,283
187087016,295
187087017,443
187087018,289
187087019,214
187087020,155
187087021,213
187087022,171
187087023,219
187087024,297
187087025,327
187087026,212
187087027,202
187087028,264
187087029,173
187087030,272
187087031,387
187087032,300
187087033,137
187087034,127
187087035,315
187087036,221
187087037,370
187087038,167
187087039,343
187087040,226
187087041,215
187087042,350
187087043,179
187087044,199
197001001,142
197002001/197087001,300
197003001,117
197003002,187
197004001,143
197004002,177
197004003,258
197004004,286
197005001,279
197005002,184
197006001,265
197006002,245
197007001,314
197007002,296
197008001,390
197008002,538
197008003,270
197008004,391
197008005,343
197008006,258
197008007,302
197008008,277
197008009,198
197008010,283
197008011,286
197008012,272
197008013,441
197008014,310
197008015,297
197008016,208
197008017,218
197009001,242
197010001,180
197011001,149
197011002,214
197011003,270
197011004,228
197011005,297
197011006,371
197011008,175
197011009,245
197011010,176
197011011,161
197011012,195
197011013/197011018,249
197011014/197011017,196
197011015,123
197011016/197011007,205
197012001,237
197012002,270
197012003,165
197012004,288
197012005,178
197013001,254
197013002,195
197013003,199
197013004,207
197014001,310
197014002,264
197014003,210
197015001,271
197016001,173
197017001,223
197018001,278
197018002,269
197019001,147
197020001,148
197020002,150
197020003,162
197020004,233
197021001,142
197021002,154
197021003,273
197021004,339
197021005,315
197021006,174
197021007,378
197022001/197022006,236
197022002,193
197022003,119
197022004,200
197022005,173
197022007,94
197022008,91
197022009,154
197022010,222
197022011,115
197023001,249
197024001,177
197024002,176
197025001,339
197025002,195
197026001,279
197027001,266
197027002,240
197028001,285
197028002,295
197028003,261
197029001,212
197030001,292
197030002,262
197031001,242
197031002,179
197031003,142
197032001,170
197032002/197032006,289
197032003,214
197032004,139
197032005,204
197032006/197032011,428
197032007,170
197032008/197032009,252
197032010,152
197032011,138
197032012,415
197032013/197032014,204
197032015,181
197032016/197032012,312
197033001,408
197034001,324
197035001,231
197036001,176
197037001,202
197037002,144
197038001,271
197039001,129
197039002,183
197040001,351
197040002,179
197040003,188
197040004,300
197040005/197040006,297
197041001,221
197041002,220
197042001,255
197043001,154
197043002,174
197043003,181
197044001,214
197044002,317
197044003,215
197044004,311
197044005,169
197045001,431
197045002,209
197045003,200
197045004,165
197046001,137
197047001,156
197048001,166
197049001,215
197049002,201
197050001,209
197051001,208
197052001/197052002,156
197052003,164
197052004,222
197052005,273
197052006,148
197053001,283
197053002,198
197054001,358
197055001,328
197056001,229
197057001,124
197057002,176
197057003,158
197058001,137
197059001,216
197059002,182
197059003,317
197059004,178
197060001,99
197061001,156
197061002,176
197062001/197062003,201
197062002,276
197062004,245
197062005,296
197063001,223
197063002,216
197063003,357
197064001/197064002,189
197064003,355
197065001,234
197065002,184
197066001,236
197066002,150
197067001,139
197067002,261
197068001,384
197069001,113
197070001,300
197071001,209
197071002,155
197071003,141
197072001,158
197072002,196
197073001,229
197074001,282
197075001,190
197076001,129
197077001/01,137
197077001/02,223
197078001/197078002,184
197079001,276
197079002,277
197080001,329
197080002,314
197080003,368
197080004,316
197080005,389
197081001,248
197081002,128
197081003,179
197081004,254
197081005,159
197081006,217
197082001,379
197083001,333
197084001/197089001,212
197085001,193
197085002,172
197086001,171
197088001,201
197088002,231
197088003,176
197088004,172
197090001,330
197091001,275
197091002,234
197091003,292
197091004,208
197092001,236
197092002,287
197093001,191
197093002,208
197094001,212
197094002,224
197095001,203
197095002,136
197096001/197096002,326
197096003,240
197096004,252
197097001,126
197097002,260
197097003,279
197097004,203
197097005/01,209
197097005/02,317
197097005/03,128
197097006,381
197097007,238
197097008,116
197097009/01,285
197097010,195
197097011,276
197097012,545
197097013,233
197097014,434
197097015,200
197097016,397
197097017,447
197097018,244
197098001,223
197098002,320
197098003,281
197098004,276
197098005,196
197098006,202
197098007,169
197098008,149
197098009,218
197099001,215
197100001,169
197101001,198
197101002,204
197102001,376
197102002,180
197103001/197103002,233
197103003,184
197103004,284
197103005/01,149
197103005/02,149
197103006,233
197104001,227
197104002,308
197105001,315
197106001,172
197106002,328
197106003,199
197106004,273
197107001,276
197107002,264
197107003,237
197108001,125
197108002,142
197109001,326
197110001,175
197111001,207
197112001,322
207001001,239
207001002,229
207002001,196
207002002,248
207002003,181
207002004,185
207003001,126
207003002,107
207004001,199
207004002,192
207005001/207005002,200
207006001,171
207007001,310
207007002,351
207008001,267
207008002,190
207009002,265
207009003,284
207009004,231
207009005,263
207009006,220
207009007/207009001,293
207009008,210
207009009,142
207009010,361
207010001,260
207010002,202
207011001,204
207011002,182
207012001/207012005/207012007,197
207012002,183
207012003,163
207012004,140
207012005/01,210
207012005/02,130
207012006,364
207013001,171
207013002,190
207014001,135
207014002,160
207014003,149
207014004,166
207015001/207022001,155
207016001,117
207017001,213
207018001,97
207018002,197
207019001,348
207019002,200
207019003,196
207019004,205
207019005,272
207019006,219
207019007,169
207019008,183
207020001,187
207020002,277
207020003,250
207021001,353
207021002,354
207023001,157
207024001,239
207025001,162
207025002,127
207025003,174
207025004,191
207025005,190
207025006,251
207026001,196
207026002/207026005,172
207026003,209
207026004,215
207026006,208
207027001/207027003/207027004,261
207027002,219
207027005,97
207028001,306
207029001,143
207029002,164
207030001,217
207030002,235
207030003,202
207030004,219
207030005,285
207030006/207030005/207030011/207030012,149
207030007/207030008,386
207030008,282
207030009,290
207030010,183
207030011/01,193
207030011/02,199
207030013,147
207030014,201
207031001,408
207031002,222
207031003,362
207031004,169
207031005,164
207031006,238
207032001,133
207032002,127
207032003,201
207033001,180
207033002,220
207033003,155
207034001,180
207035001,207
207036001,332
207036002,195
207037001,290
207037002,210
207037003,264
207038001/207038005,199
207038002,217
207038003/01,217
207038003/02,190
207038004,171
207038006,296
207038007,233
207038008,303
207039001,273
207040001,195
207040002,217
207041001,288
207041002,252
207042001,203
207042002,154
207042003,269
207043001,216
207043002,156
207043003,211
207043004,81
207044001,259
207045001,234
207046001,266
207046002,275
207047001,178
207047002/207047003,162
207047004,154
207047005/207047010,236
207047006,177
207047007,214
207047008,246
207047009,215
207047011,183
207048001,276
207049001,260
207049002,196
207050001/207050002,237
207050003,273
207050004,253
207050005,254
207050006,249
207050007,241
207050008,217
207050009,380
207050010,243
207051001,226
207052001,155
207052002,205
207053001,142
207053002,156
207054001,226
207055001,149
207055002,204
207055003,311
207055004/207055008,186
207055005,425
207055006,141
207055007,450
207055009,254
207055010,314
207055011,173
207055012,355
207055013,191
207055014,387
207055015,255
207055016,282
207056001,291
207056002,220
207057001,198
207057002,183
207058001,218
207058002,176
207059001,373
207059002,225
207059003,264
207060001,179
207060002,223
207060003,220
207060004,217
207060005,189
207060006,172
207060007,349
207061001/207061003,147
207061002,118
207061004,150
207061005,224
207062001,74
207063001/207075001,260
207064001,102
207065001,322
207065002,276
207066001,359
207066002,197
207066003,197
207067001,191
207068001,243
207069001,134
207070001,175
207071001,215
207071002,305
207071003,207
207071004/207071026,195
207071005,219
207071006,196
207071007,257
207071008,162
207071009,239
207071010,216
207071011,208
207071012,349
207071013,231
207071014,325
207071015,278
207071016,232
207071017,178
207071018,297
207071019,202
207071020,163
207071021,175
207071022,300
207071023,257
207071024,204
207071025,105
207071027,246
207071028,248
207071029,232
207071030,171
207071031,246
207071032,351
207071033,309
207071034,270
207072001,255
207073001/01,174
207073001/02,220
207074001,314
207076001,241
207077001,228
207077002,318
207077003,265
207077004,255
207077005,186
207077006,250
207077007,249
207077008,348
207077009,305
207077010,259
207077011,182
207077012,273
207078001,232
207079001,306
207080001,227
207081001,256
207081002,225
207081003,239
207081004,251
207081005,252
207081006,249
207081007,248
207081008,147
207081009,109
207081010,574
207081011/207081020,282
207081012,78
207081013,170
207081014,307
207081015,243
207081016,268
207081017,206
207081018,202
207081019,203
207081021/01,260
207081021/02,141
207081022,293
207081023,223
207081024,374
207081025,327
207082001,162
207082002,298
207082003,142
207082004,229
207082005/207082006,217
207082007,141
207082008,206
207082009,253
207082010,146
207082011,159
207082012,282
207082013,234
207082014,180
207082015,319
207082016,304
207082017,99
207082018,133
207082019,372
207082020,251
207082021,346
207082022,227
207082023,240
217001001,166
217001002,474
217002001,350
217003001,267
217004001,402
217005001,275
217005002,361
217006001,253
217006002,258
217006003,181
217006004,269
217006005,217
217007001,494
217007002,171
217008001,240
217008002,230
217009001,361
217009002,292
217009003,268
217009004,254
217009005,237
217009006,260
217009007,168
217009008,451
217009009,455
217009010,205
217009011,270
217009012,193
217010001,291
217010002,236
217010003,240
217011001,330
217011002,249
217012001,182
217012002,318
217013001,169
217013002,255
217014001,346
217015001,415
217015002,416
217015003,218
217016001,217
217016002,250
217016003,206
217017001,263
217018001,340
217018002/01/217018003,308
217018002/02,244
217019001,365
217020001,299
217020002,283
217021001,241
217022001,420
217022002,325
217023001,191
217023002,219
217024001,162
217024002,231
217024003,346
217024004/217024001,225
217025001,208
217025002,332
217026001,160
217026002,176
217026003,203
217026004,329
217027001,337
217027002,406
217028001,310
217029001,133
217030001,341
217030002,354
217030003,343
217030004,201
217030005,232
217031001,280
217031002,255
217031003,306
217031004,253
217031005,163
217032001,317
217033001,411
217034001,333
217035001/217035003,376
217035002,321
217036001,484
217037001,195
217037002,277
217038001,206
217038002,173
217038003,257
217038004,332
217038005,262
217039001,603
217039002,267
217039003,136
217040001,280
217040002,235
217041001,129
217041002,214
217041003,215
217041004/01,74
217041004/02,155
217041005,132
217041006,224
217041007,152
217041008,308
217041009,269
217041010,303
217041011,198
217041012,216
217041013,341
217041014,222
217041015,421
217041016,251
217041017,300
217041018,193
217041019,202
217042001,232
217042002/01,134
217042002/02,143
217042003,254
217042004,257
217042005,464
217043001,186
217044001,446
217044002,302
217045001,341
217045002,271
217045003,325
217045004,378
217045005,179
217045006,335
217045007,215
217045008,465
217045009,256
217045010,318
217046001,218
217046002,223
217046003,263
217046004,272
217046005,149
217046006,391
217046007,375
217046008,169
217046009,312
217046010,280
217047001/217047005,265
217047003/217047004/217047002/217047006,203
217047004/217047003/217047005,251
217047005/217047001/217047003/217047004/217047002/217047006,256
217047006/217047002,237
217047007,285
217048001/01,137
217048001/02,157
217048002,172
217048003,138
217048004,244
217048005,163
217049001,242
217050001,193
217050002,301
217050003,337
217050004,364
217051001,326
217052001,249
217053001,224
217053002,251
217053003,302
217054001,220
217054002,277
217055001,276
217055002,317
217055003,335
217055004,261
217055005,356
217055006,230
217055007,226
217055008,207
217055009,209
217055010,224
217055011,200
217055012,336
217055013,324
217055014,241
217055015,259
217055016,369
217055017,226
217055018,260
217055019,324
217055020,269
217055021,301
217056001,188
217056002,189
217056003,225
217056004,251
217056005,216
217056006,234
217056007,282
217056008,242
217056009,168
217056010,217
217056011,225
217056012,248
217056013,140
217056014,118
217056015,141
217056016,130
217056017,174
217056018,228
217056019,200
217056020,248
217056021,309
217056022,229
217056023,612
217056024,138
217056025,271
217056026,191
217057001,284
217057002,244
217058001,370
217058002,339
217059001,230
217059002,227
217060001,389
217060002,233
217061001,236
217061002,346
217062001,282
217063001,284
217064001,291
217065001,221
217065002,269
217066001,351
217066002,358
217067001,212
217068001,340
217068002,316
217069001/01,169
217069001/02,151
217069002,372
217070001,322
217070002,309
217070003,285
217070004,296
217071001,320
217071002,306
217072001,177
217072002,167
217072003/217072004,338
217073001,155
217073002,298
217074001,315
217074002,248
217075001,209
217076001,171
217076002,200
217077001,381
217077002,145
217077003,242
217078001,381
217078002,282
217079001,250
217080001,479
217081001,362
217081003/217081002,519
217082001,322
217082002,272
217083001,155
217084001,303
217085001,209
217085002,229
217086001/217117001,427
217087001,350
217087002,431
217087003,310
217087004,346
217088001,407
217089001,287
217089002,360
217089003/01,232
217089003/02/217089006,373
217089004,308
217089005,295
217089007,341
217089008,312
217089009,224
217089010,210
217089011,237
217089012,310
217090001,179
217090002,214
217090003,253
217091001,257
217091002,160
217091003,374
217092001,400
217092002,343
217093001,262
217093002,284
217093003,174
217093004,327
217093005,265
217093006,449
217093008,200
217093009/217093007,347
217094001,314
217095001,264
217095002,309
217096001,232
217096002,268
217097001,314
217097002,349
217098001,287
217098002,274
217100001,250
217100002,230
217101001,371
217102001,399
217102002,278
217103001,176
217103002,264
217103003,184
217103004,121
217103005,307
217103006,171
217104001,221
217104002,289
217105001,301
217105002,404
217106001,292
217106002,284
217107001,360
217108001,268
217108002,206
217109001,376
217110001,252
217110002,272
217110003,221
217110004,273
217111001,264
217111002,292
217112001/01/217099001/217112002/217112003/217112005/217112001/217112004,336
217112002/01,226
217112003/01,210
217112004/01,401
217112005/01,284
217113001,299
217114001,444
217115001,311
217115002,245
217115003,241
217116001,417
217116002,361
217118001,407
217118002,166
217118003,117
217119001,251
217119002,278
217120001,196
217120002,501
217120003,184
217121001,315
217121002/01,163
217121002/02,184
217121002/03/217121004,230
217121003,165
217122001,326
217123001,153
217123002,148
217124001,190
217124002,131
217125001,339
217125002,323
217126001,373
217126002,344
217127001,194
217128001,382
217129001,181
217129002,94
217129003,180
217129004,239
217130001,266
217130002,335
217130003,233
217130004,269
217130005,288
217130006,298
217131001,217
217131002,191
217132001,274
217132002,267
217133001,309
217133002,225
217134001/01,145
217134001/02,186
217134002,218
217134003,337
217135001/217135006,288
217135002,215
217135003,256
217135004,212
217135005,341
217135007,388
217135008,280
217136001,298
217136002,367
217136003,277
217136004,212
217136005,260
217136006,233
217136007,309
217136008,275
217136009,206
217136010,104
217136011/01/217136011/217136012,188
217136011/02,336
217136013,242
217136014,345
217136015,282
217136016,178
217136017,226
217136018,226
217136019,189
217136020,188
217136021,278
217136022,359
217136023/01,176
217136023/02,215
217137001,171
217137002,281
217138001,137
217138002,238
217138003,351
217139001/217139002,275
217139003/217139009,221
217139004,327
217139005,414
217139006,276
217139007/217139002/217139005,381
217139008,283
217139009,340
217139010,275
217139011/217139006/217139002,375
217140001,207
217140002,203
217141001,309
217141002,313
217142001,243
217142002,332
217143001,334
217143002,369
217143003,105
217143004,280
217143005,356
217144001,162
217145001,246
217145002,232
217145003,301
217146001,311
217147001/01,233
217147001/02,151
217148001,269
217149001,126
217150001,349
217150002,260
217151001,276
217152001,287
217152002,416
217152003,272
217152004,187
217152005,177
217152007,373
217152008,230
217152009,403
217152010,247
217152011,346
217152012,319
217152013/217152012,142
217152014,233
217152015,261
217152016,461
217152017,129
217152018,265
217152019,223
217152020,296
217152021,240
217152022/217152006,318
217152023,132
217152024,238
217152025,223
217152026,188
217153001,390
217154001,241
217155001,115
217156001,206
217156002,162
217156003,280
217156004,226
217156005,155
217156006,289
217156007/01,144
217156007/02,207
217156008,166
217156009,170
217157001,254
217157002,207
217158001,294
217158002,280
217158003,249
217159001,194
217159002,235
217159003,146
217160001,182
217160002,203
217161001,345
217161002,382
217161003,385
217161004,358
217161005,341
217161006,377
217161007,177
217162001,379
217162002,249
217162003,172
217162004,302
217162005,267
217162006,412
217162007,220
217162008,81
217162009,294
217162010,196
217162011,111
217162012,186
217162013,425
217162014,187
217162015,162
217162016,146
217162017,293
217162018,120
217162019,133
217162020,163
217162021,166
217162022,148
217162023,161
217162024,192
217162025,164
217162026,145
217162027,292
217162028,459
217162029,165
217162030,257
217162031,225
217162032,250
217163001,401
217164001,139
217164002,135
217164003,312
217164004,180
217164005,206
217164006,276
217164007,263
217164008,254
217164009,129
217164010,147
217164011,169
217164012,303
217165001,145
217165002,458
217165003,206
217165004,449
217165005,219
217165006,224
217165007,247
217165008,211
217166001,155
217166002,168
217166003,132
217166004,317
217166005,329
217166006,157
217166007,133
217166008,139
217166009,210
217166010,106
217166011,201
217167001,327
217167002,326
217168001,322
217168002,318
217168003,225
217168004,251
217169001,297
217170001,266
217170002,219
217170003,221
217171001/01,260
217171001/02,209
217171002,359
217172001,311
217173001,252
217174001,458
217174002,120
217174003,423
217175001,240
217175002,149
217175003,398
217175004,210
217176001,220
217176002,222
217176003,251
217176004,192
217176005,231
217176006,210
217176007,250
217176008,294
217176009,402
217176010,229
217176011,344
217176012,142
217176013,191
217176014,311
217176015,54
217176016,184
217176017,186
217176018,242
217177001,255
217177002,420
217177003,237
217177004,336
217177005,366
217177006,262
217177007,166
217177008,207
217177009,119
217177010,181
217177011,152
217177012,178
217177013,261
217177014,398
227001001,186
227001002/227001004,190
227001003,223
227001005,318
227002001,246
227003001/227003005,148
227003003,194
227003004/227003002,220
227003006,248
227004001,341
227005001,207
227006001,272
227006002,223
227007001,181
227007002,422
227008001,248
227008002,294
227009001,266
227010001,245
227010002,330
227011001,172
227011002/227011003,232
227012001,432
227013001,207
227014001,363
227015001,326
227016001,194
227016002,214
227017002,255
227017003,221
227017005,189
227017006,113
227017007/227017001/227017004,519
227018001,257
227018002,206
227019001,273
227020001/227020003,263
227020002,296
227021001,218
227021002,276
227022001,255
227022002/01,112
227022002/02,99
227023001,195
227023002,225
227024001/227024010,234
227024002/227024006,316
227024003,378
227024004/227024005,356
227024006/227024005,261
227024007,265
227024008/227024006,286
227024009/227024006,409
227025001,257
227025002,226
227025003,239
227026001,298
227026002,234
227027001,268
227028001,306
227028002,229
227028003,297
227029001,257
227030001,419
227031001,256
227032001,272
227032002,168
227032003,384
227032004,174
227032005,291
227032006,187
227032007,358
227032008,326
227032009,220
227032010/01,164
227032010/02,435
227032011,381
227032012,319
227032013,200
227032014,330
227032015,342
227032016,153
227032017,175
227032018/227032019,223
227033001,411
227033002,336
227033003/01,494
227033003/02,199
227033004,294
227033005,234
227033006,201
227033007,277
227033008,291
227033009,280
227033010,219
227033011,289
227033012,309
227034001,341
227034002,397
227034003,287
227034004,206
227034005/01,213
227034005/02,269
227034006,383
227035001,276
227036001,384
227036002,242
227036003,175
227036004,372
227036005,262
227036006,226
227036007,242
227036008,212
227037001,236
227038001,373
227039001,257
227039002,248
227040001,332
227040002,103
227041001,234
227042001/227042002,241
227042003,220
227043001,197
227044001,221
227045001,412
227045002,138
227046001,241
227047001,387
227048001,383
227049001,240
227049002,217
227049003,390
227049004,481
227049005,377
227049006,300
227049007,346
227049008,356
227050001,240
227051001,245
227052001,246
227052002,225
227053001,240
227054001/227054002,262
227054003,274
227054004,210
227054005,198
227054006,261
227054007,294
227054008/227054009,157
227055001,353
227055002,234
227056001,402
227057001,282
227057002,182
227058001/01,287
227058001/02,245
227058002,227
227058003,245
227058004,187
227058005,232
227059001,244
227059002,189
227059003,345
227060001,421
227060002,424
227061001,233
227062001,130
227063001,241
227064001,189
227064002,278
227064003,149
227065001,209
227066001/227066003,200
227066002,219
227067001/227067003/227067004,215
227067002/227067006/227067004,304
227067004,328
227067005,167
227067006/227067004/227067002,242
227068001,237
227069001,335
227070001,338
227071001,209
227071002,252
227072001,213
227072002,242
227073001,90
227074001,274
227074002,281
227075001,252
227075002,250
227076001,267
227076002,256
227077001,403
227077002,213
227077003,213
227077004,313
227077005,193
227077006,318
227078001,239
227079001,263
227079002/227079006,355
227079003,145
227079004,254
227079005,211
227080001,302
227080002,243
227080003,334
227080004,425
227081001,273
227081002/227081006,285
227081003,380
227081004,184
227081005,426
227082001,308
227083001,234
227083002,230
227084001,184
227084002,341
227084003,208
227085001,237
227085002,193
227085003,263
227085004,207
227086001,300
227086002,273
227086003,180
227086004,278
227086005,291
227087001,235
227087002,230
227088001,93
227089001,133
227089002,222
227089003,199
227089004,223
227090001/227090036,192
227090002,192
227090003,246
227090004,232
227090005,378
227090006,340
227090007,200
227090008,337
227090009,650
227090010,445
227090011,312
227090012,241
227090013,263
227090014,314
227090015,173
227090016,199
227090017,400
227090018,297
227090019,220
227090020,242
227090021,217
227090022,253
227090023,307
227090024/227090025,273
227090026,386
227090027,359
227090028,288
227090029,266
227090030,227
227090031,133
227090032,181
227090033,273
227090034,205
227090035,231
227090037,197
227090038,142
227090039,138
227091001,223
227092001,209
227092002,232
227092003,194
228001001,252
228001002,307
228001003,317
228001004,360
228001005,351
228001006,263
228001007,360
228001008,314
228001009,317
228002001/228006001,311
228003001,171
228004001,302
228004003,327
228004004,408
228005001,223
228005002,255
228005003,228
228005004,807
228005005,336
228005006,420
228007001,313
228007002,204
228007003,276
228007004,307
228007005,619
228007006,275
228007007,283
228007008,315
228007009,358
228007010,220
228007011,187
228007012,250
228007013,270
228007014,612
228007015,261
228007016,316
228007017,318
228007018,331
228007019,426
228007020,225
228007021,197
228008001,150
228008002/097058007,236
228008003/228008004,277
228008005,307
228009001,210
228009002,147
228009003,158
228009004,223
228009005,151
228010001/228010002,293
228011001,235
228011002,352
228011003,280
228011004,314
228011005,285
228011006,347
228011007,230
228011008,232
228011009,335
228012001,140
228012002,157
228012003,70
228013001/228013002,335
228014001,240
228014002,236
228014003,400
228014004,284
228014005,524
228014006,406
228014007,209
228014008,202
228014009,297
228014010,253
228014011,220
228014012,199
228014013,139
228014014,398
228014015,193
228014016,228
228014017,263
228014018,255
228014019,219
228014020/01,181
228014020/02,362
228014021,296
228015001,220
228015002,260
228015003,226
228015004,156
228016001,238
228016002/01,488
228016002/02,325
228016003,521
228016004,502
228017001,375
228017002,318
228017003,281
228017004,255
228017005,288
228017006,372
228017007,270
228017008,339
228017009,490
228017010,223
228018001,289
228018002,404
228018003,326
228018004,316
228018005,382
228018006,207
228018007,392
228018008,194
228019001/01,229
228019001/02,378
228019001/03,349
228019001/04,291
228019002/01,316
228019002/02,245
228019003,381
228019004/01/228019004/228019005,275
228019005/01,294
228020001,200
228020002,158
228020003,216
228020004,172
228020005,212
228020006,137
228020007,210
228021001,262
228021002,247
228021003,258
228021004,241
228022001,230
228022002,198
228022003,190
228022004,185
228022005,193
228023001,234
228023002,151
228023003,264
228023004,195
228024001,286
228024002,238
228024003,143
228025001,291
228026001,189
228026002,139
228026003,190
228027001,222
228027002,225
228027003,197
228027004,161
228027005/228027006,364
228028001,189
228028002,216
228028003,160
228029001,172
228029002,330
228029003,287
228029004,259
228030001,193
228030002,129
228030003,244
228030004,92
228030005,155
228030006,204
228030007,112
228030008,230
228030009,230
228031001/01,165
228031001/02,130
228031002,153
228031003,182
228031004/228031005,267
228031006,132
228031007,202
228031008,189
228031009,191
228032001,301
228032002,258
228032003,231
228033001,196
228033002,160
228034001,253
228034002/228034001,228
228034003,218
228035001,196
228035002,120
228035003,194
228035004,208
228035005,350
228036001,277
228036002,243
228036003,248
228036004,271
228036005,340
228036006,390
228036007,340
228037001,274
228037002,172
228038001,214
228038002,275
228038003,165
228038004,244
237001001,323
237002001,494
237003001,252
237003002,272
237003003,248
237003004,182
237003005,206
237003006/01,146
237003006/02,579
237003007,273
237003008,228
237003009,226
237003010,238
237003011,338
237003012,293
237003013,230
237003014,167
237003015,200
237003016,194
237003017,176
237003018,245
237003019,118
237004001,298
237004002,205
237004003,243
237004004,279
237004005,213
237004006,351
237004007,71
237004008,191
237004009,133
237004010,385
237004011,197
237004012,362
237004013,342
237004014,423
237004015,318
237004016,468
237004017,336
237004018,278
237004019,233
237004020,210
237004021,289
237004022,262
237004023,198
237004024,184
237004025,205
237004026,340
237004027,351
237004028,161
237004029,291
237004030,203
237005001,347
237005002,153
237005003,110
237005004,254
237005005,270
237005006,163
237005007,192
237005008,260
237005009,322
237005010,278
237005011,263
237005012,319
237005013,254
237005014,218
237006001,261
237006002,219
237006003,305
237007001,161
237007002,351
237008001,178
237009001,389
237010001,240
237011001,339
237012001,171
237012002,342
237012003,265
237013001,478
237013002,257
237014001,312
237014002,242
237015001,306
237016001,318
237016002,260
237017001,252
237017002,536
237018001,183
237019001,275
237020001,161
237020002,260
237020003,384
237021001,348
237022001,406
237022002,344
237022003/01,194
237022003/02,172
237023001,238
237023002,312
237023003,224
237024001,238
237024002,255
237024003,244
237024004,328
237024005,324
237024006,347
237025001,255
237025002,297
237025003,272
237026001,362
237027001,380
237028001,284
237028002,254
237029001,309
237029002,388
237030001,233
237030002,236
237031001,351
237031002,259
237032001,249
237033001,352
237034001,266
237035002,321
237035004/01,393
237035004/02/237035001/237035003,421
237036001,260
237037001,259
237038001,261
237039001,268
237040001,217
237041001,431
237042001,296
237043001,248
237044001,214
237044002,208
237045001,404
237046001,436
237047001/01/237047004,176
237047001/02,218
237047002/237074004,272
237047003,256
237048001,176
237049001,186
237050001,285
237051001,317
237051002,288
237052001,292
237052002,236
237052003,221
237053001,276
237054001,320
237055001,310
237055002,260
237056001,449
237057001,175
237058001,423
237058002,454
237058003,334
237058004,387
237058005,311
237059001,406
237059002,215
237060001,225
237061001,397
237062001,369
237063001,469
237064001,374
237064002,179
237064003,262
237064004,328
237065001,398
237065002,422
237065003,196
237065004,358
237065005,396
237065006,269
237066001,223
237066002,270
237067001,243
237068001,266
237068002,333
237068003,629
237068004,340
237068005/237068009,362
237068006,387
237068007,334
237068008,413
237068009,181
237069001,162
237069002,211
237069003,159
237069004,271
237069005,183
237069006,156
237069007,366
237070001,128
237071001,272
237071002,337
237072001,121
237073001,223
237074001,389
237075001,261
237075002/237075009,247
237075003,399
237075004,313
237075005,189
237075006,254
237075007,440
237075008,337
237075010,413
237075011,436
237075012,232
237076001,386
237076002,357
237077001,403
237077002,228
237077003,220
237077004,185
237077005,435
237077006,243
237077007,233
237077008,348
237077009,471
237077010/01,266
237077010/02,123
237078001,186
237079001,291
237079002,264
237079003,277
237079004,355
237079006,323
237079007,530
237079008/01/237079005,96
237079008/02,375
237079009,251
237079010,355
237079011,315
237079012,211
237079013,298
237079014,257
237079015,469
237079016,238
237079017,310
237079018/01,511
237079018/02,173
237079019,185
237079020,207
237079021,285
237079022,370
237079023,317
237079024,381
237079025,324
237079026,233
237079027,254
237079028,355
237079029,418
237079030/01,175
237079030/02,174
237079031,226
237079032,281
237079033,330
237079034,305
237079035,260
237079036,442
237079037,212
237080001,248
237080002,181
237080003,292
237080004,221
237080005,261
237080006,176
237080007,177
237080008,237
237080009,319
237080010,207
237080011,268
237080012,311
237080013,350
237080014,150
237080015,167
237080016,223
237080017,520
237080018,242
237080019,234
237080020,218
237081001,460
237081002,196
237082001,262
237083001,417
237084001,249
237084002,231
237085001,129
237086001,322
237087001,174
237087002,350
237088001,310
237089001,400
237090001,187
237090002,199
237091001,279
237091002,236
237092001,312
237093001,216
237093002,318
237094001,259
237095001,357
237096001,236
237097001,517
237098001,268
237099001,207
237099002,242
237100001,198
237101001,406
237101002,313
237102001,422
237103001,293
237104001,147
237105001,294
237106001,223
237106002,367
237106003,252
237106004,240
237106005,433
237106006,156
237106007,158
237106008,210
237106009,281
237106010,127
237106011,182
237106012,125
237106013,240
237106014,234
237106015,443
237106016,281
237106017,269
237106018,449
237106019,223
237106020,147
237106021,275
237106022,280
237106023,282
247001001,349
247001002,326
247002001/247002003,264
247002002,400
247002004,193
247002005/247002019,251
247002006,207
247002007,160
247002008,189
247002009,236
247002010,281
247002011,219
247002012,305
247002013,308
247002014,279
247002015/01,111
247002015/02/247002020,105
247002016,266
247002017,280
247002018,216
247002021,140
247003001,274
247003002/01,182
247003002/02,202
247003003,278
247003004,207
247003005,222
247003006,294
247003007,183
247003008,379
247003009,301
247003010,232
247003011,257
247004001,161
247004002,272
247004003,243
247004004,127
247004005,179
247005001,255
247005002,552
247006001,321
247006002,266
247007001,322
247007002,311
247007003,185
247008001,273
247008002,237
247008003,283
247009001,326
247009002,304
247010001,359
247010002,324
247010003,267
247010004,277
247011001,257
247011002,246
247012001,213
247012002,219
247013001,255
247013002,183
247013003,266
247013004,117
247013005,101
247014001,291
247014002,149
247014003,310
247014004,211
247014005,121
247014007/247014006,281
247015001,263
247015002,262
247015003/01,255
247015003/02,223
247015004/01,169
247015004/02,160
247016001,285
247016002,314
247016003,231
247016004,275
247016005,253
247016006,347
247017001,320
247017002,324
247017003,294
247018001,257
247018002,326
247019001,211
247019002,305
247020001,292
247020002,427
247020003,315
247020004,347
247021001,236
247021002,319
247022001,171
247022002,169
247022003,194
247022004,268
247023001,226
247023002,171
247023003/247023004,113
247023005,221
247023006,391
247023007,188
247024001,104
247025001,284
247025002,352
247026001/247026003,338
247026002,267
247026004,285
247026005,362
247027001/01,169
247027001/02,156
247027002,312
247027003,376
247027004,318
247027005,178
247028001,304
247028002,272
247028003,387
247029001,152
247029002,119
247029003,238
247030001,341
247030002,205
247031001/01,187
247031001/02,214
247031002,170
247031003,262
247031004,380
247031005,335
247031006,283
247032001,265
247032002,353
247033001,108
247033002,163
247033003,365
247033004,496
247033005,152
247034001,248
247034002,242
247034003,245
247034004,229
247035001,446
247035002,208
247035003/247035004,176
247035005,157
247036001,349
247036002/247036004,353
247036003,263
247037001,258
247037002,205
247038001,222
247038002,329
247038003,264
247038004,237
247038005,281
247039001,307
247039002,497
247039003,191
247039004,204
247040001,182
247040002,234
247040003,215
247040004/247040014,281
247040005,388
247040006,139
247040007,217
247040008,184
247040009/247040010,201
247040011/247040012,321
247040013/247040015,252
247040016/01,194
247040016/02,204
247041001,322
247041002,308
247041003,281
247041004,203
247042001,194
247042002,191
247042003,257
247043001,329
247044001,244
247044003/01/247044002,217
247044003/02,401
247044004,241
247044005,247
247044006,247
247045004/01/247045001/247045003,364
247045004/02/247045002,298
247045005,491
247045006,205
247045007,213
247045008,491
247045009,244
247045010,311
247045011,227
247045012,299
247045013,252
247045014,300
247045015,548
247045016,245
247045017,418
247045018,246
247045019,312
247045020,221
247045021,283
247045022,308
247045023,285
247045024,223
247045025,270
247045026,238
247045027,251
247045028,215
247045029,248
247045030,165
247045031,179
247045032,290
247045033,248
247045034,160
247045035,451
247045036,319
247045037,284
247045038,183
247045039,168
247045040,150
247045041,294
247046001,339
247046002,230
247046003,177
247046004,223
247046005,176
247046006,184
247046007,93
247046008,312
247046009,154
247046010,127
247046011,296
247046012,142
247046013,242
247047001/01,122
247047001/02/247047006/247047002,281
247047003,158
247047004,316
247047005/01,366
247047005/02,106
247047005/03,249
247048001,121
247048003,223
247048004,190
247048005,173
247048006/247048002,265
247049001/01,320
247049001/02/247049003/247049002,226
247049004,145
247050001,417
247050002,463
247051001,273
247051002,336
247052001,352
247052002/01,384
247052002/02,110
247052003,302
247052004,364
247052005/01,504
247052005/02,248
247052006,213
247052007,212
247052008,331
247052009,244
247052010,525
247052011,253
247052012,340
247052013,623
247052014,294
247052015,348
247052016,164
247052017,239
247052018,449
247052019,388
247052020,285
247052021,395
247052022,285
247052023,513
247053001,404
247053002,171
247053003,290
247053004,232
247053005,238
247053006,191
247053007,229
247053008,139
247053009,244
247053010,216
247053011,309
247053012,230
247053013,193
247053014,124
247053015,135
247053016,288
247053017,153
247054001,296
247054002,264
247055001,218
247055002,338
247056001,341
247056002,337
247057001,365
247058001,308
247058002,294
247059001,433
247060001,332
247061001,256
247061002/01/247061004,238
247061002/02,216
247061003,470
247062001,183
247062002,314
247062003,234
247063001,288
247063002,237
247064001,433
247065001,73
247065002,356
247065003,169
247065004,292
247066001,263
247066002/247066003,245
247067001,353
247067002,220
247067003,251
247067004,217
247068001,312
247068002,326
247069001,251
247069002,185
247069003,327
247070001,192
247070002,192
247070003,280
247071001,232
247071002,202
247071003,236
247071004,257
247072001,405
247072002,443
247073001,223
247073002,545
247074001,438
247074002,323
247074003,284
247074004,505
247075001,197
247075002,174
247075003,245
247075004,270
247076001/247076002/247076006,212
247076003,244
247076004,151
247076005,235
247076007,227
247076008/247076010,194
247076009/247076011,432
247076012,269
247076013,275
247076014,230
247077001,488
247078001,504
247078002,258
247079001,227
247079002,275
247080001,261
247080002,215
247081001,295
247081002,212
247081003,343
247081004,223
247082001,263
247082002,247
247083001,178
247083002,292
247083003,155
247084001,475
247084002,311
247084003,270
247085001,221
247085002,199
247085003,297
247085004,396
247086001,338
247086002,262
247087001,344
247087002,284
247087003,250
247088001,421
247088002,304
247089001,214
247089002,246
247090001,268
247090002,259
247090003,265
247090004,254
247090005,303
247090006,263
247090007,334
247090008,243
247090009,227
247090010,218
247090011,261
247090012,187
247090013,394
247090014,313
247090015,375
247091001,242
247091002,185
247091003,218
247091004,369
247091005,173
247091006,220
247091007,154
247091008,253
247091009,127
247091010,200
247091011,185
247091012,183
247091013,178
247091014,304
247091015,244
247091016,267
247091017,137
247091018,322
247092001,223
247092002/01,173
247092002/02,183
247093001,537
247094001,293
247094002,397
247094003,245
247094004,239
247094005,297
247094006/247094008,330
247094007,306
247094009,333
247095001,246
247095002,347
247095003,148
247096001,237
247096002,261
247097001,217
247097002,342
247097003,375
247097004,262
247097005,318
247097006,304
247098001,349
247098002,258
247098003,315
247099001,265
247100001,176
247100002,161
247100003,213
247100004,149
247101001,266
247101002,258
247102001,297
247102002/247102004/247102011,184
247102003,175
247102005,156
247102006,143
247102007/247102008,197
247102010/247102016,166
247102012/247102013,387
247102014/247102015,142
247102017/247102009,387
247103001,271
247103002,412
247104001,258
247104002/247104004,341
247104003/247104014,131
247104005,133
247104006,390
247104008,191
247104009/247104007,232
247104010,169
247104011/247104016,300
247104012,252
247104013,187
247104015,135
247105001,442
247105002,345
247106001,295
247106002/247106003/247106004,212
247107001,393
247107002,347
247107003,267
247107004,194
247108001,494
247109001,161
247109002,138
247109003/247109004,373
247109005,168
247110001,287
247110002,235
247111001,282
247111002,211
247111003,273
247111004,263
247112001,331
247112002,380
247112003,326
247113001,397
247113002,302
247113003,408
247113004,230
247113005,407
247114001,451
247114002,389
247115001,169
247115002,166
247115003,215
247116001,251
247116002,328
247116003,308
247117001,402
247117002,403
247117003,352
247117004,306
247117005,239
247117006,308
247117007,221
247117008,305
247117009,240
247117010,185
247117011,197
247117012,217
247117013,270
247117014,241
247117015,291
247117016,268
247117017,211
247117018,286
247117019,239
247117020,203
247117021,256
247117022,275
247117023,305
247117024,235
247117025,283
247117026/01,292
247117026/02,291
247117027,200
247117028,362
247117029,220
247117030,302
247117031/01,403
247117031/02,225
247117031/03,163
247117032,229
247117033/01,457
247117033/02,97
247117034,232
247117035,397
247117036,224
247117037,299
247117038,266
247117039/01,168
247117039/02,222
247117040,406
247117041,163
247117042,192
247117043,285
247117044/01,182
247117044/02,212
247117044/03,183
247117045,274
247117046,510
247118001,129
247118002,168
247118003,130
247118004,209
247118005,332
247118006,286
247118007,247
247118008/247118009,201
247119001,262
247119002,279
247120001,423
247120002,255
247121001,305
247121002,316
247122001,390
247122002,227
247122003,428
247123001/247123002,346
247123003,188
247123004,114
247123005,129
247123006,161
247123007,209
247123008,245
247124001,191
247124002,237
247124003,150
247124004,170
247124005,116
247124006,134
247124007,211
247124008,303
247124009,190
247124010,179
247124011,249
247124012,191
247124013,183
247124014,370
247124015,268
247124016,136
247124017,294
247124018,258
247124019,171
247124020,276
257001001,262
257002001,388
257003001,269
257003002,332
257003003,298
257003004,139
257003005/01,245
257003005/02,132
257004001,338
257004002,380
257004003,317
257004004,330
257004005,361
257004006,250
257004007,257
257004008,184
257004009,237
257004010,181
257004011,228
257004012,240
257004013,280
257004014,271
257004015,327
257004016,327
257004017,244
257004018,411
257004019,485
257004020,189
257004021,208
257004022,211
257004023,712
257004024,292
257004025,254
257004026,189
257004027,269
257004028,370
257004029,189
257004030,290
257004031,221
257004032,180
257004033,181
257004034,231
257004035,220
257004036,147
257004037,179
257004038,187
257005001,283
257005002,253
257005003,201
257005004,313
257005005,255
257005006,294
257005007,374
257006001,387
257006002,309
257007001,369
257008001,258
257008002,250
257009001,415
257010001,234
257011001,153
257012002/01,335
257012002/02,213
257012003/01/257012001,340
257012003/02,256
257013001,217
257014001,339
257015002,377
257015003,442
257015004/257015001,495
257015005,290
257015006,196
257015007,418
257015008,295
257015009,226
257015010,290
257016001,484
257016002,249
257016003,472
257016004,269
257016005,172
257016006,204
257016007,264
257016008,355
257016009,472
257016010,232
257016011,285
257016012,222
257016013,198
257016014,281
257016015,429
257017001,244
257017002,250
257017003,222
257017004,227
257017005,354
257017006,276
257017007,179
257017008,327
257017009,263
257017010,267
257017011,208
257017012,276
257017013,183
257017014,288
257017015,301
257017016,205
257017017,280
257017018,286
257017019,274
257017020,275
257017021,269
257017022,226
257017023,355
257017024,314
257017025,257
257018001,199
257018002,315
257018003,246
257019001,386
257019002,362
257019003,302
257019004,293
257019005,422
257019006,257
257019007,221
257020001,374
257021001,412
257021002,192
257021003,228
257021004,355
257021005,177
257021006,182
257021007,180
257021008,147
257022001,286
257023001,201
257023002,327
257024001/01/257024002,341
257024001/02,272
257025001,241
257025002,292
257026001,181
257027001,248
257027002/01,454
257027002/02,212
257027003/01,236
257027003/02,270
257027003/03,272
257027003/04,252
257027004,337
257027005,234
257027006,308
257027007,460
257027008,453
257027009,251
257027010,256
257027011,266
257027012,300
257027013,316
257027014,280
257027015,215
257027016,243
257027017,374
257027018/01,207
257027018/02,290
257027019,600
257027020,373
257028001,463
257029001,238
257029002,348
257030001,384
257030002,166
257030003,375
257031001/257031004/257031005,460
257031002,253
257031003,241
257032001,481
257033001/01,445
257033001/02,290
257033002,335
257033003,294
257033004,216
257034001,215
257035001,465
257036001,274
257036002,356
257036003/01,543
257036003/02,240
257036004,265
257036005,338
257036006,272
257036007,252
257036008,273
257036009,360
257037001,311
257038001,254
257038002,456
257038003,198
257038004,339
257038005,368
257038006,334
257038007,369
257038008/01,345
257038008/02,198
257039001,244
257039002,239
257039003,248
257039004,239
257039005,297
257039006,329
257039007,250
257039008,320
257039009,284
257039010,321
257039011,283
257039012,203
257039013,289
257039014,232
257039015,462
257039016,475
257039017,319
257039018,295
257039019,246
257039020,283
257039021,311
257039022,269
257039023,434
257039024/01,563
257039024/02,438
257039025,264
257040001,270
257041001,414
257041002,406
257042001,351
257043001,257
257044001,271
257045001,405
257046002/01/257046001,467
257046002/02,194
257046002/03,432
257047001,409
257047002,284
257047003,235
257048001,492
257048002,235
257048003,339
257048004,369
257048005,292
257048006,379
257048007,267
257048008,271
257048009,477
257048010,296
257048011,188
257048012,231
257048013,205
257048014,203
257048015,189
257048016,307
257048017,381
257048018,330
257048019,277
257048020,272
257048021,273
257048022,470
257048023,588
257048024,197
257048025/01,413
257048025/02,308
257048025/03,203
257048025/04,346
257048026,257
257048027,274
257048028,273
257048029,285
257048030,267
257048031,351
257048032,492
257048033,371
257048034,424
257048036/01/257048035,138
257048036/02,233
257049001,369
257050001/01,256
257050001/02,293
257050001/03,291
257050002,396
257050003,401
257051001,417
257051002/01,228
257051002/02,264
257051003,301
257051004,188
257051005,220
257051006,513
257051007,263
257051008,349
257051009,339
257051010,385
257051011,318
257051012,273
257051013,299
257051014,287
257051015,358
257051016,293
257051017,244
257051018,217
257051019/01,223
257051019/02,206
257051020,175
257051021,206
257051022,384
257051023,240
257051024,337
257051025,289
257051026,308
257051027,179
257051028,418
257051029,206
257051030,303
257051031,217
257051032,378
257051033/01,156
257051033/02,100
257051034,365
257051035,409
257051036,259
257051037,265
257051038,364
257051039,359
257051040,236
257051041,254
257051042,320
257051043,373
257051044,348
257051045,344
257051046,359
257051047,266
257051048,184
257051049,296
257052001,452
257053001,252
257054001,247
257054002,258
257054003,356
257055001,188
257056001,165
257057001,340
257058001/01/257058003,418
257058001/02,183
257058002,424
257058004,268
257058005,397
257058006,223
257058007,344
257058008,215
257059001,292
257059002,402
257059003,353
257059004,395
257059005/01,303
257059005/02,171
257059005/03,432
257059005/04,358
257059006,336
257059007/01,228
257059007/02,272
257059008,353
257059009,305
257059010,295
257059011,295
257060001,348
257060002,323
257061001,209
257061002,519
257062001,289
257062002,313
257062003/257062004,287
257063001,287
257064001,498
257065001,470
257065002,335
257065003,439
257065004,264
257065005,375
257065006,442
257065007,221
257065008,322
257065009,305
257066001,291
257067001,207
257067002/01,183
257067002/02,243
257068002/01,211
257068002/02/257068001,252
257069001,456
257070001,472
257071001,273
257071002,259
257071003,324
257071004,222
257071005,307
257071006,249
257072001,495
257073001,387
257074001,272
257074002,593
257074003,364
257074004,271
257075001,348
257076001,314
257077001,270
257077002,411
257077003,502
257077004/257077005,337
257077006,239
257077007,245
257077008,239
257077009,490
257077010,820
257077011,377
257077012,325
257077013,272
257077014,312
257077015,499
257077016,340
257077017,869
257077018/01,247
257077018/02,266
257077019/01,253
257077019/02,204
257077020/01,300
257077020/02,444
257077021,300
257077022,411
257077023,305
257077024,162
257077025,467
257077026,341
257078001,280
257078002,258
257078003,209
257078004,171
257078005,148
257078006,211
257078007,233
257078008,342
257078009,424
257078010,267
257078011,229
257078012,294
257078013,148
257078014,265
257078015,382
257078016,330
257078017,354
257078018,195
257078019,377
257078020,286
257078021,375
257078022,182
257078023,418
257078024,249
257078025,267
257078026,208
257079001,292
257079002,333
257079003,251
257079004,265
257079005,205
257079006,268
257079007,350
257079008,245
257079009,203
257079010,274
257079011/01,123
257079011/02,214
257080001,201
257080002,304
257080003,135
257080004,368
257080005,279
257080006,184
257080007,272
257080008,133
257081001,250
257081002,284
257081003,336
257081004,346
257081005,267
257081006/01,194
257081006/02,186
257081007,428
257081008,331
257081009,221
257081010,186
257081011,380
257081012,329
257081013,286
257081014,584
257081015,269
257081016,158
257081017,247
257081018,310
257081019,360
257081020,413
257081021,186
257081022,347
257082001,200
257082002,392
257082003,246
257082004,320
257082005,361
257082006,348
257082007,262
257082008,219
267001001,164
267001002,271
267001003,320
267001004,271
267001005,316
267001006,243
267001007,152
267001008,213
267001009,479
267001009/01,526
267001009/02,349
267001009/03,1172
267001010/01,326
267001010/02,658
267001010/03,462
267001011,230
267002001,322
267002002/01,318
267002002/02,416
267002002/03,520
267002002/04,413
267002003,336
267002004,306
267002005,297
267002006,339
267002007,550
267002008,256
267002009,384
267002010,373
267002011,244
267002012,312
267002013,284
267002014,217
267002015,382
267002016,444
267002017,325
267002018,264
267002019,355
267002020,468
267002021,281
267002022,339
267002023,429
267002024,353
267002025,316
267002026,428
267002027,446
267002028,394
267002029,437
267002030,568
267002031,419
267002032,294
267002033,254
267002034/267002002,296
267002035,297
267002036,425
267002037,494
267002038,195
267002039,579
267002040,487
267002041/01,316
267002041/02,227
267002042,206
267002043/01,419
267002043/02,285
267002043/03,275
267002044,325
267002045,373
267002046,229
267002047,496
267002048,340
267003001,478
267003002,452
267003003,399
267003004,314
267003005,430
267003006,247
267003007,196
267003008,309
267003009,230
267003010,166
267003011,260
267003012,152
267003013,178
267003014,233
267003015,328
267003016,190
267003017,253
267003018,264
267003019,251
267003020,278
267003021,364
267003022,300
267003023,357
267003024,335
267003025,301
267003026,286
267003027,304
267003028,247
267004001,306
267004002,304
267004003,287
267004004,279
267004005,211
267004006,399
267004007,223
267004008,247
267004009,298
267004010,426
267004011/01,243
267004011/02,335
267004011/03,232
267004012,202
267004013,224
267004014,250
267004015,340
267004016,244
267004017,292
267004018,276
267004019,357
267004020,278
267004021,275
267004022,145
267004023,290
267004024,284
267004025,392
267004026,250
267004027,207
267005001/01,426
267005001/02,1849
267005001/03,316
267005002,338
267005003,483
267005004/01,274
267005004/02,331
267005004/03,362
267005005/01,420
267005005/02,408
267005006,337
267006001,346
267006002,324
267006003,204
267007001,249
267007002,217
267007003,368
267007004,154
267007005,197
267007006,158
267007007,180
267007008,177
267007009,272
267007010,241
267007011,224
267007012,363
267007013,268
267007014,196
267007015,337
267007016,253
267007017,385
267007018,372
267007019,308
267007020,219
267007021,185
267008001,225
267008002,292
267008003,296
267008004,333
267008005,302
267008006,275
267008007,404
267008008,353
267009001,247
267009002,337
267009003,240
267009004,231
267009005,264
267009006,309
267009007,199
267009008,283
267010001,345
267010002,239
267010003,249
267010004,252
267010005,258
267010006,406
267010007,182
267010008,291
26701100,309
267011001,215
267011002,212
267011003,298
267011004,388
267011005,274
267012001,228
267012002,295
267012003,243
267012004,227
267012005,184
267012006,293
267012007,358
267013001,328
267013002,249
267013003,233
267013004,348
267013005,204
267013006,366
267013007,211
267013008,230
267013009,318
267013010,237
267013011/01,283
267013011/02,194
267013012,297
267013013,438
267013014,282
267013015,213
267013016,450
267013017,365
267014001,351
267014002,514
267014003/01,504
267014004/01,260
267015001,239
267015002,352
267015003,366
267015004,270
267015005,338
267015006,295
267015007,235
267015008,379
267015009,398
267016001,479
267016002,264
267017001,180
267017002,206
267017003,223
267017004/267018005,312
267017005,401
267017006,317
267017007,277
267017008,309
267017009,196
267017010,220
267017011,300
267017012,251
267017013,230
267018001,278
267018002,213
267018003,177
267018004,185
267018005/267017004,207
267018006,220
267018007,239
267019001,230
267019002,337
267019003,189
267019004,240
267019005,348
267019006,172
267019007,240
267019008,257
267019009,389
267019010,174
267019011,222
267019012,304
267019013,347
267019014,180
267020001,229
267020002,256
267020003/267025001,228
267020004,287
267020005,403
267020006,337
267020007,254
267020008,398
267020009,241
267020010,232
267020011,355
267020012,355
267020013,400
267020014,296
267020015,301
267020016/01,145
267020016/02,511
267020017,260
267020018,523
267020019,221
267021001,246
267021002,370
267021003,308
267021004/267026005,392
267021005,280
267021006,279
267021007,322
267021008,184
267021009,278
267021010,315
267021011,403
267021012,220
267021013/267026008,177
267022001,212
267022002,224
267022003,249
267022004,279
267022005,355
267022006,409
267022007,272
267023001,361
267023002,432
267023003,229
267023004,264
267023005,396
267023006,337
267023007,259
267024001,276
267024002,258
267024003,365
267024004,239
267024005,221
267024006,318
267024007,466
267024008,469
267025001/267025011,337
267025002,381
267025003,208
267025004,287
267025005,162
267025006,249
267025007,223
267025008,222
267025009,323
267025010,166
267025011,252
267026001,316
267026002,535
267026003,206
267026004,286
267026005,275
267026006/267019011,265
267026007,355
267026008,252
267026009,160
267026010,226
267027001,337
267027002,849
267027003,354
267027004,239
267027005,369
267027006,207
267027007,327
267027008,259
267027009,279
267027010,281
267027011,375
267027012,229
267027013,213
267027014,234
267027015,190
267027016/01,385
267027016/02,1002
267027017,422
267028001,317
267028002,265
267028003,372
267028004/01,356
267028004/02/01,418
267028004/02/02,321
267028004/02/03,212
267028004/02/04,321
267028004/02/05,479
267028004/02/06,242
267028004/02/07,415
267028004/02/08,261
267028004/02/09,249
267028004/02/10,264
267028004/02/11,309
267028004/02/12,415
267028004/02/13,280
267028004/03,508
267028005,416
267028006,307
267028007,276
267028008,290
267028009,313
267028010,258
267028011,355
267028012,324
267028013,243
267028014,325
267028015,386
267028016,335
267028017,229
267028018,283
267028019,221
267028020,329
267028021,236
267028022,217
267028023,285
267028024,208
267028025,268
267028026,279
267028027,310
267028028,234
267028029,227
267028030,333
267028031,279
267028032,276
267028033,318
267028034,422
267028035,334
267028036,311
267028037,426
267028038,385
267028039,360
267028040,305
267028041,309
267028042,333
267028043,282
267028044,293
267028045,338
267028046,375
267028047,488
267028048,340
267028049,336
267028050,214
267028051,449
267028052,408
267028053,347
267028054,278
267028055,246
267028056,272
267028057,284
267028058,221
267028059,239
267028060,413
267028061,388
267028062,303
267028063,357
267028064,340
267028065,331
267028066,303
267028066/01,410
267028066/02,321
267028067,352
267028068,371
267028069,318
267028070,343
267028071,336
267028072,257
267028073,307
267028074,353
267028075,309
267028076,456
267028077/01,334
267028077/02,291
267028078,388
267028079,447
267028080/01,176
267028080/02,337
267028081,335
267028082,249
267028083,319
267028084,262
267028085,319
267028086,236
267028087,289
267028088,320
267028089,372
267028090,337
267028091,385
267028092,359
267028093,220
267028094,360
267028095,257
267028096,370
267028097,478
267028098,542
267028099,360
267028100,235
267028101,292
267028102,271
267028103,359
267028104,286
267028105,242
267028106,316
267028107,296
267028108,208
267028109,179
267028110,378
267028111,350
267028112,237
267028113,222
267028114,198
267028115,432
267028116,390
267028117,415
267028118,326
267028119,404
267029001,269
267029002,298
267029003,324
267029004,290
267029005,258
267029006,306
267029007,474
267029008,266
267029009,226
267029010,262
267029011,290
267029012,276
267029013/01,243
267029013/02,496
267029014,362
267029015,259
267029016,370
267029017,306
267029018,342
267029019,232
267029020,287
267029021,419
267029022,309
267029023,333
267029024,235
267029025,272
267029026,253
267029027,235
267029028,277
267029029,429
267029030,337
267029031,260
267029032,229
267029033,238
267029034,303
267029035,404
267029036,302
267030001,393
267030002,287
267030003,318
267030004,218
267030005,300
267030006,433
267030007,317
267030008,294
267030009,285
267030010,256
267030011,308
267030012,280
267031001,281
267031002,252
267031003,296
267031004,184
267031005,188
267031006,219
267031007,226
267031008,372
267031009,289
267031010,193
267031011,282
267031012,272
267031013,242
267031014,244
267031015,436
267031016,419
267031017,495
267031018,254
267032001,393
267032002,372
267032003,305
267032004,355
267032005,331
267032006,272
267032007,280
267032008,236
267032009,310
267032010,263
267032011,588
267032012,213
267032013,301
267033001,245
267033002,301
267033003,310
267033004,199
267033005,284
267033006,308
267034001/01,306
267034001/02,551
267034001/03,404
267034001/04,341
267034001/05,238
267034002,312
267034003,294
267034004,322
267034005,284
267034006,291
267035001,428
267035002,268
267035003,257
267035004,208
267035005,465
267035006,495
267035007,383
267035008,221
267035009,276
267035010,346
267035011/01,284
267035011/02,253
267035011/03,280
267035011/04,271
267035011/05,337
267035012,363
267035013,250
267035014,287
267036001,405
267036002,334
267036003,195
267036004,246
267036005,266
267036006/01,275
267036006/02,192
267036007,273
267036008,291
267036009,236
267037001,332
267037002,318
267037003,208
267037004,233
267037005,461
267037006,345
267037007,378
267037008,408
267038001,410
267038002,428
267038003,499
267038004,219
267038005,331
267038006,345
267038007,350
267038008,239
267038009,284
267038010,312
267038011,509
267038012,290
267038013,241
267038014,273
267038015,311
267038016,321
267039001,376
267039002,332
267039003,264
267039004,317
267039005,382
267039006,219
267039007,337
267039008,297
267039009,281
267039010,308
267039011,273
267039012,292
267039013/01,372
267039013/02,209
267039014,310
267039015,334
267039016,203
267040001,294
267040002,250
267040003,371
267040004,446
267040005,279
267040006,235
267040007,329
267040008,223
267040009,227
267040010,223
267040011,290
267040012,235
267040013,338
267040014,286
267040015,228
267040016,302
267040017,226
267040018,228
267040019,226
267040020,201
267040021,229
267040022,191
267040023,227
267040024,265
267040025/01,361
267040025/02,436
267040026,243
267040027,449
267040028,301
267040029,297
267040030,304
267040031,287
267040032,397
267040033,272
267040034,389
267040035,319
267040036,441
267040037,341
267040038,351
267040039,397
267040040,374
267040041,303
267040042/01,633
267040042/02,502
267040042/03,406
267040042/04,343
267040043,424
267040044,338
267040045,339
267040046,225
267040047,247
267040048,306
267040049,344
267040050,287
267040051,249
267040052,213
267040053,242
267040054,231
267040055,347
267040056,291
267040057,244
267040058,194
267040059/01,235
267040059/02,195
267040060,286
267040061,188
267040062,244
267040063,299
267040064,504
267041001,235
267041002,213
267041003,220
267041004,277
267041005,370
267041006,282
267041007,235
267041008,247
267041009,267
267041010,232
267041011/01,254
267041011/02,477
267041012,244
267041013,494
267041014,228
267041014/01,316
267041014/02,316
267041015,571
267041016,296
267041017,190
267041018,391
267042001,184
267042002/01,288
267042002/02,532
267042003,253
267042004/267043001,219
267042005,210
267042006,225
267043001,259
267043002,231
267043003,233
267043004,180
267043005,307
267043006,236
267044001,296
267044002,311
267044003,308
267044004,345
267044005,204
267044006,312
267044007,213
267044008,290
267044009,333
267044010,318
267044011,260
267045001,357
267045002,221
267045003,314
267045004,338
267045005,329
267045006,165
267045007,244
267046001/267057001,229
267046002,209
267046003,269
267046004/267057001,261
267046005,212
267046006,349
267047001,358
267047002,228
267047003,298
267047004,346
267047005,249
267047006,841
267048001,351
267048002,248
267048003,288
267048004,261
267048005,279
267048006,322
267048007,294
267048008,402
267049001,275
267049002,338
267049003,223
267049004,260
267049005,317
267049006,308
267049007,270
267049008,179
267049009,188
267049010,255
267049011,158
267049012,286
267049013,246
267049014,286
267049015,314
267049016,224
267049017,382
267049018,354
267049019,255
267049020,249
267049021,247
267049022,395
267049023,427
267049024,261
267049025,398
267049026,333
267049027,223
267049028,317
267049029,410
267049030,336
267049031,318
267049032,302
267049033,345
267049034,242
267049035,214
267049036,378
267049037,466
267049038,319
267050001,235
267050002,185
267050003,237
267050004,369
267050005,309
267050006,280
267050007,414
267050008,422
267050009,571
267050010,379
267050011,215
267050012,221
267050013,356
267050014,384
267050015,206
267050016,333
267050017,403
267050018,205
267050019,241
267050020,312
267050021,373
267050022,385
267050023,440
267050024,274
267050025,307
267050026,372
267050027,369
267050028,248
267050029,224
267050030,261
267050031,196
267050032,256
267050033,195
267050034,216
267050035,304
267050036,352
267050037,308
267051001,364
267051002,318
267051003/01,375
267051003/02,378
267051003/03,233
267051004,352
267051005,282
267051006,280
267051007,328
267051008,111
267051009,693
267051010,402
267051011,316
267051012,343
267051013,429
267051014/01,417
267051014/02,350
267051015,281
267051016,255
267051017,280
267051018,237
267052001,453
267052002,226
267052003,342
267052004,265
267052005,327
267052006,313
267052007,317
267052008,296
267052009,310
267052010,419
267052011,334
267052012,227
267052013,277
267053001/01,408
267053001/02,277
267053002,499
267053003,253
267053004,428
267053005,331
267053006,231
267053007,237
267053008,268
267053009,223
267053010,244
267053011,320
267053012,273
267053013,323
267053014,324
267053015,215
267053016,209
267053017,189
267053018,234
267053019,151
267053020,314
267053021,413
267053022,205
267053023,355
267053024,386
267053025,235
267053026,229
267053027,202
267053028,326
267053029,288
267053030,438
267053031,360
267054001/267054003,410
267054002,523
267055001,284
267055002,380
267055003,389
267055004,290
267055005,249
267055006,167
267055007,244
267055008,249
267056001,260
267056002,294
267056003,296
267056004,392
267056005/01,489
267056005/02,347
267056005/03,395
267056006/01,240
267056006/02,268
267056007/01,523
267056007/02,250
267057001,296
267057002,299
267057003,194
267057004,195
267057005,229
267057006,264
267057007,274
267058001/01,307
267058001/02,395
267058002,282
267058003,311
267058004,259
267058005,241
267058006,366
267058007,335
267058008,219
267058009/01,205
267058009/02,256
267058010,189
267059001,244
267059002,309
267059003,302
267059004,293
267059005,471
267059006,260
267059007,206
267059008,184
267059009,379
267059010,372
267060001,347
267060002,213
267060003,155
267060004,194
267060005,272
267060006,355
267061001,211
267061002,266
267061003,463
267061004,380
267061005,214
267061006,306
267061007,304
267062001,267
267062002,359
267062003,326
267062004,269
267062005,218
267063001,263
267063002,343
267063003,246
267063004,241
267063005,323
267063006,190
267063007,196
267064001,275
267064002,286
267064003/267064004,210
267064005,265
267064006,318
267065001/01,275
267065001/02,369
267065001/03,319
267065002,357
267065003,237
267065004,283
267065005,194
267065006/01,304
267065006/02,401
267065007,421
267065008,202
267065009,386
267065011,411
267065012,133
267065013,280
267065014,195
267065015,551
267065016,384
267065017,103
267065018,358
267065019,304
267065020,330
267065021,409
267065021/01,201
267065021/02,246
267065021/03,339
267065021/04,208
267065022,403
267065023/01/267065010,331
267065023/02,298
267065023/03,346
267065024,387
267065025,332
267065026,224
267065027/267065031,375
267065028,266
267065029,228
267065030,393
267066001,329
267066002,339
267066003,345
267066004,431
267066005,225
267066006,216
267066007,343
267066008,300
267066009/01,378
267066009/02,246
267066010,229
267066011,559
267066012,419
267066013,413
267066014,273
267066015,319
267066016,661
267066017,396
267066018,475
267066019/01,491
267066019/02,404
267066019/03,407
267066020,348
267066021,385
267067001/267067012,223
267067002,394
267067003,295
267067004,236
267067005,236
267067006,231
267067007,175
267067008,208
267067009,174
267067010,245
267067011,187
267068001,388
267068002,272
267068003,120
267068004,218
267068005,244
267068006,230
267068007,203
267068008,385
267068009,306
267068010,349
267068011,267
267069001/01,360
267069001/02,274
267069001/03,277
267069001/04,405
267069001/05,306
267069001/06,404
267069001/07,341
267069001/08,230
267069001/09,206
267069002,366
267069003,294
267069004,244
267069005,337
267069006,250
267069007,222
267070001,283
267070002,211
267070003,365
267070004,304
267070005,272
267070006,248
267070007,245
267070008,393
267071001,262
267071002,307
267071003,290
267071004,380
267071005,406
267071006,270
267072001,217
267072002,343
267072003,227
267072004,350
267072005,360
267072006,293
267072007,368
267072008,392
267072009,391
267073001,243
267073002,147
267073003,314
267073004,260
267073005,227
267073006,243
267074001,361
267074002,192
267074002/01,401
267074002/02,389
267074002/03,392
267074003,254
267074004,294
267074005,321
267074006/01,555
267074006/02,231
267074006/03,342
267074006/04,473
267074007,149
267075001,259
267075002,137
267075003,176
267075004,185
267075005,248
267075006,201
267075007,197
267075008,210
267075009,145
267076001,262
267076002,222
267076003,288
267076004,309
267076005,198
267076006,164
267076007,142
267076008,170
267076009,197
267076010,234
267076011,303
267076012,370
267076013,315
267076014,272
267076015,242
267077001/01,170
267077001/02,206
267077001/03,228
267077002,166
267077003,251
267077004,258
267077005,276
267077006,399
267077007,161
267077008,228
267077009,161
267077010,222
267078001,299
267078002,387
267078003,365
267078004,258
267078005,325
267078006,253
267078007,306
267078008,234
267078009,253
267078010,246
267078011/01,325
267078011/02,160
267078011/03,476
267078012,625
267078013/01,586
267078013/02,486
267078013/03,562
267078014,313
267078015,201
267078016,224
267078017,241
267078018,243
267078019,261
267078020,211
267078021,277
267078022,208
267078024,519
267079001,457
267079002,207
267079003,216
267079004,237
267079005,117
267079006,231
267079007,253
267079008,324
267079009,234
267079010,352
267079011,150
267079012,281
267079013,223
267079014,213
267080001,383
267080002,449
267080003,354
267080004/267080006,301
267080005,312
267080007,264
267080008,224
267080009,491
267080010,309
267080011,256
267080012,252
267080013,265
267080014,214
267080015,249
267080016,216
267080017,237
267080018,276
267080019,380
267080020,372
267080021,223
267080022,160
267080023,170
267080024,192
267080025,298
267080026,272
267080027,269
267080028,250
267081001,206
267081002,284
267081003,383
267081004,295
267081005,173
267081006/01,185
267081006/02,241
267081006/03,185
267081006/04,174
267081007,333
267081008,230
267082001,446
267082002,366
267082003,167
267082004,230
267082005,308
267082006,344
267082007,247
267082008,207
267082009,205
267082010,228
267083001,234
267083002,251
267083003/267083010,318
267083004,508
267083005,415
267083006,179
267083007,214
267083008,299
267083009,369
267083011,183
267083012,369
267083013,253
267083014,216
267083015,242
267083016,227
267083017,298
267083018,298
267083019,441
267083020,371
267084001,371
267084002,482
267084003,342
267084004,295
267084005,347
267084006,233
267084007,284
267084008,405
267084009,425
267084010,403
267084011,248
267084012,311
267084013,407
267084014,293
267084015,370
267084016,272
267084017,222
267084018,417
267084019,428
267084020,206
267084021,356
267084022,208
267084023,280
267084024,361
267084025,302
267084026,160
267084027,307
267084028,320
267084029,244
267084030,268
267084031,244
267084032,166
267084033,259
267084034,201
267084035,276
267084036,396
267084037,268
267084038,205
267084039,324
267084040,348
267085001,432
267085002,242
267085003,417
267085004,330
267085005/267085009,636
267085006,242
267085007,328
267085008,305
267085010,313
267085011/01,178
267085011/02,435
267085011/03,203
267085011/04,221
267085012,362
267085013,327
267085014/01,407
267085014/02/01/267085014/02,563
267085014/02/02,344
267085015,242
267085016,271
267085017,234
267085018,210
267085019,227
267085020,319
267085021,207
267085022,256
267085023,232
267085024,405
267085025/01,345
267085025/02,161
267085026/01,301
267085026/02,292
267085026/03,284
267085026/04,251
267086001,215
267086002,328
267086003,206
267086004,349
267086005,240
267086006,236
267086007,274
267086008,251
267086009,244
267086010,306
267086011,266
267086012,414
267086013,181
267087001,308
267087002,440
267087003,241
267087004,194
267087005,240
267087006,335
267088001,393
267088002,521
267088003,282
267088004,408
267088005,298
267088006,209
267088007,264
267088008,324
267088009,153
267088010,389
267088011,305
267088012,372
267088013,460
267088014,154
267088015,291
267088016,361
267088017,408
267088018,228
267088019,216
267088020,288
267089001,345
267089002,275
267089003,355
267089004,249
267089005,370
267089006,222
267089007,385
267089008,322
267090001,302
267090002,334
267090003,276
267090004,392
267090005,254
267091001,760
267091002,306
267091003,422
267091004,313
267092001/01,424
267092001/02,376
267092002,285
267092003,155
267092004,203
267092005,310
267092006,390
267092007,345
267092008,431
267092008/01,293
267092008/02,290
267092009,210
267092010,178
267092011,159
267092012,343
267092013,264
267092014,306
267092015/01,418
267092015/02,210
267092016/01,62
267092016/02,127
267092016/03,282
267092017,304
267092018,260
267092019,366
267092020,357
267092021/01,457
267092021/02,246
267092022,435
267092023,284
267092024,356
267092025,322
267092026/01/267092026/267092050,387
267092026/02,317
267092026/03,362
267092026/04,253
267092027,252
267092028,314
267092029,216
267092030,224
267092030/01,318
267092031,381
267092032,279
267092033,300
267092034,306
267092035,310
267092036,250
267092037,348
267092038,418
267092039,414
267092040/267092049,396
267092041,145
267092042,424
267092043,439
267092044/01,240
267092044/02,225
267092044/03,236
267092044/04,389
267092045,402
267092046,268
267092047,444
267092048,467
267092051,348
267092052,415
267092053,345
267092054,291
267092055/01,437
267092055/02,822
267092055/03,293
267092056/01,283
267092056/02,237
267092057,361
267092058,272
267092059,320
267093001,399
267093002,337
267093003,393
267093004,347
267094001/267094002/267094005,466
267094003,293
267094004,380
267094006,237
267094006/01,328
267094006/02,267
267094006/03,345
267094007,220
267094008,361
267094009,327
267094010,351
267094011,275
267094012,297
267095001,243
267095002,294
267095003,263
267095004,174
267095005,373
267095006,278
267095007,376
267095008,316
267095009,200
267095010,298
267095011,255
267095012,277
267095013,314
267095014,274
267095015,311
267095016,225
267095017,204
267095018,370
267095019/267095021,207
267095020,304
267095022,211
267095023,222
267095024,191
267095025,377
267095026,253
267095027,346
267095028,190
267095029,137
267095030,204
267095031,200
267095032,210
267095033,302
267096001,339
267096002,259
267096003,228
267096004,267
267096005,235
267096006,322
267096007,208
267096008,246
267096009,319
267096010,249
267096011,398
267096012,320
267097001,403
267097002,240
267097003/267121006/267121001,405
267097004,403
267097005,346
267097006,238
267097007,330
267097008,312
267097009,340
267097010,355
267097011,269
267097012,148
267097013,176
267097014,323
267097015,364
267097016,202
267097017,251
267097018,277
267097019,275
267097020,432
267097021,297
267098001/01,362
267098001/02,152
267098002,488
267098003,278
267098004,243
267098005,336
267098006,547
267099001,271
267099002,220
267099003,304
267099004,199
267099005,251
267099006,226
267099007,178
267099008,297
267099009,283
267099010,408
267099011/01,259
267099011/02,439
267099012,264
267099013,318
267099014,357
267099015/01,564
267099015/02,206
267099016,272
267099017,240
267099018,237
267099019,264
267099020,604
267099021,549
267099022,223
267099023,258
267099024,246
267099025,346
267099026,321
267099027,316
267099028/01,846
267099028/02,293
267099029,165
267099030,170
267099031,533
267099032,187
267099033,356
267100001,353
267100002,453
267100003,296
267100004,292
267100005,264
267100006/01,320
267100006/02,316
267100007,416
267100008,469
267100009,332
267100010,380
267100011,247
267100012,273
267100013,350
267100014,428
267100015,306
267100016,344
267100017,392
267100018,527
267100019,292
267100020,326
267100021,495
267100022,327
267100023,260
267100024,358
267100025,498
267100026,501
267100027,412
267100028,295
267100029,287
267100030,287
267100031,320
267100032,323
267100033,342
267100034,324
267100035,302
267100036,322
267100037,410
267100038,298
267100039,288
267100040,433
267100041,310
267100042,418
267100043,379
267100044,510
267100045,347
267100046,323
267100047,400
267100048,369
267100049,397
267100050,420
267100051,448
267100052,308
267100053,415
267100054,325
267100055,334
267100056,388
267100057,364
267100058,279
267100059,313
267100060,318
267100061,386
267100062,316
267100063,353
267100064,343
267100065,345
267100066,310
267100067,348
267100068,306
267100069,400
267100070,278
267100071,374
267100072,375
267100073,482
267100074,252
267100075,322
267100076,301
267100077,383
267100078,388
267100079,455
267100080,401
267100081,322
267100082,352
267100083,391
267100084,222
267100085,292
267100086,422
267100087,425
267100088,453
267100089,473
267100090,313
267100091,287
267100092/01,237
267100092/02,719
267101001,269
267101002,418
267101003,206
267101004,315
267101005,412
267101006,343
267101007,310
267101008,279
267101009,198
267101010,222
267101011,239
267101012,229
267101013,338
267101014,237
267101015,215
267101016,190
267101017,294
267101018/267102004,168
267101019,249
267102001,453
267102002,558
267102003,413
267102004,341
267103001,389
267103001/01,361
267103001/02,249
267103001/03,362
267103001/04,383
267103001/05,319
267103001/06,312
267103001/07,245
267103001/08,271
267103001/09,303
267103001/10,268
267103001/11,326
267103001/12,249
267103001/13,404
267103001/14,333
267103001/15,205
267103001/16,298
267103001/17,197
267103001/18,224
267103002,372
267103003/01,215
267103003/02,341
267103004/01,203
267103004/02,239
267103004/03,316
267103004/04,344
267103004/05,208
267103005,313
267103006,364
267103007,255
267103008,318
267103009,218
267103010,204
267103011,335
267103012/01,366
267103012/02,255
267103013,387
267103014,458
267103015,347
267103016/01,331
267103016/02,257
267103016/03,415
267103017,302
267103018,381
267103019,365
267103020,204
267103021,265
267103022,292
267103023,249
267103024,213
267103025,221
267103026,213
267103027,218
267103028,236
267103029,337
267103030,362
267103031,188
267104001,458
267104002,396
267104003,399
267104004,353
267104005,314
267104006,328
267104007,328
267104008,278
267104009,368
267104010/01,311
267104010/02,431
267104011,442
267104012,237
267104013,339
267104014,378
267104015/01,327
267104015/02,248
267104016,441
267104017/01,189
267104017/02,467
267104018,438
267104019,521
267104020,415
267104021,225
267104022,266
267104023,256
267104024,318
267104025,449
267104026,391
267104027,463
267105001,297
267105002,344
267105003,461
267105004,288
267105005,344
267105006,238
267105007,275
267105008,289
267105009,289
267105010,270
267105011,561
267105012/01,267
267105012/02,267
267105012/03,277
267105013,202
267105014/01,335
267105014/02,271
267105015,147
267105016,240
267105017/01,304
267105017/02,354
267105018,259
267105019,303
267105020,209
267105021,240
267105022,257
267105023,164
267105024,136
267105025,170
267105026,160
267105027/267105028,188
267106001,248
267106002,287
267106003,330
267106004,294
267106005,393
267106006,275
267106007,241
267106008,194
267106009,256
267106010,168
267106011,113
267106013,226
267106014,380
267106015/267106012,560
267106016,303
267106018,346
267106019,311
267106020,287
267106021,248
267106022,348
267106023,206
267107001,177
267107002/267112005,345
267107003,430
267107004/01,223
267107004/02,455
267107004/03,346
267107005/01,259
267107005/02,245
267107006/267107007,621
267107008,491
267107009,381
267107010,342
267107011,295
267107012,513
267107013,429
267108001,188
267108002,194
267108003,197
267108004,293
267108005,239
267108006,272
267108007,264
267108008,302
267108009,212
267108010,245
267108011,146
267108012,272
267108013,261
267108014,249
267108015,174
267108016,181
267109001,304
267109002,294
267109003,419
267109004,323
267109005/01,583
267109005/02,360
267109006,400
267109007,351
267109008,360
267109009,389
267109010,419
267109011,313
267109012,394
267109013,302
267109014,268
267109015,420
267109016,406
267109017,314
267109018,395
267109019,309
267110001,234
267110002,274
267110003,342
267110004,310
267110005,192
267110006,280
267110007,342
267110008,292
267110009,270
267110010,419
267110011,379
267110012,205
267110013,276
267110014,233
267111001,246
267111002/01,224
267111002/02,206
267111002/03,289
267111002/04,334
267111003,257
267111004,408
267111005,355
267111006,235
267111007,284
267111008,258
267111009,332
267111010/01,287
267111010/02,186
267111010/03,226
267111011,282
267111012,320
267112001,406
267112002,392
267112003,442
267112004,400
267112005,333
267112005/01,456
267112005/02,452
267112006,343
267112007,269
267112008/01,279
267112008/02,320
267112008/03,384
267112009,220
267112010,223
267112011,230
267112012,238
267112013,382
267112014,462
267112015/267112008/267119013,359
267113001,282
267113002,306
267113003,284
267113004,244
267113005,200
267113006,190
267113007,202
267113008,213
267113009,350
267113010,472
267114001,258
267114002,236
267114003,299
267114004,270
267114005,193
267114006,259
267114007,195
267114008,197
267114009,294
267114010,185
267114011,216
267114012,225
267114013,463
267115001,267
267115002,290
267115003,218
267115004,185
267115005,282
267115006,215
267115007,319
267115008,279
267115009,380
267115010,331
267115011,257
267115012,253
267115013,197
267115014,150
267115015,259
267115016,254
267115017,242
267116001,240
267116002,253
267116003,390
267116004,193
267116005,432
267116006,243
267116007,220
267116008,252
267116009,330
267116010,205
267116011,374
267116012,250
267116013,212
267116014,225
267116015,133
267117001,156
267117002,340
267117003,222
267117004,164
267117005,290
267117006,376
267117007,165
267117008,316
267117009,231
267117010,224
267117011,346
267117012,315
267118001,321
267118002,280
267118003,459
267118004,373
267118005,352
267118006,372
267118007,383
267118008,458
267118009,384
267118010,219
267118011,293
267118012,439
267118013,342
267118014,398
267118015,359
267118016,389
267118017/01,520
267118017/02,561
267118018,267
267118019,226
267118020,281
267118021,253
267118022,356
267118023,122
267118024,451
267118025,384
267118026,401
267118027,241
267118028,467
267118029,371
267118030,394
267119001,166
267119002,299
267119003,304
267119004/01,280
267119004/02,362
267119005,315
267119006/01,328
267119006/02,276
267119007,476
267119008,288
267119009,334
267119010,286
267119011,272
267119012,361
267119013/01,1471
267119013/02,202
267119013/03,228
267120001,221
267120002,303
267120003,385
267120004,474
267120005,299
267120006,348
267120007,259
267120008,271
267120009,209
267120010,414
267120011,230
267120012,275
267120013,590
267120014,320
267120015,415
267120016,219
267120017,499
267121001,315
267121002,367
267121003,302
267121004,339
267121005,296
267121006,363
267121007,372
267121008,306
267121009,304
267121010,290
267122001,447
267122002,413
267122003,373
267122004,391
267122005,368
267122006,297
267122007,307
267122008,215
267122009,271
267122010,269
267122011,439
267122012,250
267122013,364
267122014,233
267122015,271
267122016,293
267122017,321
267123001,223
267123002,260
267123003,446
267123004,426
267123005,393
267123006,313
267123007,281
267123008,286
267123009,377
267123010,301
267123011,264
267123012,387
267123013,251
267123014,253
267123015,382
267123016,274
267123017,213
267123018,186
267123019,264
267123020,323
267123021,225
267123022,227
267123023,288
267123024,216
267123025/01,331
267123025/02,303
267123026,210
267123027,167
267123028,193
267123029,205
267123030,207
267123031,205
267124001,310
267124002,196
267124003,272
267124004,319
267124005,264
267124006,379
267124007,259
267124008,337
267124009,248
267124010,417
267125001,295
267125002,264
267125003,403
267125004,228
267125005,261
267125006,212
267125007,244
267125008,274
267125009,233
267125010,234
267125011,261
267125012,152
267125013,276
267125014,368
267125015,251
267125016,293
267126001,226
267126002,195
267126003,226
267126004,335
267126005,148
267126006,208
267126007,353
267126008,167
267126009,395
267126010,414
267126011,306
267127001,334
267127002,369
267127003/01,240
267127003/02,258
267127004,306
267127005,258
267127006,177
267127007,184
267127008,336
267127009,304
267127010,323
267127011,186
267128001,370
267128002,384
267128003,342
267128004,252
267128005,148
267128006,254
267128007,310
267128008,385
267129001,244
267129002,435
267129003,335
267129004,242
267129005,250
267129006,325
267129007,269
267129008,169
267130001,220
267130002,385
267130003,291
267130004,196
267130005,276
267130006,236
267130007,220
267130008,244
267130009,185
267130010,262
267130011,296
267130012,255
267130013,193
267130014,204
267130015,272
267130016,202
267130017,287
267130018,325
267130019,427
267130020,297
267130021,231
267130022,285
267131001,396
267131002,213
267131003,390
267131004,209
267131005,275
267131006,238
267131007,255
267131008,287
267131009,339
267131010,422
267131011,247
267131012,266
267131013,321
267131014,361
267131015,289
267131016,266
267131017,224
267131018,319
267131019,305
267131020,296
267131021,443
267131022,244
267131023,292
267131024,412
267131025,365
267132001/01,349
267132001/02,319
267132001/03,340
267132001/04,485
267132001/05,226
267132002,576
267132003,307
267132004,318
267132005,359
267132006,302
267132007,252
267132008,240
267132009,348
267132010,304
267132011,285
267132012,326
267132013,341
267132014,308
267132015,258
267132016,291
267132017,262
267132018,343
267132019,224
267132020,290
267132021,327
267132022,247
267132023,334
267132024,241
267132025,221
267132026,238
267132027,283
267132028,308
267132029,340
267132030,209
267132031,286
267132032,386
267132033,337
267132034,253
267132035,274
267132036,353
267132037,461
267132038/01,307
267132038/02,169
267132038/03,302
267132039,270
267132040,354
267132041,513
267132042,318
267132043,244
267132044,355
267132045,343
267133001/01,410
267133001/02,323
267133001/03,319
267133001/04,419
267133002,249
267133003,208
267133004,259
267133005,448
267133006,225
267133007,463
267133008,455
267133009,364
267133010,421
267133011,275
267133012,216
267133013,257
267133014,286
267133015,271
267133016,210
267133017,391
267133018,173
267133019,314
267133020,247
267133021,262
267133022,324
267133023,404
267133024,198
267133025,343
267133026/01,666
267133026/02,446
267133027,380
267133028,211
267133029,263
267133030,214
267133031,419
267133032,382
267133033,350
267134001,308
267134002,445
267134003,306
267134004,318
267134005,296
267134006,287
267134007/267134025,291
267134008,297
267134009,338
267134010/267134011,436
267134012,353
267134013,307
267134014,308
267134015,364
267134016,311
267134017,288
267134018,201
267134019,291
267134020,276
267134021,348
267134022,293
267134023,298
267134024,285
267134026,220
267135001,267
267135002,387
267135003,188
267135004,244
267135005,346
267135006/267135010,377
267135007,241
267135008,277
267135009,283
267135011,176
267136001,188
267136002,206
267136003,339
267136004,210
267136005,206
267136006,194
267136007,200
267137001,393
267137002,340
267137003,239
267137005,221
267137006,222
267138001/01,253
267138001/02,361
267138001/03,399
267138001/04,293
267138001/05,448
267138001/06,630
267138001/07,375
267138002/01,377
267138002/02,370
267138002/03,413
267138003,331
267138004,312
267138005,205
267138006,277
267138007,360
267138008,256
267138009,292
267138010,557
267138011,377
267138012,299
267138013/01,419
267138013/02,237
267138014,380
267138015,267
267138016,350
267138017,281
267138018/01,254
267138018/02,305
267138019,415
267138020,364
267138021,258
267138022,353
267138023,267
267139001,560
267139002,406
267139003,180
267139004,220
267139005,280
267139006,237
267139007,288
267140001,236
267140002,506
267140003,354
267140004,310
267140005,364
267140006,277
267140007,316
267140008,273
267140009,265
267140010,251
267140011,251
267140012,368
267140013,393
267140014,308
267140015,235
267140016,201
267140017,283
267140018,229
267140019,217
267140020,385
267140021,406
267140022,356
267140023,746
267140024,190
267140025,329
267140026,334
267140027,300
267140028,260
267140029,271
267140030,295
267140031,255
267140032,443
267140033,286
267140034,363
267140035,231
267140036,486
267140037,364
267140038,316
267140039,229
267140040,283
267140041,456
267140042,295
267140043,384
267140044,399
267140045,464
267140046,205
267140047,234
267140048,308
267140049,268
267140050,239
267140051,267
267140052,570
267140053,288
267140054,344
267140055/01,104
267140055/02,535
267141001,397
267141002,313
267141003,340
267141004,413
267141005,233
267141006,313
267141007,357
267141008,463
267141009,354
267141010,396
267141011,299
267142001,314
267142002,426
267142003,320
267142004,336
267142005,387
267142006,230
267142007,387
267142008,339
267142009,253
267142010,288
267142011,267
267142012,254
267142013,309
267142014,284
267143001,231
267143001/01,229
267143001/02,339
267143001/03,440
267143001/04,262
267143002,484
267143003,312
267143004,263
267143005,472
267143006,474
267143007,184
267143008,185
267143009,279
267143010,257
267143011,260
267143012,267
267143013,386
267143014,222
267143015,278
267143016,425
267143017,327
267143018,401
267143019,356
267143020,246
267143021,289
267143022,278
267143023,336
267143024,378
267143025,269
267143026,303
267144001,578
267144002,357
267144003,359
267144004,189
267144005,222
267144006,179
267144007,214
267144008,226
267144009,357
267144010,269
267144011,243
267144012,211
267144013,271
267144014,271
267144015,345
267145001,328
267145002,217
267145003,363
267145004,344
267145005,276
267145006,335
267145007,240
267145008,265
267145009,195
267145010,198
267145011,327
267145012,250
267146001,255
267146002,282
267146003,385
267146004,366
267146005,289
267146006,312
267146007,332
267146008,393
267146009,251
267146010,248
267146011,213
267146012,301
267146013,315
267146014,503
267147001,226
267147002,225
267147003,224
267147004,172
267147005,515
267147006,632
267147007,310
267147008/01,151
267147008/02,216
267147009,242
267147010,196
267147011,311
267147012,293
267147013,277
267147014,362
267147015,409
267147016,225
267147017,277
267147018,261
267147019,214
267147020,473
267147021,241
267147022,239
267147023,357
267147024,329
267147025/01,1024
267147025/02,702
267147025/03,513
267147026,229
267147027,229
267147028,218
267147029,224
267147030/01,781
267147030/02/267137004,220
267148001,390
267148002,255
267148003,328
267148004,300
267148005,307
267148006,267
267148007,353
267148008,307
267148009,311
267148010,218
267148011,206
267148012,267
267148013,289
267148014,167
267148015,234
267148016,238
267148017,465
267148018,236
267149001,292
267149002,218
267149003,249
267149004,260
267149005,320
267149006,423
267149007,322
267149008,170
267149009,231
267149010,322
267150001,339
267150002,182
267150003,284
267150004,201
267150005,249
267150006,183
267150007,293
267150008,247
267150009,193
267150010,511
267150011,268
267150012,374
267150013,234
267150014,194
267150015,279
267150016,356
267150017,218
267150018,324
267151001,326
267151002,225
267151003,222
267151004,185
267151005,270
267151006,365
267151007,204
267151008,556
267151009,279
267151010,406
267151011,349
267151012,213
267151013,221
267152001,215
267152002,350
267152003,281
267152004,277
267152005,241
267152006,212
267152007,203
267152008,212
267153001,304
267153002,315
267153003,314
267153004,283
267153005,316
267153006,283
267153007,195
267153008,248
267154001,352
267154002,265
267154003,298
267154004,350
267154005,302
267154006,222
267154007,188
267154008,293
267155001,195
267155002,227
267155003,276
267155004,236
267155005,203
267155006,115
267155007,172
267155008,181
267155009,187
267155010,437
267156001,218
267156002,249
267156003,216
267156004,269
267156005,299
267156006,360
267156007,263
267156008,300
267156009,247
267156010,214
267156011,313
267157001,288
267157002,225
267157003,300
267157004,267
267157005,314
267157006,276
267157007,182
267157008,197
267157009,201
267157010,154
267158001,191
267158002,327
267158003,289
267158004,471
267158005,360
267158006,442
267158007,444
267158008,381
267158009,254
267158009/01,261
267158009/02,405
267158009/03,498
267158010,537
267158011/01,352
267158011/02,421
267158012/01,574
267158012/02,524
267158012/03,196
267158012/04,395
267158012/05,582
267158012/06,414
267158012/07,354
267158013,394
267158014,421
267158015,332
267158016,431
267158017,293
267158018,259
267158019,334
267158020,390
267158021,309
267158022,285
267158023,377
267158024,248
267158025,544
267159001,566
267159002,379
267160001,239
267160002,358
267160003,297
267160004,268
267160005,297
267160006,271
268001001,216
268001002,294
268001003,287
268001004,227
268001005,202
268001006,264
268001007,294
268002001,219
268002002,173
268002003,252
268002004,199
268002005,330
268002006,259
268002007,254
268002008,558
268002009,63
268002010,251
268002011,569
268002012,181
268002013,149
268002014,170
268002015,327
268002016,705
268002017,203
268002018,236
268002019,258
268002020,173
268003001,364
268003002,326
268003003,206
268003004,62
268003005,334
268003006,156
268003007,168
268003008,162
268003009,379
268003010,306
268003011,232
268003012,239
268003013/268003018,365
268003014,153
268003015,258
268003016,241
268003017,340
268003019,355
268004001,275
268004002/268004008,221
268004003,249
268004004,263
268004005,211
268004006,210
268004007,273
268004009,271
268004010,704
268004011,165
268004012,87
268004014/268004015,226
268004016/268004017,153
268005001,191
268005002,170
268005003,303
268005004,244
268005005,155
268005006,212
268005007,170
268005008,218
268005009,163
268005010,220
268005011,188
268005012,239
268005013,159
268005014,264
268005015,135
268005016,109
268005017,237
268006001,354
268006002,373
268006003,252
268006004,222
268006005,244
268006006,243
268006007,293
268006008,298
268006009,260
268006010,217
268006011,228
268006012,262
268006013,282
268006014,339
268006015,305
268006016,221
268006017,397
268006018,353
268006019,270
268006020,146
268006021,305
268006022,162
268006023,216
268006024,196
268006025,343
268006026,338
268006027,206
268006028,194
268006029,178
268006030,198
268006031,240
268006032,226
268006033,184
268006034/01,253
268006034/02,226
268006034/03,470
268006035,256
268006036,310
268006037,302
268006038/01,225
268006038/02,231
268006038/03,216
268006038/04,158
268006038/05,152
268006039,218
268006040/01,314
268006040/02,218
268007001,249
268007002,262
268007003,256
268007004,252
268007005,212
268007006,198
268007007,206
268007008,300
268007009,153
268007010,209
268007011,320
268007012,226
268008001,189
268008002,313
268008003,262
268008004,318
268008005,310
268008006,298
268008007,267
268008008,386
268008009,269
268008010,251
268008011,268
268008012,298
268008013,338
268008014,268
268008015,294
268008016,387
268008017/01,531
268008017/02,278
268008017/03,338
268009001,258
268009002,264
268009003,259
268009004,228
268009005,222
268009006,82
268009007,259
268009008,347
268009009,201
268009010,224
268009011,310
268009012,299
268009013,220
268009014/268009015,280
268009016,256
268009017,295
268010001,318
268010002,282
268010003,312
268010004,327
268010005,307
268010006,303
268010007,139
268010008,423
268010009,282
268010010,224
268010011,219
268010012,177
268010013,204
268010014,320
268010015,347
268011001,304
268011002,218
268011003,285
268011004,261
268011005,270
268011006,239
268011007,254
268011008,359
268011009,251
268011010,339
268011011,249
268011012,244
268011013,373
268012001,301
268012002,355
268012003,448
268012004,293
268012005,253
268012006,276
268012007,222
268012008,329
268012009,250
268012010,210
268012011,229
268012012,436
268013001,234
268013002,233
268013003,225
268013004,433
268013005,214
268013006,253
268013007,168
268013008,170
268014001,225
268014002,195
268014003,277
268014004,282
268014005,284
268014006,313
268014007,300
268014008,219
268014009,218
268014010,213
268015001,355
268015002,336
268015003,427
268015004,308
268015005/01,309
268015005/02,309
268015005/03/268015005/268015014,272
268015006/268015015,195
268015007,269
268015008,279
268015009,250
268015010,318
268015011,275
268015012,225
268015013,417
268015014/01,296
268015014/02,244
268015016,156
268015017,495
268016001,324
268016002,296
268016003,433
268016004,338
268016005,231
268016006,220
268016007,203
268016008/01,459
268016008/02,105
268016009,274
268016010,268
268016011/268016012/268016013,473
268016014,94
268016015/268016018,337
268016016/268016017,218
268017001,279
268017002/268017019,441
268017003,188
268017004,292
268017005,184
268017006,318
268017007,193
268017008,265
268017009,256
268017010,311
268017011,274
268017012,338
268017013,344
268017014,291
268017015/268017016/268017017,116
268017018,268
268017020,359
268017021,383
268017022,357
268017023,272
268018001,204
268018003/268018004/268018009,263
268018005,292
268018006,237
268018010/268018011,349
268018012/268018015,477
268018014/268018017,356
268018016,373
268019001,261
268019002,220
268019003,296
268019004,221
268019005,332
268019006,344
268020001,244
268020002,269
268020003,265
268020004,224
268020005,322
268020006,251
268020007,345
268020008,216
268020009,223
268021001,260
268021002,218
268021003,268
268021004,197
268021005,252
268021006,210
268021007,192
268021008,265
268021009,240
268021010,210
268021011,199
268021012,157
268022001,243
268022002,331
268022003,278
268022004,263
268022005,199
268022006,288
268022007,239
268022008,318
268022009,238
268022010,452
268022011,300
268022012,330
268022013,360
268022014,198
268022015,1066
268023001,209
268023002,276
268023003,190
268023004,256
268023005,198
268023006,259
268023007,266
268023008,276
268023009,303
268023010,240
268023011,190
268023012,413
268023013,306
268024001,328
268024002,344
268024003,342
268024004,251
268024005,263
268024006,288
268024007,269
268025001,320
268025002,274
268025003,196
268025004,233
268025005,292
268025006,170
268025007,249
268025008,207
268026001,274
268026002,323
268026003,302
268026004,298
268026005,282
268026006,401
268026007,275
268026008,265
268026009,307
268026010,300
268026011,324
268026012,542
268027001,293
268027002,209
268027003,159
268027004,126
268027005,348
268027006,188
268027007,163
268027008,368
268027009,341
268027010,400
268027011,285
268027012,321
268027013,130
268028001,206
268028002,229
268028003,329
268028004,199
268028005,306
268028006,283
268028007,347
268028008,308
268028009,315
268028010,232
268028011,145
268028012,185
268028013,259
268028014,263
268029001,264
268029002,338
268029003,371
268029004,320
268029005,295
268029006,287
268029007,283
268029008,204
268030001,204
268030002,256
268030003,365
268030004,248
268030005,250
268030006,204
268030007,248
268030008,308
268030009,116
268030010,202
268030011,171
268030012,227
268030013,178
268030014,328
268030015,367
268030016,227
268030017,210
268030018,147
268030019,182
268030020,143
268030021,145
268030022,180
268030023,196
268030024/268030025,211
268030026,345
268030027,252
268031001,199
268031002,206
268031003,210
268031004,190
268031005,221
268031006,234
268031007,242
268031008,201
268031009,292
268031010,217
268031011,332
268031012,362
268031013,247
268031014,232
268031015,361
268032001,373
268032002,353
268032003,203
268032004,214
268032005,250
268032006,280
268032007,316
268032008,335
268032009,216
268032010,63
268032011,200
268032012,211
268032013,167
268032014,192
268032015,180
268032016,278
268032017,169
268032018,239
268033001,225
268033002,270
268033003,255
268033004,271
268033005,191
268033006,229
268034001,373
268034002,261
268034003,256
268034004,226
268034005,287
268034006,205
268034007,197
268034008,227
268034009,155
268034010,244
268034011,215
268035001,217
268035002,238
268035003,228
268035004,285
268035005,226
268035006,212
268035007,217
268035008,253
268035009,261
268035010,193
268035011,331
268035012,222
268036001,104
268036002,246
268036003,263
268036004,209
268036005,230
268036006,277
268036007/01,230
268036007/02,207
268036008,249
268036009,235
268036010,169
268036011,202
268036012,195
268037001,311
268037002,294
268037003,152
268037004,164
268037005,236
268037006,279
268037007,231
268037008,219
268037009,283
268037010,168
268037011,236
268037012,305
268037013,221
268037014,156
268037015,142
268038001,1569
268038002,458
268038003,282
268038004,273
268038005,224
268038006,659
268039001,332
268039002,284
268039003,249
268039004,307
268039005,294
268039006,278
268039007,278
268039008,255
268039009,241
268039010,379
268040001,313
268040002,377
268040003/01,550
268040004,406
268040005,359
268040006,650
268040007,317
268040008,383
268040009,253
268040010,344
268040011,405
268040012,458
268041001,266
268041002,319
268041003,290
268041004,277
268041005,275
268041006,310
268041007,367
268041008,224
268041009,307
268041010,353
268041011,244
268041012,106
268041013,288
268042001,228
268042002,302
268042003,145
268042004,203
268042005,342
268042006,168
268042007,298
268042008,292
268042009,388
268042010,273
268042011,353
268042012,355
268042013,301
268042014,339
268042015,224
268042016,270
268042017,359
268042018,297
268042019,122
268042020,280
268042021,159
268042022,145
268042023,225
268042024,163
268042025,246
268042026,215
268042027,279
268042028,233
268043001,304
268043002,284
268043003,299
268043004,193
268043005,184
268043006,242
268043007,259
268043008,309
268043009,209
268043010,302
268043011,326
268043012,278
268044001,269
268044002,255
268044003,437
268044004,373
268044005,246
268044006,324
268044007,337
268044008,260
268044009,358
268045001,257
268045002,178
268045003,369
268045004,212
268045005,263
268045006,246
268045007,223
268046001,211
268046002,215
268046003,375
268046004,238
268046005,272
268046006,322
268046007,292
268046008,261
268046009,265
268046010,310
268046011,291
268046012,242
268046013,176
268046014,288
268047001,294
268047002,205
268047003,222
268047004,206
268047005,290
268047006,246
268047007,221
268047008,160
268047009,107
268047010,272
268047011,172
268048001,237
268048002,232
268048003,284
268048004,159
268048005,174
268048006,304
268048007,147
268048008,238
268048009,179
268048010,299
268048011,141
268048012,405
268048013,245
268048014,283
268048015,286
268048016,231
268048017,286
268049001,228
268049002,298
268049003,246
268049004,350
268049005,289
268049006,193
268049007,211
268049008,327
268049009,250
268049010,138
268050001,222
268050002,208
268050003,218
268050004,272
268050005,294
268050006,225
268050007,204
268050008,159
268050009,380
268050010,301
268051001,330
268051002,318
268051003,279
268051004,273
268051005,295
268051006,246
268051007,341
268051008,269
268051009,126
268051010,336
268051011,180
268051012,232
268051013,254
268051014,178
268052001,310
268052002,254
268052003,214
268052004,242
268052005,193
268052006,262
268052007,301
268052008,255
268052009,332
268052010,308
268052011,348
268053001,323
268053002,312
268053003,178
268053004,353
268053005,216
268053006,178
268053007,272
268053008,201
268053009,162
268053010,169
268054001,283
268054002,203
268054003,330
268054004,331
268054005,209
268054006,191
268054007,293
268054008,187
268054009,253
268054010,216
268054011,344
268054012/01,163
268054012/02,163
268054013,214
268054014,224
268054015,215
268054016,185
268054017,186
268055001,267
268055002,272
268055003,384
268055004,377
268055005,274
268055006,248
268055007,213
268055008,328
268055009,252
268055010,301
268056001,211
268056002,257
268056003,223
268056004,218
268056005,256
268056006,296
268056007,238
268056008,207
268056009,185
268056010,699
268056011,351
268057001,286
268057002,198
268057003,240
268057004,290
268057005,259
268057006,233
268057007,306
268057008,305
268057009,184
268057010,216
268057011,196
268058001,287
268058002,248
268058003,193
268058004,275
268058005,265
268058006,256
268058007,314
268058008,724
268058009,228
268058010,323
268058011/01,130
268058011/02,369
268058012,165
268058013,209
268058014,289
268058015,256
268058016/01,339
268058016/02,311
268058017,387
268058018,355
268059001,162
268059002,289
268059003,296
268059004,210
268059005,211
268059006,222
268059007,350
268059008,149
268060001,236
268060002,277
268060003,247
268060004/01,176
268060004/02,178
268060005,245
268060006,275
268060007,226
268060008,205
268060009,195
268060010,203
268060011,230
268060012,216
268060013,208
268060014,220
268061001,284
268061002,361
268061003,264
268061004,271
268061005,334
268061006,277
268061007,240
268061008,249
268061009,272
268061010,284
268061011,395
268061012,275
268061013,126
268062001,270
268062002,200
268062003,330
268062004,320
268062005,365
268062006,223
268062007,253
268062008,284
268062009,234
268062010,352
268063001,232
268063002,244
268063003,243
268063004,307
268063005,305
268063006,214
268063007,208
268063008,267
268063009,320
268063010,237
268063011,419
268063012,209
268064001,264
268064002,265
268064003,222
268064004,281
268064005,315
268064006,273
268064007,207
268064008,251
268064009,232
268064010,246
268064011,115
268064012,251
268065001,186
268065002,194
268065003,273
268065004,245
268065005,293
268065006,180
268065007,226
268065008,317
268065009,241
268065010,257
268065011,240
268065012,194
268065013,349
268065014,243
268065015,240
268066001,275
268066002,330
268066003,230
268066004,306
268066005,257
268066006,279
268066007,265
268066008,256
268066009,224
268066010,266
268066011,221
268067001,369
268067002,234
268067003,308
268067004,189
268067005,341
268067006,193
268067007,332
268067008,217
268067009,318
268067010,355
268067011,324
268067012,245
268067013,344
268067014,238
268067015,450
268068001,318
268068002,270
268068003,314
268068004,314
268068005,263
268068006,292
268068007,246
268068008,285
268068009,264
268069001,324
268069002,307
268069003,222
268069004,353
268069005,240
268069006,186
268069007,304
268069008,286
268069009,321
268070001,240
268070002,486
268070003,302
268070004,208
268070005,216
268070006,222
268070007,257
268070008,221
268070009,239
268070010,247
268070011,236
268070012,172
268070013,293
268070014,271
268070015,337
268070016,323
268070017,194
268070018,299
268070019,253
268070020,245
268070021,322
268070022/01,395
268070022/02,294
268071001,430
268071002,340
268071002/02,304
268071003,236
268071004,366
268071005,305
268071006,293
268071007,286
268071008,209
268071009,274
268071010,301
268071011,362
268071012,258
268071013,241
268071014,358
268071015,366
268071016,296
268071017,385
268071018,297
268071019,381
268071020,452
268071021,316
268071022/01,460
268071022/02,302
268071023/01,476
268071023/02,189
268071023/03,214
268071023/04,251
268071024/01,433
268071024/02,463
268071024/03,359
268071024/04,331
268071024/05,384
268071024/06,407
268071025,217
268071026/268071027/268071002/02/01,283
268071026/268071027/268071002/02/02,172
268071027/01,210
268071028,208
268071029,183
268072001,397
268072002,334
268072003,297
268072004,401
268072005,352
268072006,341
268072007,177
268072008,415
268072009,315
268072010,322
268072011,270
268072012,265
268072013/01/268072013/01,416
268072013/02,336
268072013/03,379
268072013/04,288
268072013/05,250
268072013/06,275
268072013/07,297
268072013/08,315
268072013/09,263
268072013/10,290
268072014,226
268072015,217
268073001,247
268073002,245
268073003,258
268073004,262
268073005,304
268073006,228
268073007,258
268073008,389
268073009,422
268073010,231
268073011,242
268074001,249
268074002,219
268074003,261
268074004,232
268074005,235
268074006,223
268074007,275
268074008,240
268074009,263
268074010,282
268074011,329
268074012,385
268074013,336
268074014,423
268075001,229
268075002,211
268075003,191
268075004,240
268075005,286
268075006,209
268075007,233
268075008,285
268075009,215
268075010,205
268075011,274
268076001,240
268076002,327
268076003,306
268076004,216
268076005,245
268076006,208
268076007,212
268076008,284
268076009,260
268076010,249
268076011,301
268077001,276
268077002,333
268077003,307
268077004,234
268077005,277
268077006,249
268077007,297
268077008,366
268077009,355
268077010,227
268078001,217
268078002,304
268078003,217
268078004,183
268078005,224
268078006,334
268078007,194
268078008,159
268078009,143
268078010,200
268078011,181
268078012,201
268079001,326
268079002,401
268079003,253
268079004,331
268079005,241
268079006,383
268079007/02,591
268079008,202
268080001,262
268080002,123
268080003,134
268080004,133
268080005,130
268080006,179
268080007,149
268080008,141
268080009,160
268080010,1668
268080011,169
268080012,104
268080013,98
268080014,151
268080015,203
268080016,86
268080017,143
268081001,153
268081002,228
268081003,366
268081004,314
268081005,320
268081006,172
268081007,275
268081008,266
268081009,227
268081010,192
268081011,259
268081012,333
268081013,72
268081014,116
268081015,705
268081016,184
268081017,192
268081018,163
268082001,215
268082002,498
268082003,200
268082004,190
268082005,167
268082006,290
268082007,173
268082008,154
268082009,165
268082010,346
268082011,188
268082012,211
268082013,290
268083001,227
268083002,239
268083003,274
268083004,219
268083005,189
268083006,143
268083007,252
268083008,214
268083009,223
268083010,217
268083011,202
268083012,247
268084001,197
268084002,214
268084003,202
268084004,261
268084005,264
268084006,208
268084007,365
268084008,445
268084009,231
268084010,251
268085001/01,195
268085001/03,257
268085002,168
268085003,199
268085004,182
268085005,193
268085006,180
268085007,219
268085008/01,111
268085008/02,279
268085009,292
268085010/01,113
268085010/02,454
268085011,282
268085012/268085001/02,301
268085013,215
268085014,251
268085015,200
268085016,296
268085017,256
268085018,313
268086001,184
268086002,282
268086003,219
268086004,387
268086005,341
268087001,298
268087002,299
268087003,272
268087004,261
268087005,295
268087006,253
268087007,269
268087008,202
268088001,321
268088002,248
268088003,197
268088004,344
268088005,291
268088006,350
268088007,301
268088008,289
268088009,328
268088010,364
268088011,322
268088012,323
268089001,288
268089002,205
268089003,211
268089004,200
268089005,273
268089006,213
268089007,220
268089008,110
268089009,239
268089010,170
268089011,417
268090001,341
268090002,310
268090003,204
268090004,296
268090005,312
268090006,201
268090007,239
268091001,216
268091002,246
268091003,286
268091004,299
268091005,242
268091006,202
268091007,247
268091008,222
268091009,327
268091010,361
268091011,282
268091012,205
268091013,222
268091014,176
268092001,192
268092002,201
268092003,312
268092004,216
268092005,264
268092006,240
268092007,234
268092008/01,247
268092008/02,422
268092008/03,237
268092009,165
268092010,336
268092011,132
268092012,276
268092013,264
268093001,227
268093002,199
268093003,191
268093004,373
268093005,270
268093006,269
268093007,281
268093008,190
268093009,321
268093010,212
268094001,223
268094002,191
268094003,259
268094004,283
268094005,236
268094006,322
268094007,187
268094008,223
268094009,168
268094010,316
268094011,222
268094012,195
268094013,370
268094014,305
268095001,329
268095002,203
268095003,230
268095004,244
268095005,338
268095006,333
268095007,304
268095008,302
268095009,274
268096001,533
268096002,246
268096003,174
268096004,185
268096005,140
268096006,256
268096007,184
268096008,148
268096009,195
268096010,187
268096011,160
268096012,193
268096013,235
268096014,207
268096015,168
268096016,163
268096017,168
268096018,175
268096019,164
268096020,417
268097001,334
268097002,264
268097003,188
268097004,235
268098001,255
268098002,279
268098003,285
268098004,139
268098005,226
268098006,431
268098007,190
268098008,216
268098009,254
268098010,474
268099001,243
268099002,130
268099003,129
268099004,462
268099005,136
268099006,176
268099007,244
268099008,146
268099009,214
268099010,176
268099011,193
268099012,108
268099013,229
268099014,244
268099015,259
268099016,147
268099017,160
268099018,115
268099019,354
268099020,333
268099021,145
268100001,163
268100002,179
268100003,208
268100004,258
268100005,647
268100006,218
268100007,230
268100008,127
268100009,248
268100010,123
268100011,194
268100012,179
268100013,203
268100014,246
268100015,229
268100016,202
268100017,160
268101001,267
268101002,292
268101003,194
268101004,223
268101005,247
268101006,273
268101007,168
268101008,257
268101009,654
268102001,203
268102002,346
268102003,335
268102004,145
268102005,165
268102006,235
268102007,266
268102008,235
268102009,304
268102010,158
268102011,259
268103001,414
268103002,359
268103003,165
268103004,246
268103007,231
268103008,206
268103009,445
268103010,262
268104001,1153
268104002,330
268104003,970
268104004/268104005,439
268104006,214
268104007,143
268104008,226
268104009,265
268104010,252
268104011/01,168
268104011/02,230
268104012,543
268104013,175
268104014,367
268104015,765
268104016,313
268104017,821
268105001,346
268105002,213
268105003,303
268105004,237
268105005,182
268105006,213
268105007,374
268105008,261
268105009,178
268105010,348
268105011,539
268105012,161
268105013,286
268105014,421
268105015,164
268105016/01,201
268105016/02,110
268106001,288
268106002,262
268106003,190
268106004,269
268106005,260
268106006,253
268106007,202
268106008,271
268106009,442
268106010,700
268106011,337
268106012,129
268106013,127
268106014,307
268106015,497
268106016,1238
268106017,217
268106018,288
268106019,472
268107001,251
268107002,239
268107003,186
268107004,219
268107005,333
268107006,178
268108001,243
268108002,226
268108003,238
268108004,173
268108005,203
268108006,231
268108007,184
268108008/01,125
268108008/02,347
268108008/03,307
268108009,279
268108010,198
268108011,162
268108012,278
268108013,286
268108014,109
268108015/01,167
268108015/02,153
268108016,251
268108017/01,220
268108017/02,106
268108017/03,164
268108018/268108019,259
268108020,523
268108021/01,192
268108021/02,904
268108022,208
268108023,270
268108024,190
268108025,209
268108026/01,1259
268108026/02,666
268108028,297
268108029/01,171
268108029/02,375
268109001,320
268109002,222
268109003,200
268109004,208
268109005,259
268109006,104
268109007,173
268109008,213
268109009/268109018,536
268109010,389
268109011,264
268109012,566
268109013,188
268109014,151
268109015,182
268109016,183
268109017,170
268110001,185
268110002,178
268110003,377
268110004,278
268110005,171
268110006,346
268110007,254
268110008,295
268110009,202
268110010,195
268110011,157
268110012,230
268110013,201
268110014,187
268110015,283
268110016,321
268110017,498
268110018,222
268110019,233
268110020,204
268111001,449
268111002,325
268111003,211
268111004,218
268111005,258
268111006,340
268111007,328
268111008,154
268111009,297
268111010,224
268111011,328
268111012,249
268111013,174
268111014,297
268112001,270
268112002,217
268112003,256
268112004,366
268112005,275
268112006,214
268112007,273
268112008,117
268112009,197
268112010,205
268112011,121
268112012,253
268112013,283
268112014,222
268112015,240
268112016,168
268112017,325
268112018,177
268113001,261
268113002,140
268113003,195
268113004,199
268113005,284
268113006,356
268113007,240
268113008,266
268113009,378
268113010,205
268113011,283
268113012,201
268113013,159
268113014,210
268113015,173
268113016,883
268113017/01,205
268113017/02,213
268113017/03,517
268114001,197
268114002,235
268114003,262
268114004,392
268114005,374
268114006,206
268114007,175
268114008,370
268114009,156
268114010,103
268114011,157
268114012,160
268114013,189
268114014,291
268114015,238
268114016,233
268114017,186
268115001,185
268115002,183
268115003,161
268115004,269
268115005,312
268115006,249
268115007,258
268115008,233
268115009,376
268115010,150
268115011,130
268115012,133
268115013,240
268115014,258
268115015,170
268115016,340
268115017,252
268115018,217
268115019,149
268115020,114
268115021,280
268115022,174
268115023,311
268116001,248
268116002,225
268116003,209
268116004,193
268116005,192
268116006,328
268116007,232
268116008,372
268116009,153
268116010,228
268116011,218
268116012,171
268116013,217
268116014,228
268117001,176
268117002,264
268117003,202
268117004,153
268117005,217
268117006,159
268117007,274
268117008,205
268117009,148
268117010,189
268117011,187
268117012,175
268117013,158
268117014,184
268117015,147
268117016,153
268117017,170
268117018,191
268117019,175
268117020,168
268117021,420
268117022,127
268117023,143
268118001,389
268118002,215
268118003,192
268118004,175
268118005,177
268118006,115
268118007,202
268119001,275
268119002,348
268119003,256
268119004,276
268119005,282
268119006,331
268119007,286
268119008,368
268119009,253
268119010,324
268119011,176
268119012,224
268119013/268119014,509
268119015/268119016,330
268119017,318
268119018,327
268120001,271
268120002,317
268120003,339
268120004,262
268120005,359
268120006,297
268120007,346
268120008,213
268120009,249
268121001,360
268121002,215
268121003,339
268121004,343
268121005,317
268122001,282
268122002,370
268122003,574
268122004,363
268122005,283
268122006,468
268122007,454
268123001,310
268123002,297
268123003,238
268123004,397
268123005,249
268123006,279
268123007,322
268123008,324
268123009,355
268124001/01,203
268124001/02,230
268124002,329
268124003,301
268124004,303
268124005,278
268124006,350
268124007,265
268124008,294
268125001/01,225
268125001/02,165
268125002,220
268125003,189
268125004,272
268125005,302
268125006,292
268125007,299
268125008,298
268126001,262
268126002,223
268126003,340
268126004,368
268126005,170
268126006,153
268126007,183
268126008,199
268126009,292
268126010,249
268126011,311
268126012,308
268126013,268
268126014,358
268126015,235
268127001,299
268127002,267
268127003,447
268127004,285
268127005,306
268127006,135
268127007,172
268127008,202
268127009,164
268127010/01,239
268127010/02,247
268127010/03,223
268127011,377
268127012,234
268127013,219
268127014,221
268127015,228
268127016,262
268127017,161
268127018,1080
268128001,195
268128002,215
268128003,218
268128004,175
268128005,153
268128006,196
268128007,184
268128008,117
268128009,127
268128010,106
268128011,309
268128012/01,473
268128012/02,217
268128013,175
268128014,110
268128015,234
268128016,220
268128017,250
268128018,187
268128019,156
268128020,226
268128021,163
268128022,259
268128023,140
268128024,174
268129001,219
268129002,213
268129003,307
268129004,246
268129005,187
268129006,278
268129007,176
268129008,143
268129009,165
268129010,127
268129011,238
268129012,206
268129013,131
268129014,321
268129015,185
268129016,300
268129017,315
268129018,200
268129019,262
268129020,194
268129021,291
268129022,120
268129023,209
268129024,142
268129025,218
268129026,157
268129027,155
268130001,312
268130002,299
268130003,219
268130004,252
268130005,248
268130006,275
268130007,182
268130008,162
268130009,229
268130010,335
268130011,217
268130012,227
268130013,277
268130014,250
268131001,371
268131002,340
268131003,226
268131004,239
268131005,261
268131006,164
268131007,314
268131008,301
268131009,259
268131010,280
268132001,253
268132002,306
268132003/01,250
268132003/02,399
268132004,181
268132005,217
268132006,161
268132007,183
268132008,274
268132009,173
268132010,390
268132011,127
268132012,234
268132013,213
268132014,235
268132015,220
268132016,135
268132017,169
268132018,143
268132019,234
268132020,217
268132021,261
268132022,241
268132023,164
268132024,188
268132025,223
268132026,178
268132027,146
268133001,254
268133002,188
268133003,271
268133004,241
268133005,246
268133006,266
268133007,147
268133008,161
268133009,224
268133010,254
268133011,137
268133012,335
268133013,140
268133014,211
268133015,210
268133016,247
268133017,119
268133018,167
268134001,316
268134002,221
268134003,230
268134004,432
268134005,226
268134006,141
268134007,162
268134008,129
268134009,165
268134010,202
268134011,205
268134012,152
268134013,276
268135001,215
268135002,191
268135003,162
268135004,212
268135005,212
268135006,217
268135007,168
268135008,211
268135009,117
268135010,249
268135011,225
268135012,227
268135013,138
268135014,242
268135015,139
268135016,200
268135017,97
268136001,254
268136002,293
268136003,193
268136004,213
268136005,108
268136006,284
268136007,194
268136008,267
268136009,148
268136010,163
268136011,303
268136012,175
268136013,305
268136014,242
268136015,183
268136016,205
268136017,182
268137001,309
268137002,237
268137003,163
268137004,147
268137005,182
268137006,232
268137007,224
268137008,167
268137009,243
268137010,229
268137011,144
268137012,161
268137013,155
268137014,154
268137015,196
268138001,237
268138002/01,122
268138002/02,170
268138003,300
268138004,185
268138005,490
268138006,284
268138007,405
268138008,312
268138009/01,361
268138009/02,235
268138010,253
268138011,539
268138012,314
268138013,398
268138014,321
268138015,329
268138016,623
268138017,189
268138018,302
268138019,159
268139001/268139013,552
268139002,285
268139003,301
268139004,295
268139005,238
268139006,215
268139007/268139008,258
268139009,630
268139011,372
268139012,443
268140001,174
268140002,325
268140003,223
268140004,458
268140005,210
268140006,178
268140007,177
268140008,252
268140009,341
268140010,190
268140011,445
268140012,231
268140013,257
268140014,306
268140015,693
268140016,234
268140017,369
268141001,213
268141002,418
268141003,408
268141004,301
268141005,442
268141006,178
268141007,253
268142001,185
268142002,434
268142003,88
268142004,243
268142005,184
268142006,314
268142007,350
268142008,497
268142009,936
268142010,226
268142011,135
268142012,113
268142013,188
268142014,226
268142015,181
268142016,122
268142017,137
268142018,125
268142019,168
268142020,210
268142021,230
268142022,144
268142023,296
268143001,178
268143002/268143003,323
268143004,171
268143005,169
268143006,305
268143007,274
268143008,278
268143009,236
268143010,241
268143011,327
268143012,726
268143013,365
268143014,157
268143015,186
268143016,161
268143017,259
268143018/01,230
268143018/02,191
268143019,346
268143020,234
268143021,131
268143022,288
268143023,260
268143024/01,152
268143024/02,296
268143024/03,216
268143024/04,194
268143025,387
268143026,84
268143027,190
268143028,267
268143029,217
268143030,162
268143031,119
268144001,395
268144002,221
268144003,218
268144004,275
268144005,295
268144006,352
268144007,228
268144008,314
268144009,238
268144010,260
268144011,311
268144012,233
268144013,286
268144014,171
268144015,185
268145001,188
268145002,201
268145003,291
268145004,281
268145005,120
268145006,265
268145007,364
268145008,285
268145009,190
268145010,158
268145011,172
268145012,271
268145013,311
268145014,286
268145015,363
268146001,345
268146002,285
268146003,338
268146004,282
268146005,249
268146006,238
268146007,144
268147001,266
268147002,226
268147003,290
268148001,233
268148002,269
268148003,247
268148004/01,475
268148004/02,318
268148004/03,494
268148004/04,272
268148004/05,271
268148005,551
268148006,191
268148007,226
268148008,392
268148009,209
268148010,407
268148011,251
268148012,311
268149001,156
268149002,138
268149003,191
268149004,110
268149005,244
268149006,250
268149007,191
268149008,623
268150001,335
268150002,280
268150003,257
268150004,182
268150005,207
268150006,285
268150007,187
268150008,127
268150009,224
268150010,307
268150011,285
268150012,304
268150013,363
268150014,200
268150015,206
268150016,182
268150017,138
268151001,197
268151002,181
268151003,266
268151004,275
268151005,244
268151006,152
268151007,120
268151008,233
268151009,161
268151010,197
268151011,175
268151012,189
268152001,136
268152002,244
268152003,193
268152004,262
268152005,266
268152006,84
268152007,315
268152009,264
268152010,95
268153001,160
268153002,247
268153003,174
268153004,378
268153005,151
268153006,216
268153007,176
268153008,346
268153009,945
268153010,244
268153011,206
268153012,218
268154001,252
268154002,121
268154003,261
268154004,259
268154005,340
268154006,290
268154007,244
268154008,354
268154009,340
268154010,486
268155001,273
268155002,293
268155003,279
268155004,327
268155005,352
268155006,249
268155007,241
268156001,231
268156002,261
268156003,145
268156004,228
268156005,285
268156006,200
268156007,184
268156008,299
268156009,194
268156010,244
268156011,210
268157001,242
268157002,403
268157003,403
268157004,308
268157005,212
268157006,234
268157007,281
268157008,276
268157009/268157009/02/268157009/01,243
268157010,233
268157011,81
268157012,201
268158001,375
268158002,272
268158003,353
268158004,271
268158005,238
268158006,195
268158007,246
268158008,269
268158009,195
268158010,219
268158011,206
268158012,247
268158013,199
268158014,197
268158015,258
268158016/01,137
268158016/02,310
268158016/03,147
268158017,37
268159001,196
268159002,261
268159003,207
268159004,262
268159005,321
268159006,289
268159007/01,301
268159007/02,305
268159008,194
268159009,572
268160001,338
268160002/01,183
268160002/02,611
268160003,215
268160004,273
268160005,234
268160006,237
268160007,217
268160008,202
268160009,300
268160010,249
268160011,220
268161001,352
268161002,108
268161003,110
268161004,426
268161005,308
268161006,369
268161007,154
268161008,159
268161009,152
268161010,229
268161011,278
268161012,226
268162001,281
268162002,257
268162003,207
268162004,142
268162005,257
268162006,206
268162007,265
268162008,138
268162009,223
268162010,214
268162011,181
268162012,194
268162013,266
268162014,164
268162015,193
268162016,298
268162017,181
268162018,240
